company,role,location,link,source
Fareportal,Product Manager (B2C),"Gurugram, Haryana, India",https://in.linkedin.com/jobs/view/product-manager-b2c-at-fareportal-4470153284?position=1&pageNum=0&refId=%2FoDesipwSlwk3MZBaL1wvA%3D%3D&trackingId=r6BqLXRu84YoWyvQuT%2Bl4Q%3D%3D,LINKEDIN
Wati,Senior Product Manager/Product Manager - Platform,"Chennai, Tamil Nadu, India",https://in.linkedin.com/jobs/view/senior-product-manager-product-manager-platform-at-wati-4405801999?position=2&pageNum=0&refId=%2FoDesipwSlwk3MZBaL1wvA%3D%3D&trackingId=HfozVLF6d6ad3xsJjycPGg%3D%3D,LINKEDIN
Amazon,"Senior Product Mgr - Tech, Kindle Software","Chennai, Tamil Nadu, India",https://in.linkedin.com/jobs/view/senior-product-mgr-tech-kindle-software-at-amazon-4455907977?position=3&pageNum=0&refId=%2FoDesipwSlwk3MZBaL1wvA%3D%3D&trackingId=InlpsQfCV6%2FrTuE1JUdPBA%3D%3D,LINKEDIN
Zyris AI,"Product Manager, Platform","Bengaluru East, Karnataka, India",https://in.linkedin.com/jobs/view/product-manager-platform-at-zyris-ai-4447358082?position=4&pageNum=0&refId=%2FoDesipwSlwk3MZBaL1wvA%3D%3D&trackingId=ryBJeYcZ1Yc1i55gZpBLZQ%3D%3D,LINKEDIN
PhonePe,"Senior Product Manager, Insurance","Bengaluru, Karnataka, India",https://in.linkedin.com/jobs/view/senior-product-manager-insurance-at-phonepe-4469710479?position=5&pageNum=0&refId=%2FoDesipwSlwk3MZBaL1wvA%3D%3D&trackingId=11BKPysmpPdvuwd0XbXRKw%3D%3D,LINKEDIN
Appian,Product Manager II - Cloud Infrastructure,"Chennai, Tamil Nadu, India",https://in.linkedin.com/jobs/view/product-manager-ii-cloud-infrastructure-at-appian-4422473108?position=6&pageNum=0&refId=%2FoDesipwSlwk3MZBaL1wvA%3D%3D&trackingId=xuI6X2abqNn0FaNiqjt8Aw%3D%3D,LINKEDIN
Amazon,"Sr. Product Manager - Tech, Purchase Experience, Amazon Books","Chennai, Tamil Nadu, India",https://in.linkedin.com/jobs/view/sr-product-manager-tech-purchase-experience-amazon-books-at-amazon-4475579181?position=7&pageNum=0&refId=%2FoDesipwSlwk3MZBaL1wvA%3D%3D&trackingId=fv8eJkuAY9jXgTM%2Fr%2FYX%2Fw%3D%3D,LINKEDIN
Finkraft,Product Manager — Travel & Hospitality Tech,"Bangalore Urban, Karnataka, India",https://in.linkedin.com/jobs/view/product-manager-%E2%80%94-travel-hospitality-tech-at-finkraft-4434974709?position=8&pageNum=0&refId=%2FoDesipwSlwk3MZBaL1wvA%3D%3D&trackingId=m5npBYirPXclwYVXygCagA%3D%3D,LINKEDIN
Google,"Product Manager II, Google Workspace","Bengaluru, Karnataka, India",https://in.linkedin.com/jobs/view/product-manager-ii-google-workspace-at-google-4473382417?position=9&pageNum=0&refId=%2FoDesipwSlwk3MZBaL1wvA%3D%3D&trackingId=WtCvyN18l7cGwCK8oMpzrg%3D%3D,LINKEDIN
Google,"Product Manager, Google Pay","Bengaluru, Karnataka, India",https://in.linkedin.com/jobs/view/product-manager-google-pay-at-google-4470392237?position=10&pageNum=0&refId=%2FoDesipwSlwk3MZBaL1wvA%3D%3D&trackingId=R9icdN1yh00woX7zvHuQaw%3D%3D,LINKEDIN
Park+,Product Manager,"Gurugram, Haryana, India",https://in.linkedin.com/jobs/view/product-manager-at-park%2B-4473723466?position=1&pageNum=2&refId=8FEzj77GvHBg%2FS9O9CikYw%3D%3D&trackingId=mwmDzam5orrl5ZljMDMGzA%3D%3D,LINKEDIN
Ecolibrium,Senior Product Manager,"Bangalore Urban, Karnataka, India",https://in.linkedin.com/jobs/view/senior-product-manager-at-ecolibrium-4462517915?position=2&pageNum=2&refId=8FEzj77GvHBg%2FS9O9CikYw%3D%3D&trackingId=lW5NUW%2FBZpdhA7EweBV8bg%3D%3D,LINKEDIN
Global HealthX,Product Manager,"Hyderabad, Telangana, India",https://in.linkedin.com/jobs/view/product-manager-at-global-healthx-4472916664?position=3&pageNum=2&refId=8FEzj77GvHBg%2FS9O9CikYw%3D%3D&trackingId=rjIKqq1li28x%2FOAJ4nGhJA%3D%3D,LINKEDIN
LogiNext,Senior Product Manager,"Mumbai, Maharashtra, India",https://in.linkedin.com/jobs/view/senior-product-manager-at-loginext-4450104301?position=4&pageNum=2&refId=8FEzj77GvHBg%2FS9O9CikYw%3D%3D&trackingId=ZerqiB690rflYlnIWFIVmw%3D%3D,LINKEDIN
Cashfree,Product Manager- 2,"Bengaluru, Karnataka, India",https://in.linkedin.com/jobs/view/product-manager-2-at-cashfree-4469455182?position=5&pageNum=2&refId=8FEzj77GvHBg%2FS9O9CikYw%3D%3D&trackingId=hRC4eB67UfDyId%2BfwFHLzQ%3D%3D,LINKEDIN
Pragmatike,Product Manager – AI Security,"Chennai, Tamil Nadu, India",https://in.linkedin.com/jobs/view/product-manager-%E2%80%93-ai-security-at-pragmatike-4467865476?position=6&pageNum=2&refId=8FEzj77GvHBg%2FS9O9CikYw%3D%3D&trackingId=wt3p34Qd4sKWglPpQcOTRQ%3D%3D,LINKEDIN
SymphonyAI,SymphonyAI - Product Manager,"Bengaluru, Karnataka, India",https://in.linkedin.com/jobs/view/symphonyai-product-manager-at-symphonyai-4438544401?position=7&pageNum=2&refId=8FEzj77GvHBg%2FS9O9CikYw%3D%3D&trackingId=63mjNRbYK%2Fsow0AKNdT6eQ%3D%3D,LINKEDIN
Appian,Senior Product Manager - API's,"Chennai, Tamil Nadu, India",https://in.linkedin.com/jobs/view/senior-product-manager-api-s-at-appian-4422462234?position=8&pageNum=2&refId=8FEzj77GvHBg%2FS9O9CikYw%3D%3D&trackingId=i6t3qVCjrtr3ZXHtrL5Pww%3D%3D,LINKEDIN
Syook,Product Manager,"Noida, Uttar Pradesh, India",https://in.linkedin.com/jobs/view/product-manager-at-syook-4436944607?position=9&pageNum=2&refId=8FEzj77GvHBg%2FS9O9CikYw%3D%3D&trackingId=dnjs7bcN1oVjj2SrTRonJQ%3D%3D,LINKEDIN
INDmoney,Senior Product Manager — Trading & Derivative Products,"Gurugram, Haryana, India",https://in.linkedin.com/jobs/view/senior-product-manager-%E2%80%94-trading-derivative-products-at-indmoney-4472716066?position=10&pageNum=2&refId=8FEzj77GvHBg%2FS9O9CikYw%3D%3D&trackingId=vMZEEYx3NmdQjZFoK3xx3Q%3D%3D,LINKEDIN
Addepar,Sr. Product Manager - Trading,"Pune District, Maharashtra, India",https://in.linkedin.com/jobs/view/sr-product-manager-trading-at-addepar-4475852136?position=1&pageNum=5&refId=RUZlvy6p8r%2BNE2hSQ1JBwg%3D%3D&trackingId=Fk586UpOwr2sRNTSCAptUw%3D%3D,LINKEDIN
IDFC FIRST Bank,Product Manager-Debit Cards,"Mumbai, Maharashtra, India",https://in.linkedin.com/jobs/view/product-manager-debit-cards-at-idfc-first-bank-4474623285?position=2&pageNum=5&refId=RUZlvy6p8r%2BNE2hSQ1JBwg%3D%3D&trackingId=Kuo%2BaUpdm1Ce%2BUBKK7T30A%3D%3D,LINKEDIN
Binary Semantics Ltd.,Product Manager,"Gurugram, Haryana, India",https://in.linkedin.com/jobs/view/product-manager-at-binary-semantics-ltd-4470157466?position=3&pageNum=5&refId=RUZlvy6p8r%2BNE2hSQ1JBwg%3D%3D&trackingId=3iG7Wk48bVYXkCKD3%2Bt8RQ%3D%3D,LINKEDIN
OnArrival,Product Manager (Flights),"Bengaluru, Karnataka, India",https://in.linkedin.com/jobs/view/product-manager-flights-at-onarrival-4470308159?position=4&pageNum=5&refId=RUZlvy6p8r%2BNE2hSQ1JBwg%3D%3D&trackingId=g3Yb7EkqZ3D0zKEkdQ9mNQ%3D%3D,LINKEDIN
Priceline,Senior Product Manager,"Mumbai, Maharashtra, India",https://in.linkedin.com/jobs/view/senior-product-manager-at-priceline-4425296556?position=5&pageNum=5&refId=RUZlvy6p8r%2BNE2hSQ1JBwg%3D%3D&trackingId=l7S7%2BrXPKKduC6b1MSVVVA%3D%3D,LINKEDIN
Ema,Product Manager,"Bengaluru, Karnataka, India",https://in.linkedin.com/jobs/view/product-manager-at-ema-4454658110?position=6&pageNum=5&refId=RUZlvy6p8r%2BNE2hSQ1JBwg%3D%3D&trackingId=U8Y1WkifzAv5YD3C62wYfA%3D%3D,LINKEDIN
eBay,"Sr. Product Manager, Digital Services AI","Bengaluru, Karnataka, India",https://in.linkedin.com/jobs/view/sr-product-manager-digital-services-ai-at-ebay-4472695766?position=7&pageNum=5&refId=RUZlvy6p8r%2BNE2hSQ1JBwg%3D%3D&trackingId=xgzFBzXvTIM4Stk7YF3CGg%3D%3D,LINKEDIN
Mihup.ai,Product Manager - AI,"Bengaluru, Karnataka, India",https://in.linkedin.com/jobs/view/product-manager-ai-at-mihup-ai-4422399733?position=8&pageNum=5&refId=RUZlvy6p8r%2BNE2hSQ1JBwg%3D%3D&trackingId=9qNdII9cizNLgiHWisyO8g%3D%3D,LINKEDIN
Razorpay,Product Manager II - Ads,"Bengaluru, Karnataka, India",https://in.linkedin.com/jobs/view/product-manager-ii-ads-at-razorpay-4463230697?position=9&pageNum=5&refId=RUZlvy6p8r%2BNE2hSQ1JBwg%3D%3D&trackingId=BGxWHXj6nRtYZvG4HiwF7Q%3D%3D,LINKEDIN
Meesho,Product Manager II,"Bengaluru, Karnataka, India",https://in.linkedin.com/jobs/view/product-manager-ii-at-meesho-4475817833?position=10&pageNum=5&refId=RUZlvy6p8r%2BNE2hSQ1JBwg%3D%3D&trackingId=KCHl0IA8wHUX6KWCjlTJkw%3D%3D,LINKEDIN
Airtel Payments Bank,Senior Product Manager,"Gurugram, Haryana, India",https://in.linkedin.com/jobs/view/senior-product-manager-at-airtel-payments-bank-4471434874?position=1&pageNum=7&refId=wfCSLVaWYsxAb0E2XIKWjA%3D%3D&trackingId=cGFtlZOQaPgatmtwfPuq4w%3D%3D,LINKEDIN
WisdomAI,Product Manager,"Bengaluru, Karnataka, India",https://in.linkedin.com/jobs/view/product-manager-at-wisdomai-4395154145?position=2&pageNum=7&refId=wfCSLVaWYsxAb0E2XIKWjA%3D%3D&trackingId=GKREzDl8w%2FR6hMWESrnZ%2BQ%3D%3D,LINKEDIN
Hero Vired,"Senior Product Manager - AI-First Learning, Careers & Apprenticeships","Gurugram, Haryana, India",https://in.linkedin.com/jobs/view/senior-product-manager-ai-first-learning-careers-apprenticeships-at-hero-vired-4466991077?position=3&pageNum=7&refId=wfCSLVaWYsxAb0E2XIKWjA%3D%3D&trackingId=mgZD%2FyeIrtbsjmrmqK%2F3hg%3D%3D,LINKEDIN
Nightfall AI,Senior Product Manager,"Bengaluru, Karnataka, India",https://in.linkedin.com/jobs/view/senior-product-manager-at-nightfall-ai-4427505030?position=4&pageNum=7&refId=wfCSLVaWYsxAb0E2XIKWjA%3D%3D&trackingId=q1O%2B10ImWaP5Rrr44EHyWA%3D%3D,LINKEDIN
Cvent,Product Manager II,"Gurugram, Haryana, India",https://in.linkedin.com/jobs/view/product-manager-ii-at-cvent-4467609076?position=5&pageNum=7&refId=wfCSLVaWYsxAb0E2XIKWjA%3D%3D&trackingId=KDcW3zaRFBgr4mo%2BNi%2BZbA%3D%3D,LINKEDIN
Warner Music Group,Product Manager,"Bengaluru, Karnataka, India",https://in.linkedin.com/jobs/view/product-manager-at-warner-music-group-4445278054?position=6&pageNum=7&refId=wfCSLVaWYsxAb0E2XIKWjA%3D%3D&trackingId=XlhYXbbdTy9cF3hjNv7KWg%3D%3D,LINKEDIN
Shipsoft Solutions,Product Manager,"Chennai, Tamil Nadu, India",https://in.linkedin.com/jobs/view/product-manager-at-shipsoft-solutions-4472527492?position=7&pageNum=7&refId=wfCSLVaWYsxAb0E2XIKWjA%3D%3D&trackingId=8kyW7R0F6AC59Jn7YeCQMA%3D%3D,LINKEDIN
Priceline,Product Manager,"Mumbai, Maharashtra, India",https://in.linkedin.com/jobs/view/product-manager-at-priceline-4463853506?position=8&pageNum=7&refId=wfCSLVaWYsxAb0E2XIKWjA%3D%3D&trackingId=SGBQxCtUTr4QzTbsN3pwQg%3D%3D,LINKEDIN
ATLAS Enterprise Software,Product Manager (Remote) –,"Nirsa, Jharkhand, India",https://in.linkedin.com/jobs/view/product-manager-remote-%E2%80%93-at-atlas-enterprise-software-4428552185?position=9&pageNum=7&refId=wfCSLVaWYsxAb0E2XIKWjA%3D%3D&trackingId=Ltv0MI%2BKcuDCefwvOs4YbA%3D%3D,LINKEDIN
OnGrid,Product Manager - I,"Gurugram, Haryana, India",https://in.linkedin.com/jobs/view/product-manager-i-at-ongrid-4459879217?position=10&pageNum=7&refId=wfCSLVaWYsxAb0E2XIKWjA%3D%3D&trackingId=wEtBaUBySzL2E9KVsuHyLg%3D%3D,LINKEDIN
FRND,Associate Product Manager,"Bengaluru, Karnataka, India",https://in.linkedin.com/jobs/view/associate-product-manager-at-frnd-4464312490?position=1&pageNum=0&refId=9WPZeYbtCduVY%2BQapeQypw%3D%3D&trackingId=%2ByQTlr1KnzBgkSAgAoPjqw%3D%3D,LINKEDIN
Sustainiam,Associate Product Manager,"Noida, Uttar Pradesh, India",https://in.linkedin.com/jobs/view/associate-product-manager-at-sustainiam-4432147011?position=2&pageNum=0&refId=9WPZeYbtCduVY%2BQapeQypw%3D%3D&trackingId=4TX1pquXh4w%2B2eTq5zvVWg%3D%3D,LINKEDIN
Navi,Associate Product Manager,"Bengaluru, Karnataka, India",https://in.linkedin.com/jobs/view/associate-product-manager-at-navi-4472516899?position=3&pageNum=0&refId=9WPZeYbtCduVY%2BQapeQypw%3D%3D&trackingId=WZugfxGi%2FNu3LQijUnEuqA%3D%3D,LINKEDIN
Beam AI,Associate Product Manager,"Noida, Uttar Pradesh, India",https://in.linkedin.com/jobs/view/associate-product-manager-at-beam-ai-4448028092?position=4&pageNum=0&refId=9WPZeYbtCduVY%2BQapeQypw%3D%3D&trackingId=9hrwAikJmt1vTAnuXRqQJw%3D%3D,LINKEDIN
Linearloop,Associate Product Manager,"Ahmedabad, Gujarat, India",https://in.linkedin.com/jobs/view/associate-product-manager-at-linearloop-4409924514?position=5&pageNum=0&refId=9WPZeYbtCduVY%2BQapeQypw%3D%3D&trackingId=xXW4vin%2BO1X0CafqO%2FiVUA%3D%3D,LINKEDIN
Flick2Know,Associate Product Manager APM,"Gurugram, Haryana, India",https://in.linkedin.com/jobs/view/associate-product-manager-apm-at-flick2know-4434481129?position=6&pageNum=0&refId=9WPZeYbtCduVY%2BQapeQypw%3D%3D&trackingId=0G2eBtGicb1qG%2FbZuzvtPQ%3D%3D,LINKEDIN
Osfin.ai,Associate Product Manager,"Bengaluru East, Karnataka, India",https://in.linkedin.com/jobs/view/associate-product-manager-at-osfin-ai-4466191892?position=7&pageNum=0&refId=9WPZeYbtCduVY%2BQapeQypw%3D%3D&trackingId=3u%2B9XziMEj4tvZILQdcC8A%3D%3D,LINKEDIN
Blitz,Associate Product Manager,"Bengaluru, Karnataka, India",https://in.linkedin.com/jobs/view/associate-product-manager-at-blitz-4466810521?position=8&pageNum=0&refId=9WPZeYbtCduVY%2BQapeQypw%3D%3D&trackingId=YflLoDXSKhQJACgmKrc9Og%3D%3D,LINKEDIN
Swish,Associate Product Manager,"Bengaluru, Karnataka, India",https://in.linkedin.com/jobs/view/associate-product-manager-at-swish-4472307965?position=9&pageNum=0&refId=9WPZeYbtCduVY%2BQapeQypw%3D%3D&trackingId=ujYq3klNNci%2F4BDxrLh7NA%3D%3D,LINKEDIN
Jar,Associate Product Manager - Nek,"Bengaluru, Karnataka, India",https://in.linkedin.com/jobs/view/associate-product-manager-nek-at-jar-4469390613?position=10&pageNum=0&refId=9WPZeYbtCduVY%2BQapeQypw%3D%3D&trackingId=35fUbpS0tIftyR2A%2BcEC6w%3D%3D,LINKEDIN
Zepto,Product Manager,"Bengaluru, Karnataka, India",https://in.linkedin.com/jobs/view/product-manager-at-zepto-4474040649?position=1&pageNum=2&refId=9wdMEuYX3bKFtZRHMX%2B1rQ%3D%3D&trackingId=wZnIhzvuSGUnycQ1XUsM6Q%3D%3D,LINKEDIN
airtel,Associate Product Manager,"Gurugram, Haryana, India",https://in.linkedin.com/jobs/view/associate-product-manager-at-airtel-4464763848?position=2&pageNum=2&refId=9wdMEuYX3bKFtZRHMX%2B1rQ%3D%3D&trackingId=t9%2FDOP3iOmIk8j8BOWGF4g%3D%3D,LINKEDIN
ClickPost,Associate Product Manager,"Bengaluru, Karnataka, India",https://in.linkedin.com/jobs/view/associate-product-manager-at-clickpost-4469385999?position=3&pageNum=2&refId=9wdMEuYX3bKFtZRHMX%2B1rQ%3D%3D&trackingId=qQ3kMgyeaVUr07jx4dR6iw%3D%3D,LINKEDIN
Improzo,Associate Product Manager (APM),"Pune Division, Maharashtra, India",https://in.linkedin.com/jobs/view/associate-product-manager-apm-at-improzo-4472503647?position=4&pageNum=2&refId=9wdMEuYX3bKFtZRHMX%2B1rQ%3D%3D&trackingId=jBBKlsy%2F%2Fr%2BXya35wyHjAw%3D%3D,LINKEDIN
Jobgether,Associate Product Manager / Product Manager — Over-the-Road Visibility,India,https://in.linkedin.com/jobs/view/associate-product-manager-product-manager-%E2%80%94-over-the-road-visibility-at-jobgether-4472876077?position=5&pageNum=2&refId=9wdMEuYX3bKFtZRHMX%2B1rQ%3D%3D&trackingId=e43908gJFkmH7orxHTCt6A%3D%3D,LINKEDIN
Northern Trust,Associate Product Manager,"Pune Division, Maharashtra, India",https://in.linkedin.com/jobs/view/associate-product-manager-at-northern-trust-4473662052?position=6&pageNum=2&refId=9wdMEuYX3bKFtZRHMX%2B1rQ%3D%3D&trackingId=%2BKzc2nItL9frCDiPBBwe3g%3D%3D,LINKEDIN
Nuclei,Associate Product Manager - Travel,India,https://in.linkedin.com/jobs/view/associate-product-manager-travel-at-nuclei-4453263883?position=7&pageNum=2&refId=9wdMEuYX3bKFtZRHMX%2B1rQ%3D%3D&trackingId=ZfjWW0L4vjgnZ6Pjln8Aww%3D%3D,LINKEDIN
iServeU,Jr. Product Associate/Product Associate,"Bhubaneswar, Odisha, India",https://in.linkedin.com/jobs/view/jr-product-associate-product-associate-at-iserveu-4453114596?position=8&pageNum=2&refId=9wdMEuYX3bKFtZRHMX%2B1rQ%3D%3D&trackingId=s9fm7G7iCKBLtgeGPcnpOg%3D%3D,LINKEDIN
MakeMyTrip,Associate Product Manager (Flights),"Gurgaon, Haryana, India",https://in.linkedin.com/jobs/view/associate-product-manager-flights-at-makemytrip-4455776575?position=9&pageNum=2&refId=9wdMEuYX3bKFtZRHMX%2B1rQ%3D%3D&trackingId=I401f51On8hJNweBHyPebw%3D%3D,LINKEDIN
IDfy,Associate Product Manager 2,Mumbai Metropolitan Region,https://in.linkedin.com/jobs/view/associate-product-manager-2-at-idfy-4472740400?position=10&pageNum=2&refId=9wdMEuYX3bKFtZRHMX%2B1rQ%3D%3D&trackingId=ZpjWjGnJvFVkAH%2F3RtJ9kg%3D%3D,LINKEDIN
Airtel Digital,Associate Product Manager,"Gurugram, Haryana, India",https://in.linkedin.com/jobs/view/associate-product-manager-at-airtel-digital-4468516890?position=1&pageNum=5&refId=of1iqtQU24jkHjdhZIddXg%3D%3D&trackingId=%2FsRb7GMd73cbXKZQGDOgbw%3D%3D,LINKEDIN
Tesco Technology,Associate Product Manager,"Bengaluru, Karnataka, India",https://in.linkedin.com/jobs/view/associate-product-manager-at-tesco-technology-4474245956?position=2&pageNum=5&refId=of1iqtQU24jkHjdhZIddXg%3D%3D&trackingId=jgQ3AbPMLHcLSBkwA2JcWA%3D%3D,LINKEDIN
Abracon,Associate Product Manager - RF & Antenna,"Bengaluru, Karnataka, India",https://in.linkedin.com/jobs/view/associate-product-manager-rf-antenna-at-abracon-4461156299?position=3&pageNum=5&refId=of1iqtQU24jkHjdhZIddXg%3D%3D&trackingId=uGrzfDWCCfVGpTLTWsjhNg%3D%3D,LINKEDIN
Abracon,Associate Product Manager - Power & Magnetics,"Bengaluru, Karnataka, India",https://in.linkedin.com/jobs/view/associate-product-manager-power-magnetics-at-abracon-4461156298?position=4&pageNum=5&refId=of1iqtQU24jkHjdhZIddXg%3D%3D&trackingId=FyHdpQ5XkOoWSuI3OhigUg%3D%3D,LINKEDIN
PayU,Product Manager - SMB Lending,Mumbai Metropolitan Region,https://in.linkedin.com/jobs/view/product-manager-smb-lending-at-payu-4443677909?position=5&pageNum=5&refId=of1iqtQU24jkHjdhZIddXg%3D%3D&trackingId=skF9foTdhbMw2W1nTdqfgw%3D%3D,LINKEDIN
Wadhwani AI Global,Associate Product Manager,"Delhi, Delhi, India",https://in.linkedin.com/jobs/view/associate-product-manager-at-wadhwani-ai-global-4460994322?position=6&pageNum=5&refId=of1iqtQU24jkHjdhZIddXg%3D%3D&trackingId=wuYBcWmd%2F7LOwiwoTW%2BUag%3D%3D,LINKEDIN
InMobi Advertising,Associate Product Manager - MSD Financial Systems and Transformation.,"Bengaluru, Karnataka, India",https://in.linkedin.com/jobs/view/associate-product-manager-msd-financial-systems-and-transformation-at-inmobi-advertising-4465026561?position=7&pageNum=5&refId=of1iqtQU24jkHjdhZIddXg%3D%3D&trackingId=iIfFANGzHMKX%2F1KjhRJaLQ%3D%3D,LINKEDIN
Zepto,Associate Product Manager – Planning,"Bengaluru, Karnataka, India",https://in.linkedin.com/jobs/view/associate-product-manager-%E2%80%93-planning-at-zepto-4468586793?position=8&pageNum=5&refId=of1iqtQU24jkHjdhZIddXg%3D%3D&trackingId=B88oR67R6C%2Fntrj4nNvevw%3D%3D,LINKEDIN
Morgan Stanley,"Product Owner - SBL: Collateral/ self directed Digital LAL, Platforms, Associate, Wealth Management","Mumbai, Maharashtra, India",https://in.linkedin.com/jobs/view/product-owner-sbl-collateral-self-directed-digital-lal-platforms-associate-wealth-management-at-morgan-stanley-4454082731?position=9&pageNum=5&refId=of1iqtQU24jkHjdhZIddXg%3D%3D&trackingId=kGiLADT6nTWatXnAML3KxQ%3D%3D,LINKEDIN
Amgen,Associate Product Owner - Digital Authoring Platform,"Hyderabad, Telangana, India",https://in.linkedin.com/jobs/view/associate-product-owner-digital-authoring-platform-at-amgen-4436363192?position=10&pageNum=5&refId=of1iqtQU24jkHjdhZIddXg%3D%3D&trackingId=lGS9ahsJ2drYsyagaVAYHg%3D%3D,LINKEDIN
Arcesium,Product Specialist - UBOR,"Hyderabad, Telangana, India",https://in.linkedin.com/jobs/view/product-specialist-ubor-at-arcesium-4471507216?position=1&pageNum=7&refId=LLsG7lfwTR8n7DseX29ZtA%3D%3D&trackingId=%2Bkc%2FXWIdntqEWnSJDUzMQQ%3D%3D,LINKEDIN
Procter & Gamble,Product Manager,Mumbai Metropolitan Region,https://in.linkedin.com/jobs/view/product-manager-at-procter-gamble-4470874541?position=2&pageNum=7&refId=LLsG7lfwTR8n7DseX29ZtA%3D%3D&trackingId=hsRQ%2F%2F6WDjoT%2BEk2mA5ILg%3D%3D,LINKEDIN
"Revantage, A Blackstone Portfolio Company","Sr. Associate, Product Management","Bengaluru, Karnataka, India",https://in.linkedin.com/jobs/view/sr-associate-product-management-at-revantage-a-blackstone-portfolio-company-4470472722?position=3&pageNum=7&refId=LLsG7lfwTR8n7DseX29ZtA%3D%3D&trackingId=NzkSUoAzMUBzDRQtJYFl7Q%3D%3D,LINKEDIN
Voy,Product Manager,"Delhi, India",https://in.linkedin.com/jobs/view/product-manager-at-voy-4466654860?position=4&pageNum=7&refId=LLsG7lfwTR8n7DseX29ZtA%3D%3D&trackingId=C8PpojmPFbX%2Fx6xtcHpQjA%3D%3D,LINKEDIN
DBS Bank,"Senior Associate, Product Manager PLAP, Consumer Banking Group",Mumbai Metropolitan Region,https://in.linkedin.com/jobs/view/senior-associate-product-manager-plap-consumer-banking-group-at-dbs-bank-4443367545?position=5&pageNum=7&refId=LLsG7lfwTR8n7DseX29ZtA%3D%3D&trackingId=D81GIwIoZXnZkSxnHIrG2Q%3D%3D,LINKEDIN
TriNet,Product Manager,"Hyderabad, Telangana, India",https://in.linkedin.com/jobs/view/product-manager-at-trinet-4470406873?position=6&pageNum=7&refId=LLsG7lfwTR8n7DseX29ZtA%3D%3D&trackingId=4%2Fqb2CKhIdmrAzoxjq%2BSvA%3D%3D,LINKEDIN
Nians,Product Manager,"Gurugram, Haryana, India",https://in.linkedin.com/jobs/view/product-manager-at-nians-4449769845?position=7&pageNum=7&refId=LLsG7lfwTR8n7DseX29ZtA%3D%3D&trackingId=4aAxC9mdShZJMoUENhROWg%3D%3D,LINKEDIN
BabyBillion,Product Manager,"Bengaluru, Karnataka, India",https://in.linkedin.com/jobs/view/product-manager-at-babybillion-4475315365?position=8&pageNum=7&refId=LLsG7lfwTR8n7DseX29ZtA%3D%3D&trackingId=fwL1jT%2FzHWr0E%2FgaPNt3ZA%3D%3D,LINKEDIN
Procter & Gamble,Digital Product Manager,"Hyderabad, Telangana, India",https://in.linkedin.com/jobs/view/digital-product-manager-at-procter-gamble-4462524386?position=9&pageNum=7&refId=LLsG7lfwTR8n7DseX29ZtA%3D%3D&trackingId=JbRtIsm94ZlQiV2tQyHIFA%3D%3D,LINKEDIN
Olyv,Product Manager,"Bengaluru East, Karnataka, India",https://in.linkedin.com/jobs/view/product-manager-at-olyv-4398107725?position=10&pageNum=7&refId=LLsG7lfwTR8n7DseX29ZtA%3D%3D&trackingId=FaD7q9%2FcxuqzhVN%2FJasrKQ%3D%3D,LINKEDIN
Amazon,"Senior Product Mgr - Tech, Kindle Software","Chennai, Tamil Nadu, India",https://in.linkedin.com/jobs/view/senior-product-mgr-tech-kindle-software-at-amazon-4455907977?position=1&pageNum=0&refId=cCyPCqedkkKWf9THZozqjg%3D%3D&trackingId=y9n7grEaY4ec89iTvzLZwQ%3D%3D,LINKEDIN
Pidge,Senior Product Manager,"Gurugram, Haryana, India",https://in.linkedin.com/jobs/view/senior-product-manager-at-pidge-4470402848?position=2&pageNum=0&refId=cCyPCqedkkKWf9THZozqjg%3D%3D&trackingId=0%2Bpl0A4yLcQ9A93I0GYUTA%3D%3D,LINKEDIN
The Sleep Company,Senior Product Manager,Mumbai Metropolitan Region,https://in.linkedin.com/jobs/view/senior-product-manager-at-the-sleep-company-4473704863?position=3&pageNum=0&refId=cCyPCqedkkKWf9THZozqjg%3D%3D&trackingId=HnomREA7On1RMFvrP%2B4wig%3D%3D,LINKEDIN
Uber,"Sr Product Manager, Tech - Product","Bengaluru, Karnataka, India",https://in.linkedin.com/jobs/view/sr-product-manager-tech-product-at-uber-4440555733?position=4&pageNum=0&refId=cCyPCqedkkKWf9THZozqjg%3D%3D&trackingId=rRVATho%2FT7RQHMZjTEhB5g%3D%3D,LINKEDIN
Wati,Senior Product Manager/Product Manager - Platform,"Chennai, Tamil Nadu, India",https://in.linkedin.com/jobs/view/senior-product-manager-product-manager-platform-at-wati-4405801999?position=5&pageNum=0&refId=cCyPCqedkkKWf9THZozqjg%3D%3D&trackingId=PDxYAlE00qMGI1Xs9vPa7g%3D%3D,LINKEDIN
INDmoney,Senior Product Manager — Trading & Derivative Products,"Gurugram, Haryana, India",https://in.linkedin.com/jobs/view/senior-product-manager-%E2%80%94-trading-derivative-products-at-indmoney-4472716066?position=6&pageNum=0&refId=cCyPCqedkkKWf9THZozqjg%3D%3D&trackingId=iEs%2FhJEjY2z%2FHTmupJDriw%3D%3D,LINKEDIN
Google,"Senior Product Manager, Geo Local Data Next Billion Users","Bengaluru, Karnataka, India",https://in.linkedin.com/jobs/view/senior-product-manager-geo-local-data-next-billion-users-at-google-4474612649?position=7&pageNum=0&refId=cCyPCqedkkKWf9THZozqjg%3D%3D&trackingId=dFktq9LhyyZj2X474HXdFg%3D%3D,LINKEDIN
Addepar,Sr. Product Manager - Trading,"Pune District, Maharashtra, India",https://in.linkedin.com/jobs/view/sr-product-manager-trading-at-addepar-4475852136?position=8&pageNum=0&refId=cCyPCqedkkKWf9THZozqjg%3D%3D&trackingId=Z4aXpo37DF%2BQaESSulTRuQ%3D%3D,LINKEDIN
Albertsons Companies India,Senior Digital Product Manager [T500-29692],"Bengaluru, Karnataka, India",https://in.linkedin.com/jobs/view/senior-digital-product-manager-t500-29692-at-albertsons-companies-india-4469669766?position=9&pageNum=0&refId=cCyPCqedkkKWf9THZozqjg%3D%3D&trackingId=JbxxL0rqE2DkupsNpCJFSw%3D%3D,LINKEDIN
eBay,"Sr. Product Manager, Digital Services AI","Bengaluru, Karnataka, India",https://in.linkedin.com/jobs/view/sr-product-manager-digital-services-ai-at-ebay-4472695766?position=10&pageNum=0&refId=cCyPCqedkkKWf9THZozqjg%3D%3D&trackingId=tVwAcNvsqQSWh07nbdHqWQ%3D%3D,LINKEDIN
Publicis Sapient,Senior Product Manager,"Pune Division, Maharashtra, India",https://in.linkedin.com/jobs/view/senior-product-manager-at-publicis-sapient-4444183415?position=1&pageNum=2&refId=dBB5Cdfst6ZnW2reLF2Bxw%3D%3D&trackingId=UrwmXQFwfdkMvS%2FPO%2BAjYw%3D%3D,LINKEDIN
Optum India,Senior Product Manager -US Healthcare IT product,"Hyderabad, Telangana, India",https://in.linkedin.com/jobs/view/senior-product-manager-us-healthcare-it-product-at-optum-india-4474533375?position=2&pageNum=2&refId=dBB5Cdfst6ZnW2reLF2Bxw%3D%3D&trackingId=NzXbLuuxTrKstFFs946RZQ%3D%3D,LINKEDIN
Sustainiam,Senior Product Manager,"Noida, Uttar Pradesh, India",https://in.linkedin.com/jobs/view/senior-product-manager-at-sustainiam-4432142034?position=3&pageNum=2&refId=dBB5Cdfst6ZnW2reLF2Bxw%3D%3D&trackingId=dSvxBB7JpKev995LXhSF5w%3D%3D,LINKEDIN
IBS Software,Senior Product Manager – Freight Forwarding / 3PL,"Bengaluru, Karnataka, India",https://in.linkedin.com/jobs/view/senior-product-manager-%E2%80%93-freight-forwarding-3pl-at-ibs-software-4463876710?position=4&pageNum=2&refId=dBB5Cdfst6ZnW2reLF2Bxw%3D%3D&trackingId=qxFC5bIO6v0njgHarCV02w%3D%3D,LINKEDIN
AppsForBharat,Senior Product Manager,Greater Bengaluru Area,https://in.linkedin.com/jobs/view/senior-product-manager-at-appsforbharat-4458717500?position=5&pageNum=2&refId=dBB5Cdfst6ZnW2reLF2Bxw%3D%3D&trackingId=48XTi5WnHMji1sI%2Fq5IDbg%3D%3D,LINKEDIN
Greenlight,Senior Product Manager,"Bengaluru, Karnataka, India",https://in.linkedin.com/jobs/view/senior-product-manager-at-greenlight-4468366579?position=6&pageNum=2&refId=dBB5Cdfst6ZnW2reLF2Bxw%3D%3D&trackingId=hg1J0b59WKbCrgfOreQ8uQ%3D%3D,LINKEDIN
Cohesity,Senior Product Manager,"Bangalore Rural, Karnataka, India",https://in.linkedin.com/jobs/view/senior-product-manager-at-cohesity-4472485663?position=7&pageNum=2&refId=dBB5Cdfst6ZnW2reLF2Bxw%3D%3D&trackingId=qa8cXObM9tUuusnzeO3U9Q%3D%3D,LINKEDIN
Loyalty Juggernaut,Senior Product Manager,"Hyderabad, Telangana, India",https://in.linkedin.com/jobs/view/senior-product-manager-at-loyalty-juggernaut-4467537370?position=8&pageNum=2&refId=dBB5Cdfst6ZnW2reLF2Bxw%3D%3D&trackingId=r9aXJY9sKAg1LrnBkRjLag%3D%3D,LINKEDIN
Persistent Systems,Senior Product Manager,"Pune City, Maharashtra, India",https://in.linkedin.com/jobs/view/senior-product-manager-at-persistent-systems-4463032029?position=9&pageNum=2&refId=dBB5Cdfst6ZnW2reLF2Bxw%3D%3D&trackingId=yyK1A7jmBzXVQuIMaaUKKA%3D%3D,LINKEDIN
Comviva,"Senior Product Manager, MobiLytix Design Studio","Gurgaon, Haryana, India",https://in.linkedin.com/jobs/view/senior-product-manager-mobilytix-design-studio-at-comviva-4474150277?position=10&pageNum=2&refId=dBB5Cdfst6ZnW2reLF2Bxw%3D%3D&trackingId=dLMgdSlAmED8fUvbN4Eseg%3D%3D,LINKEDIN
Experian,Senior Product Manager – Digital Intelligence,"Hyderabad, Telangana, India",https://in.linkedin.com/jobs/view/senior-product-manager-%E2%80%93-digital-intelligence-at-experian-4458168697?position=1&pageNum=5&refId=2fG7NWgpc1dKCfvZUBv7%2FQ%3D%3D&trackingId=vPzd3DQLVRp6TarBSJJxFQ%3D%3D,LINKEDIN
athenahealth,"Senior Product Manager, Patient Messaging","Bengaluru, Karnataka, India",https://in.linkedin.com/jobs/view/senior-product-manager-patient-messaging-at-athenahealth-4472708016?position=2&pageNum=5&refId=2fG7NWgpc1dKCfvZUBv7%2FQ%3D%3D&trackingId=%2B%2Bn0Ba5CxTTh5Lb1qWRo9Q%3D%3D,LINKEDIN
Druva,Senior Product Manager,"Pune Division, Maharashtra, India",https://in.linkedin.com/jobs/view/senior-product-manager-at-druva-4464341430?position=3&pageNum=5&refId=2fG7NWgpc1dKCfvZUBv7%2FQ%3D%3D&trackingId=JZEdmQ33Z7tUgwqIl3F3Qw%3D%3D,LINKEDIN
Hero Vired,"Senior Product Manager - AI-First Learning, Careers & Apprenticeships","Gurugram, Haryana, India",https://in.linkedin.com/jobs/view/senior-product-manager-ai-first-learning-careers-apprenticeships-at-hero-vired-4466991077?position=4&pageNum=5&refId=2fG7NWgpc1dKCfvZUBv7%2FQ%3D%3D&trackingId=p6%2BsKYtWkTzocajMRmXGVA%3D%3D,LINKEDIN
Vanguard India,Senior Product Manager – Wealth Management,"Hyderabad, Telangana, India",https://in.linkedin.com/jobs/view/senior-product-manager-%E2%80%93-wealth-management-at-vanguard-india-4444004181?position=5&pageNum=5&refId=2fG7NWgpc1dKCfvZUBv7%2FQ%3D%3D&trackingId=1DrGAjS0NL8Gg8jgeUe1EQ%3D%3D,LINKEDIN
Cashfree,Senior Product Manager,"Bengaluru, Karnataka, India",https://in.linkedin.com/jobs/view/senior-product-manager-at-cashfree-4469445446?position=6&pageNum=5&refId=2fG7NWgpc1dKCfvZUBv7%2FQ%3D%3D&trackingId=0VMpamN42%2BW%2BZg63BUqwJQ%3D%3D,LINKEDIN
Atomicwork,Senior Product Manager,"Bengaluru, Karnataka, India",https://in.linkedin.com/jobs/view/senior-product-manager-at-atomicwork-4442583339?position=7&pageNum=5&refId=2fG7NWgpc1dKCfvZUBv7%2FQ%3D%3D&trackingId=buZzIHOJq5BvPgZD9yIwAQ%3D%3D,LINKEDIN
Expedia Group,Senior Product Manager,"Gurgaon, Haryana, India",https://in.linkedin.com/jobs/view/senior-product-manager-at-expedia-group-4471941230?position=8&pageNum=5&refId=2fG7NWgpc1dKCfvZUBv7%2FQ%3D%3D&trackingId=YIFEeFoNfwpSPGt%2F2NNqgA%3D%3D,LINKEDIN
Optum India,Senior Tech Product Manager,"Noida, Uttar Pradesh, India",https://in.linkedin.com/jobs/view/senior-tech-product-manager-at-optum-india-4470401306?position=9&pageNum=5&refId=2fG7NWgpc1dKCfvZUBv7%2FQ%3D%3D&trackingId=%2Bd9678aZ8uNBSMj%2FGuNuIA%3D%3D,LINKEDIN
Arctic Wolf,Senior Product Manager - Exposure Management,"Bengaluru, Karnataka, India",https://in.linkedin.com/jobs/view/senior-product-manager-exposure-management-at-arctic-wolf-4464879109?position=10&pageNum=5&refId=2fG7NWgpc1dKCfvZUBv7%2FQ%3D%3D&trackingId=uEl0sjeYKo18oXPOAbK%2BnA%3D%3D,LINKEDIN
AppsForBharat,Senior Product Manager,"Bengaluru, Karnataka, India",https://in.linkedin.com/jobs/view/senior-product-manager-at-appsforbharat-4417559467?position=1&pageNum=7&refId=XaGFD6UFMoozppFwqHJZbg%3D%3D&trackingId=6XlpeUHoVxzZjlAyJ5fNCw%3D%3D,LINKEDIN
PW (PhysicsWallah),Senior Product Manager,"Noida, Uttar Pradesh, India",https://in.linkedin.com/jobs/view/senior-product-manager-at-pw-physicswallah-4472703555?position=2&pageNum=7&refId=XaGFD6UFMoozppFwqHJZbg%3D%3D&trackingId=eSnSb95kHpXPthzk2Ufhfg%3D%3D,LINKEDIN
ServiceNow,Sr Inbound Product Manager,"Hyderabad, Telangana, India",https://in.linkedin.com/jobs/view/sr-inbound-product-manager-at-servicenow-4475843957?position=3&pageNum=7&refId=XaGFD6UFMoozppFwqHJZbg%3D%3D&trackingId=43I9rlMiFqSjii3SQCJq%2FQ%3D%3D,LINKEDIN
Toast,Senior Product Manager,"Bengaluru, Karnataka, India",https://in.linkedin.com/jobs/view/senior-product-manager-at-toast-4475898617?position=4&pageNum=7&refId=XaGFD6UFMoozppFwqHJZbg%3D%3D&trackingId=0AqW8fsl%2BRq9BQaTFYpXkg%3D%3D,LINKEDIN
Cvent,Senior Product Manager (Integrations),"Gurugram, Haryana, India",https://in.linkedin.com/jobs/view/senior-product-manager-integrations-at-cvent-4453703001?position=5&pageNum=7&refId=XaGFD6UFMoozppFwqHJZbg%3D%3D&trackingId=IT9UCIGZ8ntODNGUd5MW8w%3D%3D,LINKEDIN
PhonePe,Senior Product Manager,"Bengaluru, Karnataka, India",https://in.linkedin.com/jobs/view/senior-product-manager-at-phonepe-4462281973?position=6&pageNum=7&refId=XaGFD6UFMoozppFwqHJZbg%3D%3D&trackingId=Eqc3LUSm8dvNhf%2B16wQaHA%3D%3D,LINKEDIN
Inovalon,Senior Product Manager,"Gurugram, Haryana, India",https://in.linkedin.com/jobs/view/senior-product-manager-at-inovalon-4469155922?position=7&pageNum=7&refId=XaGFD6UFMoozppFwqHJZbg%3D%3D&trackingId=HUuLjmUq8ew%2Bk3UA%2BUozgg%3D%3D,LINKEDIN
Kwalee,Senior Product Manager,"Bengaluru, Karnataka, India",https://in.linkedin.com/jobs/view/senior-product-manager-at-kwalee-4472585580?position=8&pageNum=7&refId=XaGFD6UFMoozppFwqHJZbg%3D%3D&trackingId=TKS62psUt7%2B2xhaP0PEO3g%3D%3D,LINKEDIN
One Impression,Senior Product Manager,"Gurugram, Haryana, India",https://in.linkedin.com/jobs/view/senior-product-manager-at-one-impression-4136779605?position=9&pageNum=7&refId=XaGFD6UFMoozppFwqHJZbg%3D%3D&trackingId=z%2Bm%2B6w1RQDYTJlvgk%2FJkdg%3D%3D,LINKEDIN
CommerceIQ,Senior Product Manager,"Bengaluru, Karnataka, India",https://in.linkedin.com/jobs/view/senior-product-manager-at-commerceiq-4436959013?position=10&pageNum=7&refId=XaGFD6UFMoozppFwqHJZbg%3D%3D&trackingId=1BRgyF5adEFagIKdMHHXvQ%3D%3D,LINKEDIN
Wolters Kluwer,Lead Technical Product Manager - (IIT/IIM Preferred) - Product Management,Pune/Pimpri-Chinchwad Area,https://in.linkedin.com/jobs/view/lead-technical-product-manager-iit-iim-preferred-product-management-at-wolters-kluwer-4428032508?position=1&pageNum=0&refId=CrISaXQ3yshxDEIB1C%2BwGQ%3D%3D&trackingId=Ekryq9yal3u1FctOV1JV3Q%3D%3D,LINKEDIN
Providence India,Lead Product Manager,"Hyderabad, Telangana, India",https://in.linkedin.com/jobs/view/lead-product-manager-at-providence-india-4474361829?position=2&pageNum=0&refId=CrISaXQ3yshxDEIB1C%2BwGQ%3D%3D&trackingId=u7NdpVcYYkocVE6z4XhViA%3D%3D,LINKEDIN
PhonePe,Product Lead,"Bengaluru, Karnataka, India",https://in.linkedin.com/jobs/view/product-lead-at-phonepe-4465547127?position=3&pageNum=0&refId=CrISaXQ3yshxDEIB1C%2BwGQ%3D%3D&trackingId=s7VwJKOiEvizbH6em9%2FV1w%3D%3D,LINKEDIN
Michael Page,Product Lead,Mumbai Metropolitan Region,https://in.linkedin.com/jobs/view/product-lead-at-michael-page-4474262149?position=4&pageNum=0&refId=CrISaXQ3yshxDEIB1C%2BwGQ%3D%3D&trackingId=sCPtg6fcLFQYeqBnrUGQOQ%3D%3D,LINKEDIN
Rippling,"Product Lead, Finance Experience","Bengaluru, Karnataka, India",https://in.linkedin.com/jobs/view/product-lead-finance-experience-at-rippling-4473047130?position=5&pageNum=0&refId=CrISaXQ3yshxDEIB1C%2BwGQ%3D%3D&trackingId=C8KXJtq2AgMxzBzN9hApRQ%3D%3D,LINKEDIN
ICICI Lombard,ICICI Lombard - Lead Product Manager - Mobile App,Mumbai Metropolitan Region,https://in.linkedin.com/jobs/view/icici-lombard-lead-product-manager-mobile-app-at-icici-lombard-4441692722?position=6&pageNum=0&refId=CrISaXQ3yshxDEIB1C%2BwGQ%3D%3D&trackingId=T1vWQFvau5e7jJAz99iF7g%3D%3D,LINKEDIN
Providence India,Principal Product Manager,"Hyderabad, Telangana, India",https://in.linkedin.com/jobs/view/principal-product-manager-at-providence-india-4476141749?position=7&pageNum=0&refId=CrISaXQ3yshxDEIB1C%2BwGQ%3D%3D&trackingId=Y1heHSitx%2Fuqd3Yoow0w1Q%3D%3D,LINKEDIN
Optum India,Senior Product Manager/Lead Product Manager - Data Science/Machine Learning/Cloud,"Hyderabad, Telangana, India",https://in.linkedin.com/jobs/view/senior-product-manager-lead-product-manager-data-science-machine-learning-cloud-at-optum-india-4438617014?position=8&pageNum=0&refId=CrISaXQ3yshxDEIB1C%2BwGQ%3D%3D&trackingId=k8zzBaKFtKqb6ET2IsKMJw%3D%3D,LINKEDIN
LetzBizz,Lead Product Manager &#8211; 7+ Yrs exp,"Chennai, Tamil Nadu, India",https://in.linkedin.com/jobs/view/lead-product-manager-%238211-7%2B-yrs-exp-at-letzbizz-4439321327?position=9&pageNum=0&refId=CrISaXQ3yshxDEIB1C%2BwGQ%3D%3D&trackingId=Nd%2FOWRqaYuMyO89Z5RekdQ%3D%3D,LINKEDIN
Jubilant FoodWorks Ltd.,Lead Product Manager,"Gurugram, Haryana, India",https://in.linkedin.com/jobs/view/lead-product-manager-at-jubilant-foodworks-ltd-4469396626?position=10&pageNum=0&refId=CrISaXQ3yshxDEIB1C%2BwGQ%3D%3D&trackingId=RinVbhAqBuKeQWc5K1DXPQ%3D%3D,LINKEDIN
Arcana,Principal Product Manager (AI),"Bengaluru, Karnataka, India",https://in.linkedin.com/jobs/view/principal-product-manager-ai-at-arcana-4437374240?position=1&pageNum=2&refId=nBCvqUuVwMbKlXiKK4QaHQ%3D%3D&trackingId=Gz1nOjysCgyaqsoWgVjS3A%3D%3D,LINKEDIN
OpenText,Lead Product Manager,"Hyderabad, Telangana, India",https://in.linkedin.com/jobs/view/lead-product-manager-at-opentext-4472182503?position=2&pageNum=2&refId=nBCvqUuVwMbKlXiKK4QaHQ%3D%3D&trackingId=%2BHyEwgV6zzb%2BmTLkd4hAUQ%3D%3D,LINKEDIN
Quick Heal,Senior Principal Product Manager,"Pune District, Maharashtra, India",https://in.linkedin.com/jobs/view/senior-principal-product-manager-at-quick-heal-4467762079?position=3&pageNum=2&refId=nBCvqUuVwMbKlXiKK4QaHQ%3D%3D&trackingId=IUIO9TmJDBuAwESc%2BMSSmg%3D%3D,LINKEDIN
Digantara,Product Lead,"Bengaluru, Karnataka, India",https://in.linkedin.com/jobs/view/product-lead-at-digantara-4470078776?position=4&pageNum=2&refId=nBCvqUuVwMbKlXiKK4QaHQ%3D%3D&trackingId=QVZTRTR7JUB1XqrAeLjxDw%3D%3D,LINKEDIN
IDFC FIRST Bank,Senior Lead-Product Owner- Cash Management Service (CMS),"Mumbai, Maharashtra, India",https://in.linkedin.com/jobs/view/senior-lead-product-owner-cash-management-service-cms-at-idfc-first-bank-4411321141?position=5&pageNum=2&refId=nBCvqUuVwMbKlXiKK4QaHQ%3D%3D&trackingId=4L5gs9LX06501GSQnLSC%2FQ%3D%3D,LINKEDIN
Arcana,Lead Product Manager,Greater Bengaluru Area,https://in.linkedin.com/jobs/view/lead-product-manager-at-arcana-4329397561?position=6&pageNum=2&refId=nBCvqUuVwMbKlXiKK4QaHQ%3D%3D&trackingId=xYoBGOjOSxI2iHyC6km9kA%3D%3D,LINKEDIN
TELUS Digital,Principal Product Designer,"Bengaluru, Karnataka, India",https://in.linkedin.com/jobs/view/principal-product-designer-at-telus-digital-4416637953?position=7&pageNum=2&refId=nBCvqUuVwMbKlXiKK4QaHQ%3D%3D&trackingId=VX%2FaV8AW4hDf7QwjV2G9Lw%3D%3D,LINKEDIN
Rippling,Lead Product Manager,"Bengaluru, Karnataka, India",https://in.linkedin.com/jobs/view/lead-product-manager-at-rippling-4463245086?position=8&pageNum=2&refId=nBCvqUuVwMbKlXiKK4QaHQ%3D%3D&trackingId=vcR%2BJysROHfKhvIUL9OylA%3D%3D,LINKEDIN
Clearwater Analytics,Senior Product Manager,Mumbai Metropolitan Region,https://in.linkedin.com/jobs/view/senior-product-manager-at-clearwater-analytics-4463985535?position=9&pageNum=2&refId=nBCvqUuVwMbKlXiKK4QaHQ%3D%3D&trackingId=EPi6ficE%2B9%2B40W0NM2sFxw%3D%3D,LINKEDIN
Pepper,Product Lead - AI,"Mumbai, Maharashtra, India",https://in.linkedin.com/jobs/view/product-lead-ai-at-pepper-4462801108?position=10&pageNum=2&refId=nBCvqUuVwMbKlXiKK4QaHQ%3D%3D&trackingId=WEiZ%2BOPmVzHeOpIcwmfTXQ%3D%3D,LINKEDIN
ETS,Lead Product Manager,"Gurugram, Haryana, India",https://in.linkedin.com/jobs/view/lead-product-manager-at-ets-4467979439?position=1&pageNum=5&refId=FikyOL7T9KabvmQPBJlPjg%3D%3D&trackingId=zZ%2FB3Q%2FC95Zl9KuP3yTPaw%3D%3D,LINKEDIN
Arcesium,Product Lead - Opterra - Financial Reporting,"Hyderabad, Telangana, India",https://in.linkedin.com/jobs/view/product-lead-opterra-financial-reporting-at-arcesium-4465564231?position=2&pageNum=5&refId=FikyOL7T9KabvmQPBJlPjg%3D%3D&trackingId=zoiPT4Xl1fkIIshhu%2Fbr9A%3D%3D,LINKEDIN
Noora Health,Lead/Group Product Manager,"Bengaluru, Karnataka, India",https://in.linkedin.com/jobs/view/lead-group-product-manager-at-noora-health-4426765849?position=3&pageNum=5&refId=FikyOL7T9KabvmQPBJlPjg%3D%3D&trackingId=NoGIEsPKMSHW0bUBvEOy1g%3D%3D,LINKEDIN
SquadStack.ai,Principal Product Manager -  Voice AI Platform,"Noida, Uttar Pradesh, India",https://in.linkedin.com/jobs/view/principal-product-manager-voice-ai-platform-at-squadstack-ai-4451390863?position=4&pageNum=5&refId=FikyOL7T9KabvmQPBJlPjg%3D%3D&trackingId=28X2DpA%2B%2ByRa1%2Bvt83jJxg%3D%3D,LINKEDIN
Welspun World,Sr Product Manager _Industry 4.0,"Hyderabad, Telangana, India",https://in.linkedin.com/jobs/view/sr-product-manager-industry-4-0-at-welspun-world-4464504364?position=5&pageNum=5&refId=FikyOL7T9KabvmQPBJlPjg%3D%3D&trackingId=zrSyFDKcpDngmo99U6BLxA%3D%3D,LINKEDIN
Accenture in India,AI Product Management Practitioner,"Hyderabad, Telangana, India",https://in.linkedin.com/jobs/view/ai-product-management-practitioner-at-accenture-in-india-4448609007?position=6&pageNum=5&refId=FikyOL7T9KabvmQPBJlPjg%3D%3D&trackingId=qJHBE9I5Ltf3TIeokH6AHA%3D%3D,LINKEDIN
Waters Corporation,Lead Product Owner Waters Connect,"Bengaluru, Karnataka, India",https://in.linkedin.com/jobs/view/lead-product-owner-waters-connect-at-waters-corporation-4458242559?position=7&pageNum=5&refId=FikyOL7T9KabvmQPBJlPjg%3D%3D&trackingId=6JWcRVJLHAGXLQmsiYaMAg%3D%3D,LINKEDIN
Aerchain,Principal Product Manager,"Bengaluru, Karnataka, India",https://in.linkedin.com/jobs/view/principal-product-manager-at-aerchain-4469838687?position=8&pageNum=5&refId=FikyOL7T9KabvmQPBJlPjg%3D%3D&trackingId=6yf3VTSS0vM0NqCM0fflhw%3D%3D,LINKEDIN
Amazon,"Principal Product Manager, Retail Business Services, RBS: Cost To Serve","Bengaluru, Karnataka, India",https://in.linkedin.com/jobs/view/principal-product-manager-retail-business-services-rbs-cost-to-serve-at-amazon-4473237680?position=9&pageNum=5&refId=FikyOL7T9KabvmQPBJlPjg%3D%3D&trackingId=XwW9aeORf77zNUq6NMWHcg%3D%3D,LINKEDIN
Magma General Insurance Limited,Lead-Digital Ecosystem & Mobility,"Mumbai, Maharashtra, India",https://in.linkedin.com/jobs/view/lead-digital-ecosystem-mobility-at-magma-general-insurance-limited-4476143474?position=10&pageNum=5&refId=FikyOL7T9KabvmQPBJlPjg%3D%3D&trackingId=910WSNXtMlxt5iadw4%2Fiuw%3D%3D,LINKEDIN
ACG World,"Lead - Scientific Affairs, Global Product Management & Marketing, ACG Capsules","Kandivali, India",https://in.linkedin.com/jobs/view/lead-scientific-affairs-global-product-management-marketing-acg-capsules-at-acg-world-4471755266?position=1&pageNum=7&refId=yj%2FG5DYwjdRmmzw3tsj1PQ%3D%3D&trackingId=qRy%2FUlnm2XjTFI0BfaUhLg%3D%3D,LINKEDIN
EXL,Product Developer,"Bengaluru, Karnataka, India",https://in.linkedin.com/jobs/view/product-developer-at-exl-4446734160?position=2&pageNum=7&refId=yj%2FG5DYwjdRmmzw3tsj1PQ%3D%3D&trackingId=1sOD0RqlWpO8zBlXg%2BkAbg%3D%3D,LINKEDIN
LinkedIn,Principal Product Manager - LinkedIn Learning,"Bengaluru, Karnataka, India",https://in.linkedin.com/jobs/view/principal-product-manager-linkedin-learning-at-linkedin-4461755103?position=3&pageNum=7&refId=yj%2FG5DYwjdRmmzw3tsj1PQ%3D%3D&trackingId=tctWsV%2FT7BkSEPEq2QrXGw%3D%3D,LINKEDIN
Societe Generale Global Solution Centre,Product Owner - Feature Team,"Bengaluru, Karnataka, India",https://in.linkedin.com/jobs/view/product-owner-feature-team-at-societe-generale-global-solution-centre-4474342324?position=4&pageNum=7&refId=yj%2FG5DYwjdRmmzw3tsj1PQ%3D%3D&trackingId=HLgeQ460zyEBbMD%2BI5%2FD1Q%3D%3D,LINKEDIN
Spice Money,Senior Product Manager,"Noida, Uttar Pradesh, India",https://in.linkedin.com/jobs/view/senior-product-manager-at-spice-money-4464617059?position=5&pageNum=7&refId=yj%2FG5DYwjdRmmzw3tsj1PQ%3D%3D&trackingId=oduq%2FcLJywrwtAPCP6ka1Q%3D%3D,LINKEDIN
Vanguard,Senior Product Manager – Wealth Management,"Hyderabad, Telangana, India",https://in.linkedin.com/jobs/view/senior-product-manager-%E2%80%93-wealth-management-at-vanguard-4444465319?position=6&pageNum=7&refId=yj%2FG5DYwjdRmmzw3tsj1PQ%3D%3D&trackingId=FmgeAaiGEiI%2F8yVHcrBdHQ%3D%3D,LINKEDIN
Smart Energy Water,Product Management Specialist,"Noida, Uttar Pradesh, India",https://in.linkedin.com/jobs/view/product-management-specialist-at-smart-energy-water-4472877850?position=7&pageNum=7&refId=yj%2FG5DYwjdRmmzw3tsj1PQ%3D%3D&trackingId=DPtfwgd0jyDArj7zhkps6A%3D%3D,LINKEDIN
OneTrust,"Principal Product Manager, AI Build Governance","Bengaluru, Karnataka, India",https://in.linkedin.com/jobs/view/principal-product-manager-ai-build-governance-at-onetrust-4466314918?position=8&pageNum=7&refId=yj%2FG5DYwjdRmmzw3tsj1PQ%3D%3D&trackingId=0rVk1mQw%2FDsUXTjasu%2FkLw%3D%3D,LINKEDIN
airtel,Senior Product Manager,"Gurugram, Haryana, India",https://in.linkedin.com/jobs/view/senior-product-manager-at-airtel-4464771612?position=9&pageNum=7&refId=yj%2FG5DYwjdRmmzw3tsj1PQ%3D%3D&trackingId=6COIrVWMFjZ0K7EP10iGWg%3D%3D,LINKEDIN
ADP,Lead Product Manager,"Chennai, Tamil Nadu, India",https://in.linkedin.com/jobs/view/lead-product-manager-at-adp-4451739114?position=10&pageNum=7&refId=yj%2FG5DYwjdRmmzw3tsj1PQ%3D%3D&trackingId=NSdHULOH9qMHOM%2F7CvATdQ%3D%3D,LINKEDIN
Albertsons Companies India,Group Product Manager - Personalization [T500-29537],"Bengaluru, Karnataka, India",https://in.linkedin.com/jobs/view/group-product-manager-personalization-t500-29537-at-albertsons-companies-india-4469870796?position=1&pageNum=0&refId=I%2FixXMyIlV9xJHKwI4wLgg%3D%3D&trackingId=EhzCe5YpEwYhTtDOb8q4lA%3D%3D,LINKEDIN
iSOCRATES Inc.,Group Product Manager,"Bengaluru, Karnataka, India",https://in.linkedin.com/jobs/view/group-product-manager-at-isocrates-inc-4420929373?position=2&pageNum=0&refId=I%2FixXMyIlV9xJHKwI4wLgg%3D%3D&trackingId=ix0W7b8zvYOrlNWs4y7DjA%3D%3D,LINKEDIN
WorkIndia,Group Product Manager,"Bengaluru, Karnataka, India",https://in.linkedin.com/jobs/view/group-product-manager-at-workindia-4474194115?position=3&pageNum=0&refId=I%2FixXMyIlV9xJHKwI4wLgg%3D%3D&trackingId=fczCN6GV3lBpSCM%2BfQB%2BKA%3D%3D,LINKEDIN
Meesho,Group Product Manager,"Bengaluru, Karnataka, India",https://in.linkedin.com/jobs/view/group-product-manager-at-meesho-4445912940?position=4&pageNum=0&refId=I%2FixXMyIlV9xJHKwI4wLgg%3D%3D&trackingId=ko2wP0mGSOUUO7J5cutpiQ%3D%3D,LINKEDIN
Google Operations Center,Product Manager - Applied AI and Engineering,"Bengaluru East, Karnataka, India",https://in.linkedin.com/jobs/view/product-manager-applied-ai-and-engineering-at-google-operations-center-4441156515?position=5&pageNum=0&refId=I%2FixXMyIlV9xJHKwI4wLgg%3D%3D&trackingId=EIAdiTMzNoMv9jTwDIwzFA%3D%3D,LINKEDIN
JPMorganChase,Securities Services - Data & AI Product Manager - Vice President,"Bengaluru, Karnataka, India",https://in.linkedin.com/jobs/view/securities-services-data-ai-product-manager-vice-president-at-jpmorganchase-4464404048?position=6&pageNum=0&refId=I%2FixXMyIlV9xJHKwI4wLgg%3D%3D&trackingId=jeH5DoJsuc4q5KVaVkz89w%3D%3D,LINKEDIN
Amazon,"Sr Mgr, Product Management Lifecycle Experiences, EM PLX","Bengaluru, Karnataka, India",https://in.linkedin.com/jobs/view/sr-mgr-product-management-lifecycle-experiences-em-plx-at-amazon-4455905481?position=7&pageNum=0&refId=I%2FixXMyIlV9xJHKwI4wLgg%3D%3D&trackingId=%2FZ7cSPLszz5RPuNgEvxAnA%3D%3D,LINKEDIN
Amgen,AI Digital Product Sr Manager – AI Platforms,"Hyderabad, Telangana, India",https://in.linkedin.com/jobs/view/ai-digital-product-sr-manager-%E2%80%93-ai-platforms-at-amgen-4450708698?position=8&pageNum=0&refId=I%2FixXMyIlV9xJHKwI4wLgg%3D%3D&trackingId=y8wOsYSuWVcvtlgJWzsWNQ%3D%3D,LINKEDIN
Clearwater Analytics,Director of Product,"Noida, Uttar Pradesh, India",https://in.linkedin.com/jobs/view/director-of-product-at-clearwater-analytics-4473694282?position=9&pageNum=0&refId=I%2FixXMyIlV9xJHKwI4wLgg%3D%3D&trackingId=wWDdSgrlMdj6Wbi%2FXDNJmA%3D%3D,LINKEDIN
Evernorth Health Services,Senior Manager of Product Management,"Hyderabad, Telangana, India",https://in.linkedin.com/jobs/view/senior-manager-of-product-management-at-evernorth-health-services-4473655431?position=10&pageNum=0&refId=I%2FixXMyIlV9xJHKwI4wLgg%3D%3D&trackingId=f5zFHn4CeoIVlf%2B3%2B9YPCg%3D%3D,LINKEDIN
Bekaert,Head of IT Enterprise,"Pune Division, Maharashtra, India",https://in.linkedin.com/jobs/view/head-of-it-enterprise-at-bekaert-4441023676?position=1&pageNum=2&refId=naI5MGyHUqeSJGoIPl5QkA%3D%3D&trackingId=jSfcLLFETo0kt%2F7omiw%2BEg%3D%3D,LINKEDIN
LetzBizz,Lead Product Manager,"Chennai, Tamil Nadu, India",https://in.linkedin.com/jobs/view/lead-product-manager-at-letzbizz-4439331053?position=2&pageNum=2&refId=naI5MGyHUqeSJGoIPl5QkA%3D%3D&trackingId=EYmaLCfCYIpT6KJrLypYcg%3D%3D,LINKEDIN
Goldman Sachs,Global Banking & Markets -TxB Product Management - Vice President - Bengaluru,"Bengaluru, Karnataka, India",https://in.linkedin.com/jobs/view/global-banking-markets-txb-product-management-vice-president-bengaluru-at-goldman-sachs-4453207863?position=3&pageNum=2&refId=naI5MGyHUqeSJGoIPl5QkA%3D%3D&trackingId=nC4wG2p97eokUjuXLAMTkA%3D%3D,LINKEDIN
HG Insights,"Director, Data & AI Product Manager","Pune Division, Maharashtra, India",https://in.linkedin.com/jobs/view/director-data-ai-product-manager-at-hg-insights-4429965799?position=4&pageNum=2&refId=naI5MGyHUqeSJGoIPl5QkA%3D%3D&trackingId=9zRn2FA8URC%2Fjy0pDrccUQ%3D%3D,LINKEDIN
Genpact,Product Manager,"Hyderabad, Telangana, India",https://in.linkedin.com/jobs/view/product-manager-at-genpact-4463466014?position=5&pageNum=2&refId=naI5MGyHUqeSJGoIPl5QkA%3D%3D&trackingId=ojlyU5JQCH6bhe%2Bjjlpebw%3D%3D,LINKEDIN
Michael Page,Product Lead,Mumbai Metropolitan Region,https://in.linkedin.com/jobs/view/product-lead-at-michael-page-4474262149?position=6&pageNum=2&refId=naI5MGyHUqeSJGoIPl5QkA%3D%3D&trackingId=2smP79nNZfmkqCVp4rMdVg%3D%3D,LINKEDIN
MonetizeMore,Group Product Manager (Remote),India,https://in.linkedin.com/jobs/view/group-product-manager-remote-at-monetizemore-4434753517?position=7&pageNum=2&refId=naI5MGyHUqeSJGoIPl5QkA%3D%3D&trackingId=rhXPfpnBAWDahkFkjq5sNQ%3D%3D,LINKEDIN
Jubilant FoodWorks Ltd.,Lead Product Manager,"Gurugram, Haryana, India",https://in.linkedin.com/jobs/view/lead-product-manager-at-jubilant-foodworks-ltd-4469396626?position=8&pageNum=2&refId=naI5MGyHUqeSJGoIPl5QkA%3D%3D&trackingId=9m6rCtES1Y3G2PthZ%2BVe%2FA%3D%3D,LINKEDIN
INNOVAPPTIVE GLOBAL SOLUTIONS PRIVATE LIMITED,Innovapptive - Director - Product Management,"Hyderabad, Telangana, India",https://in.linkedin.com/jobs/view/innovapptive-director-product-management-at-innovapptive-global-solutions-private-limited-4474556381?position=9&pageNum=2&refId=naI5MGyHUqeSJGoIPl5QkA%3D%3D&trackingId=%2BAMhaTqzafqzMnfEHr8acw%3D%3D,LINKEDIN
Noora Health,Lead/Group Product Manager,"Bengaluru, Karnataka, India",https://in.linkedin.com/jobs/view/lead-group-product-manager-at-noora-health-4426765849?position=10&pageNum=2&refId=naI5MGyHUqeSJGoIPl5QkA%3D%3D&trackingId=%2FhoLnWnVAXHSBphggrE3XA%3D%3D,LINKEDIN
RainFocus,"Group Product Manager, Emerging Solutions","Mawal, Maharashtra, India",https://in.linkedin.com/jobs/view/group-product-manager-emerging-solutions-at-rainfocus-4474367288?position=1&pageNum=5&refId=2NOWH%2BLxkomg9ORNarufdw%3D%3D&trackingId=Ea1C73SkzCVuOPId5YunIQ%3D%3D,LINKEDIN
QAD,"Director of Product, Platform",Pune/Pimpri-Chinchwad Area,https://in.linkedin.com/jobs/view/director-of-product-platform-at-qad-4404849842?position=2&pageNum=5&refId=2NOWH%2BLxkomg9ORNarufdw%3D%3D&trackingId=ljAR0Q203S5OSrz%2BSLLAXA%3D%3D,LINKEDIN
HCLSoftware,Head of Product Management,India,https://in.linkedin.com/jobs/view/head-of-product-management-at-hclsoftware-4466042533?position=3&pageNum=5&refId=2NOWH%2BLxkomg9ORNarufdw%3D%3D&trackingId=eoaOqEttPx0T%2Fj1AIGOJ4w%3D%3D,LINKEDIN
Mindsprint,Product Leader,"Bengaluru, Karnataka, India",https://in.linkedin.com/jobs/view/product-leader-at-mindsprint-4474248559?position=4&pageNum=5&refId=2NOWH%2BLxkomg9ORNarufdw%3D%3D&trackingId=PZnTjyRvL2iWQDoWKRARuw%3D%3D,LINKEDIN
Cisco,Engineering Product Manager | 15+ Years,"Pune Division, Maharashtra, India",https://in.linkedin.com/jobs/view/engineering-product-manager-15%2B-years-at-cisco-4467971913?position=5&pageNum=5&refId=2NOWH%2BLxkomg9ORNarufdw%3D%3D&trackingId=d07TiAx4L8qMYPEIwNlsqw%3D%3D,LINKEDIN
Google,"Senior Product Manager, Map Intelligence, Google Maps Platform","Bengaluru, Karnataka, India",https://in.linkedin.com/jobs/view/senior-product-manager-map-intelligence-google-maps-platform-at-google-4460294274?position=6&pageNum=5&refId=2NOWH%2BLxkomg9ORNarufdw%3D%3D&trackingId=4V4%2BotOEUrp5F%2BLSZ3rD5Q%3D%3D,LINKEDIN
SplashBI,VP of Product Management,"Hyderabad, Telangana, India",https://in.linkedin.com/jobs/view/vp-of-product-management-at-splashbi-4470878380?position=7&pageNum=5&refId=2NOWH%2BLxkomg9ORNarufdw%3D%3D&trackingId=xWWxRbNByP85Az5yg1ymTA%3D%3D,LINKEDIN
IMA India,"Product Lead, Finance Experience","Bengaluru, Karnataka, India",https://in.linkedin.com/jobs/view/product-lead-finance-experience-at-ima-india-4474135071?position=8&pageNum=5&refId=2NOWH%2BLxkomg9ORNarufdw%3D%3D&trackingId=uFC9ZYenTpN8XOAx5lv5UA%3D%3D,LINKEDIN
Atlassian,Principal Product Manager (CMK/Encryption Platform),"Bengaluru, Karnataka, India",https://in.linkedin.com/jobs/view/principal-product-manager-cmk-encryption-platform-at-atlassian-4466756560?position=9&pageNum=5&refId=2NOWH%2BLxkomg9ORNarufdw%3D%3D&trackingId=hLEnNY3b5w6JzjzZkHC0sw%3D%3D,LINKEDIN
Quick Heal,Senior Principal Product Manager,"Pune District, Maharashtra, India",https://in.linkedin.com/jobs/view/senior-principal-product-manager-at-quick-heal-4467762079?position=10&pageNum=5&refId=2NOWH%2BLxkomg9ORNarufdw%3D%3D&trackingId=wYnBIXOtFH0L4QsQHqdm5A%3D%3D,LINKEDIN
Atlys,Senior Product Manager - Growth,"Delhi, Delhi, India",https://in.linkedin.com/jobs/view/senior-product-manager-growth-at-atlys-4458894899?position=1&pageNum=0&refId=k2%2BsdaR9riNhkFfsp%2FsZqg%3D%3D&trackingId=rVLa%2B%2F%2Fnc0T42QIWrm2FdA%3D%3D,LINKEDIN
The Future University,Growth Product Manager -  Fintech & AI Scope,"Chandigarh, Chandigarh, India",https://in.linkedin.com/jobs/view/growth-product-manager-fintech-ai-scope-at-the-future-university-4455699085?position=2&pageNum=0&refId=k2%2BsdaR9riNhkFfsp%2FsZqg%3D%3D&trackingId=oV31DexAKbsCMDGUl6C38w%3D%3D,LINKEDIN
Atlys,Product Manager - Growth,"Delhi, Delhi, India",https://in.linkedin.com/jobs/view/product-manager-growth-at-atlys-4469336617?position=3&pageNum=0&refId=k2%2BsdaR9riNhkFfsp%2FsZqg%3D%3D&trackingId=lv3fi%2FAVnaWVcvKpCTyaJQ%3D%3D,LINKEDIN
AppsForBharat,Product Manager,"Bangalore Urban, Karnataka, India",https://in.linkedin.com/jobs/view/product-manager-at-appsforbharat-4471432602?position=4&pageNum=0&refId=k2%2BsdaR9riNhkFfsp%2FsZqg%3D%3D&trackingId=a2PB4J%2BmPJBqGdlJrbS%2B5w%3D%3D,LINKEDIN
Google,"Product Manager, Customer Incentives and Growth Platforms","Bengaluru, Karnataka, India",https://in.linkedin.com/jobs/view/product-manager-customer-incentives-and-growth-platforms-at-google-4467626664?position=5&pageNum=0&refId=k2%2BsdaR9riNhkFfsp%2FsZqg%3D%3D&trackingId=h3eY4nXyAJ4Umw0ziMUJ2Q%3D%3D,LINKEDIN
Sarvam,"Product Manager, Growth","Bengaluru, Karnataka, India",https://in.linkedin.com/jobs/view/product-manager-growth-at-sarvam-4456164434?position=6&pageNum=0&refId=k2%2BsdaR9riNhkFfsp%2FsZqg%3D%3D&trackingId=Tdgz1U67hj2wuK9bjZXQUg%3D%3D,LINKEDIN
Leap,Growth Product Manager,"Bengaluru, Karnataka, India",https://in.linkedin.com/jobs/view/growth-product-manager-at-leap-4455259621?position=7&pageNum=0&refId=k2%2BsdaR9riNhkFfsp%2FsZqg%3D%3D&trackingId=S7fddZWNT4Ee0zUz3DnCjg%3D%3D,LINKEDIN
Saleshandy,"Product Manager, Growth (Outreach)","Ahmedabad, Gujarat, India",https://in.linkedin.com/jobs/view/product-manager-growth-outreach-at-saleshandy-4414335579?position=8&pageNum=0&refId=k2%2BsdaR9riNhkFfsp%2FsZqg%3D%3D&trackingId=fOi1M8jeleIrv9yGxsXW5w%3D%3D,LINKEDIN
Reo.Dev,Product Manager – Founding Team (Growth),"Bengaluru, Karnataka, India",https://in.linkedin.com/jobs/view/product-manager-%E2%80%93-founding-team-growth-at-reo-dev-4471285758?position=9&pageNum=0&refId=k2%2BsdaR9riNhkFfsp%2FsZqg%3D%3D&trackingId=39sSuo1S02BUKd%2FMcuCy6Q%3D%3D,LINKEDIN
Rippling,Lead Product Manager,"Bengaluru, Karnataka, India",https://in.linkedin.com/jobs/view/lead-product-manager-at-rippling-4463245086?position=10&pageNum=0&refId=k2%2BsdaR9riNhkFfsp%2FsZqg%3D%3D&trackingId=6VQGaIIuSv0YmorKSlOfiA%3D%3D,LINKEDIN
Cybertot,Growth Lead – Cybertot,"Gurugram, Haryana, India",https://in.linkedin.com/jobs/view/growth-lead-%E2%80%93-cybertot-at-cybertot-4464527631?position=1&pageNum=7&refId=%2BemNA1Rg4B17%2Brw%2Bie0jDg%3D%3D&trackingId=alDqlLHA9Co28gBm3MtxlQ%3D%3D,LINKEDIN
ICICI Lombard,ICICI Lombard - Lead Product Manager - Mobile App,Mumbai Metropolitan Region,https://in.linkedin.com/jobs/view/icici-lombard-lead-product-manager-mobile-app-at-icici-lombard-4441692722?position=2&pageNum=7&refId=%2BemNA1Rg4B17%2Brw%2Bie0jDg%3D%3D&trackingId=AaJvx5q56kHc6yHv6r1FBw%3D%3D,LINKEDIN
Spice Money,Product Growth Head - Spice Money (Tier 1 Background),"Noida, Uttar Pradesh, India",https://in.linkedin.com/jobs/view/product-growth-head-spice-money-tier-1-background-at-spice-money-4464609851?position=3&pageNum=7&refId=%2BemNA1Rg4B17%2Brw%2Bie0jDg%3D%3D&trackingId=sDvOxWt6%2BVv%2F3sty%2FzSNMA%3D%3D,LINKEDIN
Rusk Media,Senior Product Manager,"Delhi, India",https://in.linkedin.com/jobs/view/senior-product-manager-at-rusk-media-4475579318?position=4&pageNum=7&refId=%2BemNA1Rg4B17%2Brw%2Bie0jDg%3D%3D&trackingId=w6t%2FJKffWBFcei%2FltiXXHQ%3D%3D,LINKEDIN
Nutrabay,Senior Product Manager,"Gurugram, Haryana, India",https://in.linkedin.com/jobs/view/senior-product-manager-at-nutrabay-4467887480?position=5&pageNum=7&refId=%2BemNA1Rg4B17%2Brw%2Bie0jDg%3D%3D&trackingId=AYJOrnL5E8NjvIAwR1ziYA%3D%3D,LINKEDIN
Flent,Business Growth Manager,"Bengaluru, Karnataka, India",https://in.linkedin.com/jobs/view/business-growth-manager-at-flent-4458794774?position=6&pageNum=7&refId=%2BemNA1Rg4B17%2Brw%2Bie0jDg%3D%3D&trackingId=j22r%2Bk8blmJpEw6u1%2BaXCQ%3D%3D,LINKEDIN
Nuclei,Associate Product Manager - Travel,India,https://in.linkedin.com/jobs/view/associate-product-manager-travel-at-nuclei-4453263883?position=7&pageNum=7&refId=%2BemNA1Rg4B17%2Brw%2Bie0jDg%3D%3D&trackingId=5Az8j8s4tPVilDHxafzz1Q%3D%3D,LINKEDIN
Purplle.com,Product Manager - Storefront,Mumbai Metropolitan Region,https://in.linkedin.com/jobs/view/product-manager-storefront-at-purplle-com-4406679786?position=8&pageNum=7&refId=%2BemNA1Rg4B17%2Brw%2Bie0jDg%3D%3D&trackingId=VBUcQW4fi%2FoAkTDcoesgrQ%3D%3D,LINKEDIN
airtel,Senior Product Manager,"Gurugram, Haryana, India",https://in.linkedin.com/jobs/view/senior-product-manager-at-airtel-4464771612?position=9&pageNum=7&refId=%2BemNA1Rg4B17%2Brw%2Bie0jDg%3D%3D&trackingId=OVbZ6BO6FawZUIVheKDw9Q%3D%3D,LINKEDIN
Expedia Group,Product Manager III,"Gurgaon, Haryana, India",https://in.linkedin.com/jobs/view/product-manager-iii-at-expedia-group-4472542733?position=10&pageNum=7&refId=%2BemNA1Rg4B17%2Brw%2Bie0jDg%3D%3D&trackingId=9hTzfDHStXVJdswv73EdBg%3D%3D,LINKEDIN
Osmos,Product Marketing Manager,"Pune District, Maharashtra, India",https://in.linkedin.com/jobs/view/product-marketing-manager-at-osmos-4467705915?position=1&pageNum=0&refId=%2B8ZdF3SaTL76vmQfT5K1hw%3D%3D&trackingId=c%2BU3mLPhNQo9lMMLiCBeQA%3D%3D,LINKEDIN
GoKwik,Manager - Product Marketing,"Bengaluru, Karnataka, India",https://in.linkedin.com/jobs/view/manager-product-marketing-at-gokwik-4469676171?position=2&pageNum=0&refId=%2B8ZdF3SaTL76vmQfT5K1hw%3D%3D&trackingId=lkC4dYksEblfg%2FAVoEJLCQ%3D%3D,LINKEDIN
TartanHQ,Product Growth Marketing Manager,"Gurugram, Haryana, India",https://in.linkedin.com/jobs/view/product-growth-marketing-manager-at-tartanhq-4467851847?position=3&pageNum=0&refId=%2B8ZdF3SaTL76vmQfT5K1hw%3D%3D&trackingId=T5v7m7%2F3ncqtPZY1NMMhmg%3D%3D,LINKEDIN
Pidge,Product Marketing Manager,"Gurugram, Haryana, India",https://in.linkedin.com/jobs/view/product-marketing-manager-at-pidge-4470425069?position=4&pageNum=0&refId=%2B8ZdF3SaTL76vmQfT5K1hw%3D%3D&trackingId=09xjjxr0L5e3rlsvhvOpBw%3D%3D,LINKEDIN
DevRev,Product Marketing Manager,"Bengaluru, Karnataka, India",https://in.linkedin.com/jobs/view/product-marketing-manager-at-devrev-4466195342?position=5&pageNum=0&refId=%2B8ZdF3SaTL76vmQfT5K1hw%3D%3D&trackingId=5opOW59v0vdINIXY3FqYQA%3D%3D,LINKEDIN
Sarvam,Product Marketing Manager,"Bengaluru, Karnataka, India",https://in.linkedin.com/jobs/view/product-marketing-manager-at-sarvam-4454968411?position=6&pageNum=0&refId=%2B8ZdF3SaTL76vmQfT5K1hw%3D%3D&trackingId=%2FIqIh6%2BDPCYoZj7bGF7WOg%3D%3D,LINKEDIN
Vymo,Product Marketing Manager,"Mumbai, Maharashtra, India",https://in.linkedin.com/jobs/view/product-marketing-manager-at-vymo-4470256137?position=7&pageNum=0&refId=%2B8ZdF3SaTL76vmQfT5K1hw%3D%3D&trackingId=ndtI4ubguRkBWW7gGNC97g%3D%3D,LINKEDIN
Microchip Technology Inc.,Manager - Product Marketing,"Bengaluru, Karnataka, India",https://in.linkedin.com/jobs/view/manager-product-marketing-at-microchip-technology-inc-4459857374?position=8&pageNum=0&refId=%2B8ZdF3SaTL76vmQfT5K1hw%3D%3D&trackingId=cyzG%2B7wEm3W4B7s7dX0PdQ%3D%3D,LINKEDIN
Modlix,Product Marketing Manager - SMB B2B SaaS,Greater Bengaluru Area,https://in.linkedin.com/jobs/view/product-marketing-manager-smb-b2b-saas-at-modlix-4470304558?position=9&pageNum=0&refId=%2B8ZdF3SaTL76vmQfT5K1hw%3D%3D&trackingId=k2hD98mYTo%2FKuJ78bCndbA%3D%3D,LINKEDIN
Phenom,Product Marketing Manager,"Hyderabad, Telangana, India",https://in.linkedin.com/jobs/view/product-marketing-manager-at-phenom-4461209383?position=10&pageNum=0&refId=%2B8ZdF3SaTL76vmQfT5K1hw%3D%3D&trackingId=YgRM9%2FErySiXwvyVvgdtTw%3D%3D,LINKEDIN
Niveus Solutions,Manager - Marketing ( Cloud Portfolio),"Mangaluru, Karnataka, India",https://in.linkedin.com/jobs/view/manager-marketing-cloud-portfolio-at-niveus-solutions-4448969452?position=1&pageNum=5&refId=KY2OxexOchfD5CgMauH%2Bwg%3D%3D&trackingId=PLDB5w8AitKg3Q97cVkttw%3D%3D,LINKEDIN
Drivetrain,Product Marketing Manager,India,https://in.linkedin.com/jobs/view/product-marketing-manager-at-drivetrain-4446158386?position=2&pageNum=5&refId=KY2OxexOchfD5CgMauH%2Bwg%3D%3D&trackingId=WkPx7Y0UNWcrDZDvUmOL9A%3D%3D,LINKEDIN
CloudTV,Product Marketing Manager,"Mumbai, Maharashtra, India",https://in.linkedin.com/jobs/view/product-marketing-manager-at-cloudtv-4472688413?position=3&pageNum=5&refId=KY2OxexOchfD5CgMauH%2Bwg%3D%3D&trackingId=rbpkcpn0xNecelOIr4JIuA%3D%3D,LINKEDIN
Edwards Lifesciences,"Product Marketing Manager, Surgical",Mumbai Metropolitan Region,https://in.linkedin.com/jobs/view/product-marketing-manager-surgical-at-edwards-lifesciences-4470848996?position=4&pageNum=5&refId=KY2OxexOchfD5CgMauH%2Bwg%3D%3D&trackingId=W2VyJbQ1%2FCxrSql%2Fu4cFZQ%3D%3D,LINKEDIN
Johnson & Johnson,Mgr Prod Mgmt,Mumbai Metropolitan Region,https://in.linkedin.com/jobs/view/mgr-prod-mgmt-at-johnson-johnson-4472168067?position=5&pageNum=5&refId=KY2OxexOchfD5CgMauH%2Bwg%3D%3D&trackingId=wNW4SZt7ZwA13NU2fW5H5Q%3D%3D,LINKEDIN
Web Spiders,Marketing Manager – AI Products & Digital Growth,"Kolkata, West Bengal, India",https://in.linkedin.com/jobs/view/marketing-manager-%E2%80%93-ai-products-digital-growth-at-web-spiders-4469569999?position=6&pageNum=5&refId=KY2OxexOchfD5CgMauH%2Bwg%3D%3D&trackingId=2MT%2FMVdh2IRxOTDxfbMVzw%3D%3D,LINKEDIN
Pine Labs,Senior Product Marketing Manager,"Bengaluru, Karnataka, India",https://in.linkedin.com/jobs/view/senior-product-marketing-manager-at-pine-labs-4470869949?position=7&pageNum=5&refId=KY2OxexOchfD5CgMauH%2Bwg%3D%3D&trackingId=52my8QK3TUxAzqLj2HKTyA%3D%3D,LINKEDIN
Atlas Copco Group,Marketing Manager - Pune,Pune/Pimpri-Chinchwad Area,https://in.linkedin.com/jobs/view/marketing-manager-pune-at-atlas-copco-group-4472531507?position=8&pageNum=5&refId=KY2OxexOchfD5CgMauH%2Bwg%3D%3D&trackingId=wd5NOrsEIjeb%2BELuyEMN0Q%3D%3D,LINKEDIN
Zenoti,Manager/Senior Manager -  Product Marketing,"Hyderabad, Telangana, India",https://in.linkedin.com/jobs/view/manager-senior-manager-product-marketing-at-zenoti-4465613316?position=9&pageNum=5&refId=KY2OxexOchfD5CgMauH%2Bwg%3D%3D&trackingId=S%2BPDWJY%2BN19%2BAri5lYMKag%3D%3D,LINKEDIN
Neo,Senior Manager - Product Marketing,"Bengaluru, Karnataka, India",https://in.linkedin.com/jobs/view/senior-manager-product-marketing-at-neo-4472585957?position=10&pageNum=5&refId=KY2OxexOchfD5CgMauH%2Bwg%3D%3D&trackingId=N76hm9ZW%2BTC7l4IABcQMcw%3D%3D,LINKEDIN
Boston Consulting Group (BCG),BCG X Global Product Marketing Manager,"Gurgaon, Haryana, India",https://in.linkedin.com/jobs/view/bcg-x-global-product-marketing-manager-at-boston-consulting-group-bcg-4472820976?position=1&pageNum=7&refId=ll9UT1nCRYTcmpXk2X5oMQ%3D%3D&trackingId=koMpaVKY47pphwJKYl8ZTg%3D%3D,LINKEDIN
CloudNuro,Senior Product Marketing Manager: AI & Product-Led Growth (PLG),"Bengaluru, Karnataka, India",https://in.linkedin.com/jobs/view/senior-product-marketing-manager-ai-product-led-growth-plg-at-cloudnuro-4474279542?position=2&pageNum=7&refId=ll9UT1nCRYTcmpXk2X5oMQ%3D%3D&trackingId=6lS%2Bqa1nSWH%2BKweaE%2F9gkw%3D%3D,LINKEDIN
Dr. Reddy's Laboratories,Manager Marketing - Opera & Osteozen,"Hyderabad, Telangana, India",https://in.linkedin.com/jobs/view/manager-marketing-opera-osteozen-at-dr-reddy-s-laboratories-4475535559?position=3&pageNum=7&refId=ll9UT1nCRYTcmpXk2X5oMQ%3D%3D&trackingId=lI%2FHGI%2B5f%2BVbfiGbSB1opA%3D%3D,LINKEDIN
Kore.ai,Senior Product Marketing Manager,"Hyderabad, Telangana, India",https://in.linkedin.com/jobs/view/senior-product-marketing-manager-at-kore-ai-4473610490?position=4&pageNum=7&refId=ll9UT1nCRYTcmpXk2X5oMQ%3D%3D&trackingId=4wXl5zzuRT%2FWkonLipiUJw%3D%3D,LINKEDIN
Zigsaw,Product Marketing Manager,"Mumbai, Maharashtra, India",https://in.linkedin.com/jobs/view/product-marketing-manager-at-zigsaw-4474248434?position=5&pageNum=7&refId=ll9UT1nCRYTcmpXk2X5oMQ%3D%3D&trackingId=GWhvxqOX%2B3IyDmn8RevUxw%3D%3D,LINKEDIN
Leftlane Software,Senior Product Marketing Manager,"Hyderabad, Telangana, India",https://in.linkedin.com/jobs/view/senior-product-marketing-manager-at-leftlane-software-4473077947?position=6&pageNum=7&refId=ll9UT1nCRYTcmpXk2X5oMQ%3D%3D&trackingId=XFnitaGg5JJ10OtvDhBK4g%3D%3D,LINKEDIN
Aveosoft Pvt Ltd,Product Marketing Manager,"Ahmedabad, Gujarat, India",https://in.linkedin.com/jobs/view/product-marketing-manager-at-aveosoft-pvt-ltd-4467983155?position=7&pageNum=7&refId=ll9UT1nCRYTcmpXk2X5oMQ%3D%3D&trackingId=RzP9di9aOFuvyAKfI2iWEg%3D%3D,LINKEDIN
InCred Money,Marketing Manager,Mumbai Metropolitan Region,https://in.linkedin.com/jobs/view/marketing-manager-at-incred-money-4466195189?position=8&pageNum=7&refId=ll9UT1nCRYTcmpXk2X5oMQ%3D%3D&trackingId=4n3%2F2QmyCpOTQelFgsIo%2FA%3D%3D,LINKEDIN
JioStar,"Manager - Product & Revenue Strategy (Narratives), Sports","Mumbai, Maharashtra, India",https://in.linkedin.com/jobs/view/manager-product-revenue-strategy-narratives-sports-at-jiostar-4429245226?position=9&pageNum=7&refId=ll9UT1nCRYTcmpXk2X5oMQ%3D%3D&trackingId=NKAwq7%2BYnfuCosVZId2uAQ%3D%3D,LINKEDIN
BeyondnMore,Digital Product Marketing Manager,"Mumbai, Maharashtra, India",https://in.linkedin.com/jobs/view/digital-product-marketing-manager-at-beyondnmore-4441591604?position=10&pageNum=7&refId=ll9UT1nCRYTcmpXk2X5oMQ%3D%3D&trackingId=Z%2BK1mpPMBNt5fPijnVpagg%3D%3D,LINKEDIN
Nextenti Tech Private Limited,Brand Manager - Brand Strategy,"Hyderabad, Telangana, India",https://in.linkedin.com/jobs/view/brand-manager-brand-strategy-at-nextenti-tech-private-limited-4473764187?position=1&pageNum=0&refId=TNxnlmSvrbSdY7x0V1xJaw%3D%3D&trackingId=3jiE4xNzs7QK8qqMYhfhlA%3D%3D,LINKEDIN
The Sleep Company,Brand Manager / Sr. Brand Manager,Mumbai Metropolitan Region,https://in.linkedin.com/jobs/view/brand-manager-sr-brand-manager-at-the-sleep-company-4464183419?position=2&pageNum=0&refId=TNxnlmSvrbSdY7x0V1xJaw%3D%3D&trackingId=z38XzFaOSHdLuVF46ncC7Q%3D%3D,LINKEDIN
Nextenti Tech Private Limited,Brand Manager,"Hyderabad, Telangana, India",https://in.linkedin.com/jobs/view/brand-manager-at-nextenti-tech-private-limited-4468612491?position=3&pageNum=0&refId=TNxnlmSvrbSdY7x0V1xJaw%3D%3D&trackingId=SljV%2FjF7lFIxptv1Yxtd0g%3D%3D,LINKEDIN
Traya,Brand Manager,"Mumbai, Maharashtra, India",https://in.linkedin.com/jobs/view/brand-manager-at-traya-4462229323?position=4&pageNum=0&refId=TNxnlmSvrbSdY7x0V1xJaw%3D%3D&trackingId=MidcHnjME2PxuyRUc3rs6w%3D%3D,LINKEDIN
The Skin Diet Company,Brand Manager,"Mumbai, Maharashtra, India",https://in.linkedin.com/jobs/view/brand-manager-at-the-skin-diet-company-4471266091?position=5&pageNum=0&refId=TNxnlmSvrbSdY7x0V1xJaw%3D%3D&trackingId=wZ70APzVuzVvYX9e4dMGiA%3D%3D,LINKEDIN
Opella,Brand Manager,"Mumbai, Maharashtra, India",https://in.linkedin.com/jobs/view/brand-manager-at-opella-4475396902?position=6&pageNum=0&refId=TNxnlmSvrbSdY7x0V1xJaw%3D%3D&trackingId=EsOr%2BvkvHBmG4d%2FTBadEQA%3D%3D,LINKEDIN
Beardo,Brand Manager,"Mumbai, Maharashtra, India",https://in.linkedin.com/jobs/view/brand-manager-at-beardo-4463474360?position=7&pageNum=0&refId=TNxnlmSvrbSdY7x0V1xJaw%3D%3D&trackingId=A9Wbe51K9ZYlItDLtEN5kw%3D%3D,LINKEDIN
Livspace,Brand Manager,"Bengaluru, Karnataka, India",https://in.linkedin.com/jobs/view/brand-manager-at-livspace-4474250519?position=8&pageNum=0&refId=TNxnlmSvrbSdY7x0V1xJaw%3D%3D&trackingId=xSrRHbRK29J2zj55RlsuVQ%3D%3D,LINKEDIN
UNISON INTERNATIONAL CONSULTING (The Recruitment Company),Brand Manager – Derma,"Mumbai, Maharashtra, India",https://in.linkedin.com/jobs/view/brand-manager-%E2%80%93-derma-at-unison-international-consulting-the-recruitment-company-4469665769?position=9&pageNum=0&refId=TNxnlmSvrbSdY7x0V1xJaw%3D%3D&trackingId=y3gQvZY0i1Wzb81ZPsieKg%3D%3D,LINKEDIN
RECRIVIO,Brand & Marketing Manager - D2C,"Delhi, India",https://in.linkedin.com/jobs/view/brand-marketing-manager-d2c-at-recrivio-4474685542?position=10&pageNum=0&refId=TNxnlmSvrbSdY7x0V1xJaw%3D%3D&trackingId=tEJiSwrdt4U%2B23S%2BEIm1qA%3D%3D,LINKEDIN
Tata Consumer Products,Senior Brand Manager,"Mumbai, Maharashtra, India",https://in.linkedin.com/jobs/view/senior-brand-manager-at-tata-consumer-products-4474131113?position=1&pageNum=5&refId=UBTHan35HCxpBszXlZ3rQw%3D%3D&trackingId=5YBK8Scw5xSC4aJJIEev3w%3D%3D,LINKEDIN
Skyleaf Consultants LLP,Brand Manager,"Gurugram, Haryana, India",https://in.linkedin.com/jobs/view/brand-manager-at-skyleaf-consultants-llp-4476155209?position=2&pageNum=5&refId=UBTHan35HCxpBszXlZ3rQw%3D%3D&trackingId=aJBB2bisj83ERuJN%2FYQDDA%3D%3D,LINKEDIN
Merck Healthcare,Manager Marketing,"Mumbai, Maharashtra, India",https://in.linkedin.com/jobs/view/manager-marketing-at-merck-healthcare-4475535664?position=3&pageNum=5&refId=UBTHan35HCxpBszXlZ3rQw%3D%3D&trackingId=fVoaGv438o4z%2Fo6BeAIfTA%3D%3D,LINKEDIN
SUN PHARMA,Product Manager - Branded Products (Emerging Markets),Mumbai Metropolitan Region,https://in.linkedin.com/jobs/view/product-manager-branded-products-emerging-markets-at-sun-pharma-4450318283?position=4&pageNum=5&refId=UBTHan35HCxpBszXlZ3rQw%3D%3D&trackingId=k3J8sDjURkVoj5Hf%2Bdm7Ag%3D%3D,LINKEDIN
LOOM SOLAR PVT. LTD.,Brand Manager,"Faridabad, Haryana, India",https://in.linkedin.com/jobs/view/brand-manager-at-loom-solar-pvt-ltd-4427567855?position=5&pageNum=5&refId=UBTHan35HCxpBszXlZ3rQw%3D%3D&trackingId=FzM%2BKIaQIlArFgwaOC4mcQ%3D%3D,LINKEDIN
the LEGO Group,Brand Manager,"Mumbai, Maharashtra, India",https://in.linkedin.com/jobs/view/brand-manager-at-the-lego-group-4458086770?position=6&pageNum=5&refId=UBTHan35HCxpBszXlZ3rQw%3D%3D&trackingId=W5GcglM2LtklREmUwUpF%2Fw%3D%3D,LINKEDIN
"Keva - Fragrances, Flavours & Aroma Ingredients",Marketing Manager,"Mumbai, Maharashtra, India",https://in.linkedin.com/jobs/view/marketing-manager-at-keva-fragrances-flavours-aroma-ingredients-4473220879?position=7&pageNum=5&refId=UBTHan35HCxpBszXlZ3rQw%3D%3D&trackingId=RMc48lX4fCClkcVLgi2c8A%3D%3D,LINKEDIN
ASTIKA SOFTWARE TECHNOLOGIES PRIVATE LIMITED,Group Product Manager- Marketing,"Mumbai, Maharashtra, India",https://in.linkedin.com/jobs/view/group-product-manager-marketing-at-astika-software-technologies-private-limited-4457737958?position=8&pageNum=5&refId=UBTHan35HCxpBszXlZ3rQw%3D%3D&trackingId=yiJ5b3lrZbYz3zDmsvSmxQ%3D%3D,LINKEDIN
Career Path HR Solution,Group Product Manager - Marketing,"Mumbai, Maharashtra, India",https://in.linkedin.com/jobs/view/group-product-manager-marketing-at-career-path-hr-solution-4435211565?position=9&pageNum=5&refId=UBTHan35HCxpBszXlZ3rQw%3D%3D&trackingId=SDmlSxAlmVlyzrZADThQDA%3D%3D,LINKEDIN
IShake,Senior Brand Manager,"Delhi, India",https://in.linkedin.com/jobs/view/senior-brand-manager-at-ishake-4461126648?position=10&pageNum=5&refId=UBTHan35HCxpBszXlZ3rQw%3D%3D&trackingId=UuvjyqsFcALL0rQ7nMoHhg%3D%3D,LINKEDIN
Tube Investments of India Limited,Category Marketing Manager - Fitness,"Chennai, Tamil Nadu, India",https://in.linkedin.com/jobs/view/category-marketing-manager-fitness-at-tube-investments-of-india-limited-4470268710?position=1&pageNum=7&refId=LuRJFukRkolEXKGW8My%2Flg%3D%3D&trackingId=%2F8mA%2FRDHg%2FdvQVYMs6FV2Q%3D%3D,LINKEDIN
Nat Habit,Marketing Manager,"Gurugram, Haryana, India",https://in.linkedin.com/jobs/view/marketing-manager-at-nat-habit-4471889461?position=2&pageNum=7&refId=LuRJFukRkolEXKGW8My%2Flg%3D%3D&trackingId=ZUzh7rD0dKTLsJHCmNtL7A%3D%3D,LINKEDIN
Proponent Technologies,Growth Marketing & Brand Strategy Manager,"Dehradun, Uttarakhand, India",https://in.linkedin.com/jobs/view/growth-marketing-brand-strategy-manager-at-proponent-technologies-4438519474?position=3&pageNum=7&refId=LuRJFukRkolEXKGW8My%2Flg%3D%3D&trackingId=7GAOIPUsQ0SuPy%2Fx4%2B55lQ%3D%3D,LINKEDIN
Ajmera Realty & Infra India Ltd.,Brand Marketing Specialist,"Mumbai, Maharashtra, India",https://in.linkedin.com/jobs/view/brand-marketing-specialist-at-ajmera-realty-infra-india-ltd-4471708912?position=4&pageNum=7&refId=LuRJFukRkolEXKGW8My%2Flg%3D%3D&trackingId=MN6A%2FNOYUGzifLa0nLHLLg%3D%3D,LINKEDIN
upGrad,Assistant Brand Manager Marketing,"Chandigarh, India",https://in.linkedin.com/jobs/view/assistant-brand-manager-marketing-at-upgrad-4466509921?position=5&pageNum=7&refId=LuRJFukRkolEXKGW8My%2Flg%3D%3D&trackingId=BY9BgxGqHxEyF3LGscJnVA%3D%3D,LINKEDIN
Flix,Brand Category Manager,"Gurugram, Haryana, India",https://in.linkedin.com/jobs/view/brand-category-manager-at-flix-4471484194?position=6&pageNum=7&refId=LuRJFukRkolEXKGW8My%2Flg%3D%3D&trackingId=DraVlYPx37vwvZsWODudkA%3D%3D,LINKEDIN
Zydus Group,Product Manager - Pedia Respiratory Segment,"Mumbai, Maharashtra, India",https://in.linkedin.com/jobs/view/product-manager-pedia-respiratory-segment-at-zydus-group-4471432687?position=7&pageNum=7&refId=LuRJFukRkolEXKGW8My%2Flg%3D%3D&trackingId=G8349s9%2BdgkGXmSFbThq2A%3D%3D,LINKEDIN
HT Digital Streams,Brand Marketing Manager - Digital,"Delhi, India",https://in.linkedin.com/jobs/view/brand-marketing-manager-digital-at-ht-digital-streams-4469135985?position=8&pageNum=7&refId=LuRJFukRkolEXKGW8My%2Flg%3D%3D&trackingId=DZivxAC52LxV%2BA3uHfqTtw%3D%3D,LINKEDIN
"CKE Restaurants, Inc.",Int'l Marketing Manager - India,"Bawana, Delhi, India",https://in.linkedin.com/jobs/view/int-l-marketing-manager-india-at-cke-restaurants-inc-4435410421?position=9&pageNum=7&refId=LuRJFukRkolEXKGW8My%2Flg%3D%3D&trackingId=Kn1fMws5B%2FwD9tcWJImFcw%3D%3D,LINKEDIN
Brown-Forman,Brand Extension and Innovation Manager - India Area,"Gurgaon, Haryana, India",https://in.linkedin.com/jobs/view/brand-extension-and-innovation-manager-india-area-at-brown-forman-4426166020?position=10&pageNum=7&refId=LuRJFukRkolEXKGW8My%2Flg%3D%3D&trackingId=Srbe7fvAXFop6om5maXSsw%3D%3D,LINKEDIN
ONMO+,Senior Marketing Manager – Brand & Communications,"Bengaluru, Karnataka, India",https://in.linkedin.com/jobs/view/senior-marketing-manager-%E2%80%93-brand-communications-at-onmo%2B-4472680875?position=1&pageNum=2&refId=At%2FiodYzsdIuKFAK9W95vA%3D%3D&trackingId=uSrVkdfqmR32nh0L0HNnXQ%3D%3D,LINKEDIN
Fourrts (India) Laboratories Pvt Ltd,Sr.Product Manager / Product Manager / Marketing Manager,"Chennai, Tamil Nadu, India",https://in.linkedin.com/jobs/view/sr-product-manager-product-manager-marketing-manager-at-fourrts-india-laboratories-pvt-ltd-4451914949?position=2&pageNum=2&refId=At%2FiodYzsdIuKFAK9W95vA%3D%3D&trackingId=HgLE12C9aiQUOj8IV4D76w%3D%3D,LINKEDIN
Amazon,"Senior Brand Manager, IN PLX","Bengaluru, Karnataka, India",https://in.linkedin.com/jobs/view/senior-brand-manager-in-plx-at-amazon-4462436824?position=3&pageNum=2&refId=At%2FiodYzsdIuKFAK9W95vA%3D%3D&trackingId=5j48kJwl3a%2Fh%2FnIyjPC6vw%3D%3D,LINKEDIN
People Interactive,Senior Manager Brand Marketing,"Mumbai, Maharashtra, India",https://in.linkedin.com/jobs/view/senior-manager-brand-marketing-at-people-interactive-4472135357?position=4&pageNum=2&refId=At%2FiodYzsdIuKFAK9W95vA%3D%3D&trackingId=3CfJsvMkMh67xUt%2FFQb2Ow%3D%3D,LINKEDIN
ASTIKA SOFTWARE TECHNOLOGIES PRIVATE LIMITED,Group Product Manager- Marketing,"Mumbai, Maharashtra, India",https://in.linkedin.com/jobs/view/group-product-manager-marketing-at-astika-software-technologies-private-limited-4457737958?position=5&pageNum=2&refId=At%2FiodYzsdIuKFAK9W95vA%3D%3D&trackingId=8HNxanrowaNqv2ElGrwfEA%3D%3D,LINKEDIN
Career Path HR Solution,Group Product Manager - Marketing,"Mumbai, Maharashtra, India",https://in.linkedin.com/jobs/view/group-product-manager-marketing-at-career-path-hr-solution-4435211565?position=6&pageNum=2&refId=At%2FiodYzsdIuKFAK9W95vA%3D%3D&trackingId=BUil1Zg8tLi84yPlB1kMDQ%3D%3D,LINKEDIN
Nextenti Tech Private Limited,Brand Manager,"Hyderabad, Telangana, India",https://in.linkedin.com/jobs/view/brand-manager-at-nextenti-tech-private-limited-4468612491?position=7&pageNum=2&refId=At%2FiodYzsdIuKFAK9W95vA%3D%3D&trackingId=7P6UJPI0H1EIPrqErZW0Cw%3D%3D,LINKEDIN
Leftlane Software,Senior Product Marketing Manager,"Hyderabad, Telangana, India",https://in.linkedin.com/jobs/view/senior-product-marketing-manager-at-leftlane-software-4473077947?position=8&pageNum=2&refId=At%2FiodYzsdIuKFAK9W95vA%3D%3D&trackingId=IVmYgIqCn10VCDpkf0wyyg%3D%3D,LINKEDIN
Aster DM Quality Care,BRANDING LEAD / MANAGER,"Trivandrum, Kerala, India",https://in.linkedin.com/jobs/view/branding-lead-manager-at-aster-dm-quality-care-4471867206?position=9&pageNum=2&refId=At%2FiodYzsdIuKFAK9W95vA%3D%3D&trackingId=x4%2FAYnuc%2BMnj%2BXPA9wWsnA%3D%3D,LINKEDIN
Tally Solutions Pvt Ltd,Senior Manager or AGM- Brand Communication,"Bengaluru, Karnataka, India",https://in.linkedin.com/jobs/view/senior-manager-or-agm-brand-communication-at-tally-solutions-pvt-ltd-4463232888?position=10&pageNum=2&refId=At%2FiodYzsdIuKFAK9W95vA%3D%3D&trackingId=jb6xxkJvD9Si5pYT1yohbA%3D%3D,LINKEDIN
BOMBAYDC,Brand Marketing- Digital Product Engineering & AI,"Mumbai, Maharashtra, India",https://in.linkedin.com/jobs/view/brand-marketing-digital-product-engineering-ai-at-bombaydc-4475579947?position=1&pageNum=5&refId=hSQNvXiqz8y4seJhxfMmGw%3D%3D&trackingId=77JCrfY1fVxR57DKr66hhQ%3D%3D,LINKEDIN
NKlusive,Sr Manager Marketing,Greater Hyderabad Area,https://in.linkedin.com/jobs/view/sr-manager-marketing-at-nklusive-4471081773?position=2&pageNum=5&refId=hSQNvXiqz8y4seJhxfMmGw%3D%3D&trackingId=F%2FAYy4cILA4M%2BvcwqECu0g%3D%3D,LINKEDIN
Livspace,Brand Manager,"Bengaluru, Karnataka, India",https://in.linkedin.com/jobs/view/brand-manager-at-livspace-4474250519?position=3&pageNum=5&refId=hSQNvXiqz8y4seJhxfMmGw%3D%3D&trackingId=dinva2V3Xsn7cYdkuA4qyA%3D%3D,LINKEDIN
Publicis Groupe,Brand Partner,"Gurugram, Haryana, India",https://in.linkedin.com/jobs/view/brand-partner-at-publicis-groupe-4472708776?position=4&pageNum=5&refId=hSQNvXiqz8y4seJhxfMmGw%3D%3D&trackingId=4GnxEUwAjw7WXxEcNl3tgQ%3D%3D,LINKEDIN
Chicnutrix,Brand Manager,"Mumbai, Maharashtra, India",https://in.linkedin.com/jobs/view/brand-manager-at-chicnutrix-4467174892?position=5&pageNum=5&refId=hSQNvXiqz8y4seJhxfMmGw%3D%3D&trackingId=%2Fwjzk3by9xiXFhnNXGmsFA%3D%3D,LINKEDIN
Kotak Mahindra Bank,Senior Marketing Manager - Mortgages & Loans,"Mumbai, Maharashtra, India",https://in.linkedin.com/jobs/view/senior-marketing-manager-mortgages-loans-at-kotak-mahindra-bank-4471879594?position=6&pageNum=5&refId=hSQNvXiqz8y4seJhxfMmGw%3D%3D&trackingId=AJsUX3eCo0pt9%2FTDh3xvsQ%3D%3D,LINKEDIN
Impronics Technologies,Brand Manager,Mumbai Metropolitan Region,https://in.linkedin.com/jobs/view/brand-manager-at-impronics-technologies-3976034290?position=7&pageNum=5&refId=hSQNvXiqz8y4seJhxfMmGw%3D%3D&trackingId=yuNn2kLZdjv3tlGxl6LC%2FQ%3D%3D,LINKEDIN
Abbott,Group Product Manager-GI Prima-Mumbai,Mumbai Metropolitan Region,https://in.linkedin.com/jobs/view/group-product-manager-gi-prima-mumbai-at-abbott-4453083826?position=8&pageNum=5&refId=hSQNvXiqz8y4seJhxfMmGw%3D%3D&trackingId=ol%2BJ13fxJkjH62nHylOUZA%3D%3D,LINKEDIN
SUN PHARMA,Product Manager - Branded Products (Emerging Markets),Mumbai Metropolitan Region,https://in.linkedin.com/jobs/view/product-manager-branded-products-emerging-markets-at-sun-pharma-4450318283?position=9&pageNum=5&refId=hSQNvXiqz8y4seJhxfMmGw%3D%3D&trackingId=sNCDpFXsMUQIUplkUcgjrQ%3D%3D,LINKEDIN
Ultraviolette Automotive,Brand Lead,"Bengaluru, Karnataka, India",https://in.linkedin.com/jobs/view/brand-lead-at-ultraviolette-automotive-4472134705?position=10&pageNum=5&refId=hSQNvXiqz8y4seJhxfMmGw%3D%3D&trackingId=mqTDdOWTtOAYNocpAM3PkA%3D%3D,LINKEDIN
Brown-Forman,Brand Extension and Innovation Manager - India Area,"Gurgaon, Haryana, India",https://in.linkedin.com/jobs/view/brand-extension-and-innovation-manager-india-area-at-brown-forman-4426166020?position=1&pageNum=7&refId=YsoLjEh3vAZUzxQttDP%2Fng%3D%3D&trackingId=nCh4fnSk3yvbcDykR%2F1V6g%3D%3D,LINKEDIN
https://drone-port.in/,Brand & Marketing Manager,"Chennai, Tamil Nadu, India",https://in.linkedin.com/jobs/view/brand-marketing-manager-at-https-drone-port-in-4456606409?position=2&pageNum=7&refId=YsoLjEh3vAZUzxQttDP%2Fng%3D%3D&trackingId=ZiHPV22YZZFH7ObQWTGOeQ%3D%3D,LINKEDIN
Jubilant FoodWorks Ltd.,Category Marketing Manager,"Noida, Uttar Pradesh, India",https://in.linkedin.com/jobs/view/category-marketing-manager-at-jubilant-foodworks-ltd-4473615457?position=3&pageNum=7&refId=YsoLjEh3vAZUzxQttDP%2Fng%3D%3D&trackingId=B6RJ38kfvKf97i1PYN83GQ%3D%3D,LINKEDIN
SUN PHARMA,Group Product Manager - Nutrition,Mumbai Metropolitan Region,https://in.linkedin.com/jobs/view/group-product-manager-nutrition-at-sun-pharma-4461164305?position=4&pageNum=7&refId=YsoLjEh3vAZUzxQttDP%2Fng%3D%3D&trackingId=L5CReNT8naDymNLwrJ%2BRcw%3D%3D,LINKEDIN
WSA – Wonderful Sound for All,"Manager, Brand and Strategy","Bengaluru, Karnataka, India",https://in.linkedin.com/jobs/view/manager-brand-and-strategy-at-wsa-%E2%80%93-wonderful-sound-for-all-4445731516?position=5&pageNum=7&refId=YsoLjEh3vAZUzxQttDP%2Fng%3D%3D&trackingId=ZLD7JKexu1qyqXWlPXOQ6A%3D%3D,LINKEDIN
Lyzr AI,Marketing Lead,"Bengaluru, Karnataka, India",https://in.linkedin.com/jobs/view/marketing-lead-at-lyzr-ai-4468517657?position=6&pageNum=7&refId=YsoLjEh3vAZUzxQttDP%2Fng%3D%3D&trackingId=fPCfIrfxlFjWMMKpSA0Ixg%3D%3D,LINKEDIN
Dr. Reddy's Laboratories,Brand Manager - International Markets,"Hyderabad, Telangana, India",https://in.linkedin.com/jobs/view/brand-manager-international-markets-at-dr-reddy-s-laboratories-4471893236?position=7&pageNum=7&refId=YsoLjEh3vAZUzxQttDP%2Fng%3D%3D&trackingId=Z9YrkloPKufKWflOCITK3A%3D%3D,LINKEDIN
Medtronic,Senior Marketing Manager,"Gurgaon, Haryana, India",https://in.linkedin.com/jobs/view/senior-marketing-manager-at-medtronic-4454037570?position=8&pageNum=7&refId=YsoLjEh3vAZUzxQttDP%2Fng%3D%3D&trackingId=wolx9%2FkH%2ByiUfdGQ2RVi2g%3D%3D,LINKEDIN
Jaidev Pharma Placement,GPM – Pharma PMT | Cardio Division | Ludhiana / Mumbai | 7+ Years Pharma PMT Experience Mandatory | ₹15 LPA,Mumbai Metropolitan Region,https://in.linkedin.com/jobs/view/gpm-%E2%80%93-pharma-pmt-cardio-division-ludhiana-mumbai-7%2B-years-pharma-pmt-experience-mandatory-%E2%82%B915-lpa-at-jaidev-pharma-placement-4473614441?position=9&pageNum=7&refId=YsoLjEh3vAZUzxQttDP%2Fng%3D%3D&trackingId=PITxJAa%2FHTqoYI%2B4unogEQ%3D%3D,LINKEDIN
Qoruz,Product Marketing and GTM - Senior Manager,"Bengaluru, Karnataka, India",https://in.linkedin.com/jobs/view/product-marketing-and-gtm-senior-manager-at-qoruz-4474276186?position=10&pageNum=7&refId=YsoLjEh3vAZUzxQttDP%2Fng%3D%3D&trackingId=nq5m1mmf9r1FzK7lLFMjMA%3D%3D,LINKEDIN
"Raintree, St Mary's",Assistant Manager - Marcom,"Chennai, Tamil Nadu, India",https://in.linkedin.com/jobs/view/assistant-manager-marcom-at-raintree-st-mary-s-4473856016?position=1&pageNum=2&refId=EpLcC1fWvAE8Yy9W7ym%2Bhg%3D%3D&trackingId=TI1okk63mfIxQSdv0mTT2Q%3D%3D,LINKEDIN
Myntra,Associate Category Manager (Campaign Marketing ),"Bengaluru, Karnataka, India",https://in.linkedin.com/jobs/view/associate-category-manager-campaign-marketing-at-myntra-4468754909?position=2&pageNum=2&refId=EpLcC1fWvAE8Yy9W7ym%2Bhg%3D%3D&trackingId=K1XdKMCwU5FqYQyJWdn5Iw%3D%3D,LINKEDIN
Purplle.com,Executive / Senior Executive  - Marketing,Mumbai Metropolitan Region,https://in.linkedin.com/jobs/view/executive-senior-executive-marketing-at-purplle-com-4441969148?position=3&pageNum=2&refId=EpLcC1fWvAE8Yy9W7ym%2Bhg%3D%3D&trackingId=985YMVvo4gGw2OwamHJhtA%3D%3D,LINKEDIN
smallcase,Assistant Manager- Product Marketing,"Bengaluru, Karnataka, India",https://in.linkedin.com/jobs/view/assistant-manager-product-marketing-at-smallcase-4474684003?position=4&pageNum=2&refId=EpLcC1fWvAE8Yy9W7ym%2Bhg%3D%3D&trackingId=%2BFrw9O%2Fp0lB3osgvRkJLFw%3D%3D,LINKEDIN
InterGlobe Enterprises,Assistant Manager - Marketing,"Gurugram, Haryana, India",https://in.linkedin.com/jobs/view/assistant-manager-marketing-at-interglobe-enterprises-4132813398?position=5&pageNum=2&refId=EpLcC1fWvAE8Yy9W7ym%2Bhg%3D%3D&trackingId=fag5Yb459uhWQgBdJxDHRw%3D%3D,LINKEDIN
Myntra,Associate - Cat Marketing,"Bengaluru, Karnataka, India",https://in.linkedin.com/jobs/view/associate-cat-marketing-at-myntra-4468249722?position=6&pageNum=2&refId=EpLcC1fWvAE8Yy9W7ym%2Bhg%3D%3D&trackingId=pOex21UbtJQKbs1qWqM1XA%3D%3D,LINKEDIN
AB InBev India,Assistant Trade Marketing Manager,"Varanasi, Uttar Pradesh, India",https://in.linkedin.com/jobs/view/assistant-trade-marketing-manager-at-ab-inbev-india-4470099565?position=7&pageNum=2&refId=EpLcC1fWvAE8Yy9W7ym%2Bhg%3D%3D&trackingId=eGsUHdVwejCz41BqB65e%2FQ%3D%3D,LINKEDIN
Jajabor Brand Consultancy,Marketing & Brand Executive,"New Delhi, Delhi, India",https://in.linkedin.com/jobs/view/marketing-brand-executive-at-jajabor-brand-consultancy-4472558031?position=8&pageNum=2&refId=EpLcC1fWvAE8Yy9W7ym%2Bhg%3D%3D&trackingId=DyaQCXedbepRmWEUSNCEcg%3D%3D,LINKEDIN
WinnerBrands,Assistant Manager – Alco-Bev Category Development & New Initiatives - For Leading Beverage Business Solutions,Greater Bengaluru Area,https://in.linkedin.com/jobs/view/assistant-manager-%E2%80%93-alco-bev-category-development-new-initiatives-for-leading-beverage-business-solutions-at-winnerbrands-4464533051?position=9&pageNum=2&refId=EpLcC1fWvAE8Yy9W7ym%2Bhg%3D%3D&trackingId=vY5C2EdzzV4aOmbw4xckCQ%3D%3D,LINKEDIN
TBZ - The Original,Brand Marketing,"Mumbai, Maharashtra, India",https://in.linkedin.com/jobs/view/brand-marketing-at-tbz-the-original-4473237137?position=10&pageNum=2&refId=EpLcC1fWvAE8Yy9W7ym%2Bhg%3D%3D&trackingId=7PB8oK5Hon%2FWTaCmmpxP6Q%3D%3D,LINKEDIN
Ethios Group - Ethios Enviro Solutions Pvt Ltd,Marketing & Branding Executive/Manager,"Ahmedabad, Gujarat, India",https://in.linkedin.com/jobs/view/marketing-branding-executive-manager-at-ethios-group-ethios-enviro-solutions-pvt-ltd-4439503193?position=1&pageNum=5&refId=E9CpwDGwKt%2FFM3qv3eDwCg%3D%3D&trackingId=BB1rmCJ%2Fj0jLTtVDyfEuDQ%3D%3D,LINKEDIN
Dhiya Couture,Brand Manager (Offline & Online),"Jaipur, Rajasthan, India",https://in.linkedin.com/jobs/view/brand-manager-offline-online-at-dhiya-couture-4457457325?position=2&pageNum=5&refId=E9CpwDGwKt%2FFM3qv3eDwCg%3D%3D&trackingId=BK3IVTmOcPmzyiBRo6RqDQ%3D%3D,LINKEDIN
Emerald Jewel Industry India Limited,Brand Marketing Coordinator,"Coimbatore, Tamil Nadu, India",https://in.linkedin.com/jobs/view/brand-marketing-coordinator-at-emerald-jewel-industry-india-limited-4474246256?position=3&pageNum=5&refId=E9CpwDGwKt%2FFM3qv3eDwCg%3D%3D&trackingId=UT44lOPKxQYBQeRirUUn1w%3D%3D,LINKEDIN
Four Seasons,Assistant Marketing Manager,Mumbai Metropolitan Region,https://in.linkedin.com/jobs/view/assistant-marketing-manager-at-four-seasons-4461075621?position=4&pageNum=5&refId=E9CpwDGwKt%2FFM3qv3eDwCg%3D%3D&trackingId=%2FZ%2F%2BjFhArhV8q3nOz8OclA%3D%3D,LINKEDIN
Robro Systems,Marketing & Branding Executive,"Indore, Madhya Pradesh, India",https://in.linkedin.com/jobs/view/marketing-branding-executive-at-robro-systems-4473722402?position=5&pageNum=5&refId=E9CpwDGwKt%2FFM3qv3eDwCg%3D%3D&trackingId=VBRle2Chj9AJHZzfDScm8w%3D%3D,LINKEDIN
Nextenti Tech Private Limited,Marketing Executive,"Maheshwaram, Telangana, India",https://in.linkedin.com/jobs/view/marketing-executive-at-nextenti-tech-private-limited-4470153466?position=6&pageNum=5&refId=E9CpwDGwKt%2FFM3qv3eDwCg%3D%3D&trackingId=lkcnZi4zMysR6KBIyK5Faw%3D%3D,LINKEDIN
Puretech Digital - A Genesis Company,Corporate Communication - Associate Business Manager,Mumbai Metropolitan Region,https://in.linkedin.com/jobs/view/corporate-communication-associate-business-manager-at-puretech-digital-a-genesis-company-4456888094?position=7&pageNum=5&refId=E9CpwDGwKt%2FFM3qv3eDwCg%3D%3D&trackingId=YajbluEIa307vpVo%2BoBeOw%3D%3D,LINKEDIN
Cognita Schools,Assistant Manager - Marketing,"Hyderabad, Telangana, India",https://in.linkedin.com/jobs/view/assistant-manager-marketing-at-cognita-schools-4455277059?position=8&pageNum=5&refId=E9CpwDGwKt%2FFM3qv3eDwCg%3D%3D&trackingId=SMftQ7RxsPwl6pyVTOr2oA%3D%3D,LINKEDIN
Lupin,Manager - Legal,"Mumbai, Maharashtra, India",https://in.linkedin.com/jobs/view/manager-legal-at-lupin-4427493163?position=9&pageNum=5&refId=E9CpwDGwKt%2FFM3qv3eDwCg%3D%3D&trackingId=iYcXRgikd8nqWglPmaxmDA%3D%3D,LINKEDIN
Chhota Hazri Spirits,Assistant Key Account Manager,"North Goa, Goa, India",https://in.linkedin.com/jobs/view/assistant-key-account-manager-at-chhota-hazri-spirits-4474668813?position=10&pageNum=5&refId=E9CpwDGwKt%2FFM3qv3eDwCg%3D%3D&trackingId=1JP71E%2BZqFOLOeeSKYVWgw%3D%3D,LINKEDIN
Schbang,Brand Solutions Strategist,Mumbai Metropolitan Region,https://in.linkedin.com/jobs/view/brand-solutions-strategist-at-schbang-4472948049?position=1&pageNum=7&refId=yu69%2FhaNoQiEUlKuyY8QJg%3D%3D&trackingId=lMZ39sJrYZn5EhDZa4uF2w%3D%3D,LINKEDIN
Beco,Senior Brand Executive,Mumbai Metropolitan Region,https://in.linkedin.com/jobs/view/senior-brand-executive-at-beco-4415067615?position=2&pageNum=7&refId=yu69%2FhaNoQiEUlKuyY8QJg%3D%3D&trackingId=q%2BvzU5FaiZwZczicAmenfg%3D%3D,LINKEDIN
Firefly Diamonds,Marketing Strategist,"Mumbai, Maharashtra, India",https://in.linkedin.com/jobs/view/marketing-strategist-at-firefly-diamonds-4449377176?position=3&pageNum=7&refId=yu69%2FhaNoQiEUlKuyY8QJg%3D%3D&trackingId=J6ReKqzp7B7kB%2F2KoZZlKw%3D%3D,LINKEDIN
Cox & Kings,Brand Executive,"New Delhi, Delhi, India",https://in.linkedin.com/jobs/view/brand-executive-at-cox-kings-4474663912?position=4&pageNum=7&refId=yu69%2FhaNoQiEUlKuyY8QJg%3D%3D&trackingId=H8xTxaa%2FK2lDj5sATwp0qw%3D%3D,LINKEDIN
Mediversal Healthcare,Executive - Marketing,"Patna, Bihar, India",https://in.linkedin.com/jobs/view/executive-marketing-at-mediversal-healthcare-4349900324?position=5&pageNum=7&refId=yu69%2FhaNoQiEUlKuyY8QJg%3D%3D&trackingId=ijvozzWsA%2FLHjixm7oEs6w%3D%3D,LINKEDIN
Genera Online,Marketing & Sales Associate,"Jaipur, Rajasthan, India",https://in.linkedin.com/jobs/view/marketing-sales-associate-at-genera-online-4471007653?position=6&pageNum=7&refId=yu69%2FhaNoQiEUlKuyY8QJg%3D%3D&trackingId=mY6b8tf%2FWFTMEcv5skbKyQ%3D%3D,LINKEDIN
SortYourTrip,Brand Executive,"Mumbai, Maharashtra, India",https://in.linkedin.com/jobs/view/brand-executive-at-sortyourtrip-4470160813?position=7&pageNum=7&refId=yu69%2FhaNoQiEUlKuyY8QJg%3D%3D&trackingId=By5X4DoIWc5JKkXyY0WqpA%3D%3D,LINKEDIN
Alienkind,Marketing Associate,"Bengaluru, Karnataka, India",https://in.linkedin.com/jobs/view/marketing-associate-at-alienkind-4470320160?position=8&pageNum=7&refId=yu69%2FhaNoQiEUlKuyY8QJg%3D%3D&trackingId=%2BqlQ5rxUYqFy0rGbFuVkPg%3D%3D,LINKEDIN
Hyatt Regency,Assistant Manager Marketing,"Chennai, Tamil Nadu, India",https://in.linkedin.com/jobs/view/assistant-manager-marketing-at-hyatt-regency-4467747591?position=9&pageNum=7&refId=yu69%2FhaNoQiEUlKuyY8QJg%3D%3D&trackingId=fQEaShsZXivpNx9YS2FUeQ%3D%3D,LINKEDIN
MANN+HUMMEL,"Asst Manager - Product and Marketing, AA","Bengaluru, Karnataka, India",https://in.linkedin.com/jobs/view/asst-manager-product-and-marketing-aa-at-mann%2Bhummel-4473292634?position=10&pageNum=7&refId=yu69%2FhaNoQiEUlKuyY8QJg%3D%3D&trackingId=IxnVL%2FOmPUpFp9sXepRoig%3D%3D,LINKEDIN
Ujjivan Small Finance Bank,Manager-Functions Strategy,"Bengaluru, Karnataka, India",https://in.linkedin.com/jobs/view/manager-functions-strategy-at-ujjivan-small-finance-bank-4471404555?position=1&pageNum=0&refId=omKas%2BFWYldRWsk5IaZkng%3D%3D&trackingId=fzZEgFCqmaP2pEvmPodDaQ%3D%3D,LINKEDIN
Accenture in India,#ACN GN-Industry-Health- Care innovation- Manager,"Bengaluru, Karnataka, India",https://in.linkedin.com/jobs/view/%23acn-gn-industry-health-care-innovation-manager-at-accenture-in-india-4448323797?position=2&pageNum=0&refId=omKas%2BFWYldRWsk5IaZkng%3D%3D&trackingId=9CXrcvtN7%2BmnFTYIB1mNTA%3D%3D,LINKEDIN
Traya,Business Strategy Manager,"Mumbai, Maharashtra, India",https://in.linkedin.com/jobs/view/business-strategy-manager-at-traya-4468970581?position=3&pageNum=0&refId=omKas%2BFWYldRWsk5IaZkng%3D%3D&trackingId=N5S1UKgIRsGW%2BFRf7hZ5JQ%3D%3D,LINKEDIN
JioStar,"Manager - Sports Subscriptions & Monetization Strategy, Sports",Mumbai Metropolitan Region,https://in.linkedin.com/jobs/view/manager-sports-subscriptions-monetization-strategy-sports-at-jiostar-4448435124?position=4&pageNum=0&refId=omKas%2BFWYldRWsk5IaZkng%3D%3D&trackingId=dex4Qc0e29jCyhU%2BG1yzIg%3D%3D,LINKEDIN
JioStar,"Manager - Programming Strategy and Insights (Quantitative), Hindi Movies",Mumbai Metropolitan Region,https://in.linkedin.com/jobs/view/manager-programming-strategy-and-insights-quantitative-hindi-movies-at-jiostar-4463990635?position=5&pageNum=0&refId=omKas%2BFWYldRWsk5IaZkng%3D%3D&trackingId=Aw6y1NRxDGw0Goo7pmMVRQ%3D%3D,LINKEDIN
Mount Talent Consulting Pvt Ltd.,Manager Corporate Strategy,"Gurugram, Haryana, India",https://in.linkedin.com/jobs/view/manager-corporate-strategy-at-mount-talent-consulting-pvt-ltd-4437048701?position=6&pageNum=0&refId=omKas%2BFWYldRWsk5IaZkng%3D%3D&trackingId=k0S5Axec%2BPWQikdelDjbsg%3D%3D,LINKEDIN
PayU,Manager Repayment and Collections Strategy,Mumbai Metropolitan Region,https://in.linkedin.com/jobs/view/manager-repayment-and-collections-strategy-at-payu-4455861329?position=7&pageNum=0&refId=omKas%2BFWYldRWsk5IaZkng%3D%3D&trackingId=9dN32hJpH9gIbrrH4K992Q%3D%3D,LINKEDIN
NXP Semiconductors,Product Planning Manager,"Hyderabad, Telangana, India",https://in.linkedin.com/jobs/view/product-planning-manager-at-nxp-semiconductors-4465321722?position=8&pageNum=0&refId=omKas%2BFWYldRWsk5IaZkng%3D%3D&trackingId=zLO5aY5wzECY9onHw1ezQw%3D%3D,LINKEDIN
Henkel,Market Strategy Manager - IMEA,"Navi Mumbai, Maharashtra, India",https://in.linkedin.com/jobs/view/market-strategy-manager-imea-at-henkel-4458723753?position=9&pageNum=0&refId=omKas%2BFWYldRWsk5IaZkng%3D%3D&trackingId=mBT4YHjSXohaejzH9VqYag%3D%3D,LINKEDIN
Accenture in India,#ACN S&C-GN-Strategy-Corporate Strategy & Growth - Manager,"Bengaluru, Karnataka, India",https://in.linkedin.com/jobs/view/%23acn-s-c-gn-strategy-corporate-strategy-growth-manager-at-accenture-in-india-4448335519?position=10&pageNum=0&refId=omKas%2BFWYldRWsk5IaZkng%3D%3D&trackingId=ic3mVphZJAzt7PhMj7sgwA%3D%3D,LINKEDIN
Walmart,"Sr Manager, Business strategy & PMO",Greater Bengaluru Area,https://in.linkedin.com/jobs/view/sr-manager-business-strategy-pmo-at-walmart-4467843912?position=1&pageNum=2&refId=HORqgDNI9WiPGHSWa7fazg%3D%3D&trackingId=NLc3OFsHcBMyZXL2Q8swsg%3D%3D,LINKEDIN
Meesho,Manager- Program Strategy - Fulfilment & Experience,"Bengaluru, Karnataka, India",https://in.linkedin.com/jobs/view/manager-program-strategy-fulfilment-experience-at-meesho-4474156435?position=2&pageNum=2&refId=HORqgDNI9WiPGHSWa7fazg%3D%3D&trackingId=E9uGUrYn3D3K5WY0OsMkQg%3D%3D,LINKEDIN
SalesForce-ad,Sales Strategy Manager,"Bengaluru, Karnataka, India",https://in.linkedin.com/jobs/view/sales-strategy-manager-at-salesforce-ad-4474154170?position=3&pageNum=2&refId=HORqgDNI9WiPGHSWa7fazg%3D%3D&trackingId=%2Bsb0wuSDUzNto7cv4emxIA%3D%3D,LINKEDIN
GNA Energy,Research & Strategy Manager,"Gurugram, Haryana, India",https://in.linkedin.com/jobs/view/research-strategy-manager-at-gna-energy-4451185426?position=4&pageNum=2&refId=HORqgDNI9WiPGHSWa7fazg%3D%3D&trackingId=iiIyzR6OFPK%2Fhzoqmn%2BA6A%3D%3D,LINKEDIN
DreamStreet,Product Strategy Manager,"Mumbai, Maharashtra, India",https://in.linkedin.com/jobs/view/product-strategy-manager-at-dreamstreet-4475530801?position=5&pageNum=2&refId=HORqgDNI9WiPGHSWa7fazg%3D%3D&trackingId=DwwdKNqjBVKBhSmS%2BB81UQ%3D%3D,LINKEDIN
Salesforce,Sales Strategy Manager,"Bengaluru, Karnataka, India",https://in.linkedin.com/jobs/view/sales-strategy-manager-at-salesforce-4474300578?position=6&pageNum=2&refId=HORqgDNI9WiPGHSWa7fazg%3D%3D&trackingId=8tYH5A%2BaTRi8ba2bcliCaQ%3D%3D,LINKEDIN
Mondelēz International,"RGM Manager, AMEA",Mumbai Metropolitan Region,https://in.linkedin.com/jobs/view/rgm-manager-amea-at-mondel%C4%93z-international-4459648776?position=7&pageNum=2&refId=HORqgDNI9WiPGHSWa7fazg%3D%3D&trackingId=GtN3ardm38z%2F9wEEZAR7%2FQ%3D%3D,LINKEDIN
Lupin,Manager - Product,"Mumbai, Maharashtra, India",https://in.linkedin.com/jobs/view/manager-product-at-lupin-4460970249?position=8&pageNum=2&refId=HORqgDNI9WiPGHSWa7fazg%3D%3D&trackingId=CmZKUOeXlrz3YC%2BvPSiOjA%3D%3D,LINKEDIN
Route Mobile Limited,Strategy Manager,Mumbai Metropolitan Region,https://in.linkedin.com/jobs/view/strategy-manager-at-route-mobile-limited-4440783120?position=9&pageNum=2&refId=HORqgDNI9WiPGHSWa7fazg%3D%3D&trackingId=Gvwy6CYAccE9nc5%2Baq0Nbg%3D%3D,LINKEDIN
Bharat Serums and Vaccines Limited,Manager - Strategy & Transformation Office,"Mumbai, Maharashtra, India",https://in.linkedin.com/jobs/view/manager-strategy-transformation-office-at-bharat-serums-and-vaccines-limited-4472111600?position=10&pageNum=2&refId=HORqgDNI9WiPGHSWa7fazg%3D%3D&trackingId=fXIHL0tXFLA99uXRi3btpw%3D%3D,LINKEDIN
India Autism Center,Strategy Manager,Greater Kolkata Area,https://in.linkedin.com/jobs/view/strategy-manager-at-india-autism-center-4474696435?position=1&pageNum=5&refId=psqfjBX%2BZEUJqDJZeg8mhg%3D%3D&trackingId=LQfPayYriMAhpjEFS5dYQw%3D%3D,LINKEDIN
FMC Corporation,Manager - PMO & Strategic initiatives,Mumbai Metropolitan Region,https://in.linkedin.com/jobs/view/manager-pmo-strategic-initiatives-at-fmc-corporation-4402898644?position=2&pageNum=5&refId=psqfjBX%2BZEUJqDJZeg8mhg%3D%3D&trackingId=%2BcNlrqjHQrMWb%2Fxd76ZsZA%3D%3D,LINKEDIN
Praxis Global Alliance,Praxis Global Alliance – Manager– Next Gen Industrials,"Gurugram, Haryana, India",https://in.linkedin.com/jobs/view/praxis-global-alliance-%E2%80%93-manager%E2%80%93-next-gen-industrials-at-praxis-global-alliance-4288219667?position=3&pageNum=5&refId=psqfjBX%2BZEUJqDJZeg8mhg%3D%3D&trackingId=pRS4xoa4qhLM4FyInniO%2BA%3D%3D,LINKEDIN
Mercados Energy Markets India,Manager - Management Consulting,"Chennai, Tamil Nadu, India",https://in.linkedin.com/jobs/view/manager-management-consulting-at-mercados-energy-markets-india-4464779548?position=4&pageNum=5&refId=psqfjBX%2BZEUJqDJZeg8mhg%3D%3D&trackingId=oO4YbBDVXFWi%2FVZoED27sA%3D%3D,LINKEDIN
Deepak Group Co,Lead Strategy - Advanced Intermediates,"Vadodara, Gujarat, India",https://in.linkedin.com/jobs/view/lead-strategy-advanced-intermediates-at-deepak-group-co-4474137118?position=5&pageNum=5&refId=psqfjBX%2BZEUJqDJZeg8mhg%3D%3D&trackingId=8VKI8UvlMPc0m%2FN0ZLGHeg%3D%3D,LINKEDIN
Boston Consulting Group (BCG),Global Sector Senior Manager - Payments & Fintech,"Gurgaon, Haryana, India",https://in.linkedin.com/jobs/view/global-sector-senior-manager-payments-fintech-at-boston-consulting-group-bcg-4464848325?position=6&pageNum=5&refId=psqfjBX%2BZEUJqDJZeg8mhg%3D%3D&trackingId=IVDw5SxSNjS02hJDAngqCQ%3D%3D,LINKEDIN
Stemz Healthcare,Manager - Value-Added Services,"Gurgaon, Haryana, India",https://in.linkedin.com/jobs/view/manager-value-added-services-at-stemz-healthcare-4454008334?position=7&pageNum=5&refId=psqfjBX%2BZEUJqDJZeg8mhg%3D%3D&trackingId=Nmxba%2Bvk08c07e6cC2%2FijA%3D%3D,LINKEDIN
Revolut,Strategy & Operations Manager (Crypto),"Gurgaon, Haryana, India",https://in.linkedin.com/jobs/view/strategy-operations-manager-crypto-at-revolut-4445760297?position=8&pageNum=5&refId=psqfjBX%2BZEUJqDJZeg8mhg%3D%3D&trackingId=37PL7eHw098ZmuHCqPBkZw%3D%3D,LINKEDIN
Aditya Birla Sun Life Insurance,Manager - Distribution Development Management - Goregaon,"Maharashtra, India",https://in.linkedin.com/jobs/view/manager-distribution-development-management-goregaon-at-aditya-birla-sun-life-insurance-4463352933?position=9&pageNum=5&refId=psqfjBX%2BZEUJqDJZeg8mhg%3D%3D&trackingId=a32cwZ61c2CJFSJwys9uBA%3D%3D,LINKEDIN
LSEG,"Data Strategy Manager, Company Data","Bengaluru, Karnataka, India",https://in.linkedin.com/jobs/view/data-strategy-manager-company-data-at-lseg-4468744998?position=10&pageNum=5&refId=psqfjBX%2BZEUJqDJZeg8mhg%3D%3D&trackingId=Cf1Qymoikd7UMcZu3j9A9w%3D%3D,LINKEDIN
EY,Tech S and T-TechStrategy-Manager-GDSF04,"Mumbai, Maharashtra, India",https://in.linkedin.com/jobs/view/tech-s-and-t-techstrategy-manager-gdsf04-at-ey-4469320201?position=1&pageNum=7&refId=du%2F7MX%2Be7CWCkDEoxXbmqg%3D%3D&trackingId=okkuC38EQ8E2b8lem%2FNlJg%3D%3D,LINKEDIN
Keka HR,Manager-CRO Office,"Hyderabad, Telangana, India",https://in.linkedin.com/jobs/view/manager-cro-office-at-keka-hr-4470412266?position=2&pageNum=7&refId=du%2F7MX%2Be7CWCkDEoxXbmqg%3D%3D&trackingId=c5F6NGzh3z7prhAtf12b0A%3D%3D,LINKEDIN
Applied Data Finance,Manager – Portfolio Strategy & Analytics,India,https://in.linkedin.com/jobs/view/manager-%E2%80%93-portfolio-strategy-analytics-at-applied-data-finance-4474266833?position=3&pageNum=7&refId=du%2F7MX%2Be7CWCkDEoxXbmqg%3D%3D&trackingId=DyHdbh15JPXO4szYGvjRNg%3D%3D,LINKEDIN
Amgen,Manager - Strategic Planning & Operations,"Hyderabad, Telangana, India",https://in.linkedin.com/jobs/view/manager-strategic-planning-operations-at-amgen-4449000256?position=4&pageNum=7&refId=du%2F7MX%2Be7CWCkDEoxXbmqg%3D%3D&trackingId=QocweTcE23B8P%2B%2B7JJK8PQ%3D%3D,LINKEDIN
RTX,"Senior Manager, Enterprise Services Strategy & Transformation","Bengaluru, Karnataka, India",https://in.linkedin.com/jobs/view/senior-manager-enterprise-services-strategy-transformation-at-rtx-4465060780?position=5&pageNum=7&refId=du%2F7MX%2Be7CWCkDEoxXbmqg%3D%3D&trackingId=ptyixUSNrSdzWDvnaY%2FW4g%3D%3D,LINKEDIN
Pernod Ricard India,Senior Manager - Business Performance & Strategic Initiatives,"Gurugram, Haryana, India",https://in.linkedin.com/jobs/view/senior-manager-business-performance-strategic-initiatives-at-pernod-ricard-india-4471357880?position=6&pageNum=7&refId=du%2F7MX%2Be7CWCkDEoxXbmqg%3D%3D&trackingId=WqKvpqWJ2jsQs%2BYM2G2JFQ%3D%3D,LINKEDIN
YES BANK,Team Member,Mumbai Metropolitan Region,https://in.linkedin.com/jobs/view/team-member-at-yes-bank-4463124592?position=7&pageNum=7&refId=du%2F7MX%2Be7CWCkDEoxXbmqg%3D%3D&trackingId=WuxcHbrxZ9ssG2t7JhBVcA%3D%3D,LINKEDIN
Align Technology,Sr. Business Innovation Manager (Hyderabad/Bangalore/Mumbai),Mumbai Metropolitan Region,https://in.linkedin.com/jobs/view/sr-business-innovation-manager-hyderabad-bangalore-mumbai-at-align-technology-4470283006?position=8&pageNum=7&refId=du%2F7MX%2Be7CWCkDEoxXbmqg%3D%3D&trackingId=SwC%2FzXq%2FiBcz%2B4doIBKlgQ%3D%3D,LINKEDIN
Salesforce,Manager/Senior Manager - Business Strategy,"Hyderabad, Telangana, India",https://in.linkedin.com/jobs/view/manager-senior-manager-business-strategy-at-salesforce-4472460025?position=9&pageNum=7&refId=du%2F7MX%2Be7CWCkDEoxXbmqg%3D%3D&trackingId=oZxxoboFQb4XOiENqfmylQ%3D%3D,LINKEDIN
Novartis India,"Manager, Economic Modelling",Greater Hyderabad Area,https://in.linkedin.com/jobs/view/manager-economic-modelling-at-novartis-india-4469783438?position=10&pageNum=7&refId=du%2F7MX%2Be7CWCkDEoxXbmqg%3D%3D&trackingId=7qNaDqWdPsLSx7QQMM840Q%3D%3D,LINKEDIN
Traya,Business Strategy Manager,"Mumbai, Maharashtra, India",https://in.linkedin.com/jobs/view/business-strategy-manager-at-traya-4468970581?position=1&pageNum=0&refId=%2BPquHikGu2WicB3irPxz8g%3D%3D&trackingId=Cvkqz6e8jz9I8h%2B0cmJrjw%3D%3D,LINKEDIN
HouseEazy,Strategy Manager,"Noida, Uttar Pradesh, India",https://in.linkedin.com/jobs/view/strategy-manager-at-houseeazy-4470309790?position=2&pageNum=0&refId=%2BPquHikGu2WicB3irPxz8g%3D%3D&trackingId=kOdYvMc%2BVfvuIHrMUQQUng%3D%3D,LINKEDIN
Accenture in India,#ACN GN-Industry-Health- Care innovation- Manager,"Bengaluru, Karnataka, India",https://in.linkedin.com/jobs/view/%23acn-gn-industry-health-care-innovation-manager-at-accenture-in-india-4448323797?position=3&pageNum=0&refId=%2BPquHikGu2WicB3irPxz8g%3D%3D&trackingId=J%2By%2FvdzkpKgaTi%2FJyRV1XA%3D%3D,LINKEDIN
Ujjivan Small Finance Bank,Manager-Functions Strategy,"Bengaluru, Karnataka, India",https://in.linkedin.com/jobs/view/manager-functions-strategy-at-ujjivan-small-finance-bank-4471404555?position=4&pageNum=0&refId=%2BPquHikGu2WicB3irPxz8g%3D%3D&trackingId=Rk6QPQoNT%2BqwRmt8Jv84rA%3D%3D,LINKEDIN
IndusInd Bank,Manager - Strategic Initiatives,"Mumbai, Maharashtra, India",https://in.linkedin.com/jobs/view/manager-strategic-initiatives-at-indusind-bank-4468367430?position=5&pageNum=0&refId=%2BPquHikGu2WicB3irPxz8g%3D%3D&trackingId=XXw5E5AQVdUclR4qVhQVCw%3D%3D,LINKEDIN
Everpure,Strategic Insights Manager,"Bengaluru, Karnataka, India",https://in.linkedin.com/jobs/view/strategic-insights-manager-at-everpure-4472518402?position=6&pageNum=0&refId=%2BPquHikGu2WicB3irPxz8g%3D%3D&trackingId=E7wyj1KbCuTBKgtB%2FoBO4g%3D%3D,LINKEDIN
Scimplify,"Strategic Business Manager (Specialty Chemicals, Fine Chemicals, Oilfield)","Hyderabad, Telangana, India",https://in.linkedin.com/jobs/view/strategic-business-manager-specialty-chemicals-fine-chemicals-oilfield-at-scimplify-4472376456?position=7&pageNum=0&refId=%2BPquHikGu2WicB3irPxz8g%3D%3D&trackingId=tItVJ6rk5jBf5ke9C%2FKfrQ%3D%3D,LINKEDIN
JioStar,"Manager - Sports Subscriptions & Monetization Strategy, Sports",Mumbai Metropolitan Region,https://in.linkedin.com/jobs/view/manager-sports-subscriptions-monetization-strategy-sports-at-jiostar-4448435124?position=8&pageNum=0&refId=%2BPquHikGu2WicB3irPxz8g%3D%3D&trackingId=MQRgcnmITZ1xInDu2iKDaw%3D%3D,LINKEDIN
NXP Semiconductors,Product Planning Manager,"Hyderabad, Telangana, India",https://in.linkedin.com/jobs/view/product-planning-manager-at-nxp-semiconductors-4465321722?position=9&pageNum=0&refId=%2BPquHikGu2WicB3irPxz8g%3D%3D&trackingId=Ws%2FV%2FFZ3mvlzYk4DbTjJ5Q%3D%3D,LINKEDIN
Aditya Birla Sun Life Insurance,Manager - Distribution Development Management - Goregaon,"Maharashtra, India",https://in.linkedin.com/jobs/view/manager-distribution-development-management-goregaon-at-aditya-birla-sun-life-insurance-4463352933?position=10&pageNum=0&refId=%2BPquHikGu2WicB3irPxz8g%3D%3D&trackingId=WIE%2BDcHpJIiE6zXXGAERuw%3D%3D,LINKEDIN
Indegene,Manager - Digital Strategy & Solutions,"Bengaluru, Karnataka, India",https://in.linkedin.com/jobs/view/manager-digital-strategy-solutions-at-indegene-4473091500?position=1&pageNum=2&refId=rrA4XCPgO%2FjH1veTnAscSw%3D%3D&trackingId=SlMDSybGXh3i%2BHIeuJ6K5A%3D%3D,LINKEDIN
Pernod Ricard India,Senior Manager - Business Performance & Strategic Initiatives,"Gurugram, Haryana, India",https://in.linkedin.com/jobs/view/senior-manager-business-performance-strategic-initiatives-at-pernod-ricard-india-4471357880?position=2&pageNum=2&refId=rrA4XCPgO%2FjH1veTnAscSw%3D%3D&trackingId=4gSUuHCZafNKc%2FBZW6OYpg%3D%3D,LINKEDIN
Deepak Group Co,Lead Strategy - Advanced Intermediates,"Vadodara, Gujarat, India",https://in.linkedin.com/jobs/view/lead-strategy-advanced-intermediates-at-deepak-group-co-4474137118?position=3&pageNum=2&refId=rrA4XCPgO%2FjH1veTnAscSw%3D%3D&trackingId=7TM5lWCWF0uOYrnmI9uJXw%3D%3D,LINKEDIN
EY,BC Sector - Lifescience - BAT-Manager,"Bengaluru, Karnataka, India",https://in.linkedin.com/jobs/view/bc-sector-lifescience-bat-manager-at-ey-4445005677?position=4&pageNum=2&refId=rrA4XCPgO%2FjH1veTnAscSw%3D%3D&trackingId=MZ7voF717V0RfUDjlB86zA%3D%3D,LINKEDIN
M3M India Private Limited,Manager Business Strategy,"Gurugram, Haryana, India",https://in.linkedin.com/jobs/view/manager-business-strategy-at-m3m-india-private-limited-4470842538?position=5&pageNum=2&refId=rrA4XCPgO%2FjH1veTnAscSw%3D%3D&trackingId=joBnucvsTQeytsao494T7A%3D%3D,LINKEDIN
Styli,Manager – Marketplace Business,"Bengaluru, Karnataka, India",https://in.linkedin.com/jobs/view/manager-%E2%80%93-marketplace-business-at-styli-4462287571?position=6&pageNum=2&refId=rrA4XCPgO%2FjH1veTnAscSw%3D%3D&trackingId=X%2BzKTtB0sqxldvacdZ28UA%3D%3D,LINKEDIN
Alvarez & Marsal,"Manager, Digital Assets, Financial Services - Global Capability Center","Gurugram, Haryana, India",https://in.linkedin.com/jobs/view/manager-digital-assets-financial-services-global-capability-center-at-alvarez-marsal-4440993547?position=7&pageNum=2&refId=rrA4XCPgO%2FjH1veTnAscSw%3D%3D&trackingId=NNkeFGIjdzNtO3MlQy77rQ%3D%3D,LINKEDIN
Siemens Healthineers,Business Marketing Manager,"New Delhi, Delhi, India",https://in.linkedin.com/jobs/view/business-marketing-manager-at-siemens-healthineers-4454756182?position=8&pageNum=2&refId=rrA4XCPgO%2FjH1veTnAscSw%3D%3D&trackingId=M9%2B0EyfGUaoYgL%2B8OEnZAA%3D%3D,LINKEDIN
SalesForce-ad,Sales Strategy Manager,"Bengaluru, Karnataka, India",https://in.linkedin.com/jobs/view/sales-strategy-manager-at-salesforce-ad-4474154170?position=9&pageNum=2&refId=rrA4XCPgO%2FjH1veTnAscSw%3D%3D&trackingId=a1XpH6VpR5ESIExHRIisxQ%3D%3D,LINKEDIN
Align Technology,Sr. Business Innovation Manager (Hyderabad/Bangalore/Mumbai),Mumbai Metropolitan Region,https://in.linkedin.com/jobs/view/sr-business-innovation-manager-hyderabad-bangalore-mumbai-at-align-technology-4470283006?position=10&pageNum=2&refId=rrA4XCPgO%2FjH1veTnAscSw%3D%3D&trackingId=CkQeArocUP3eBAF%2FFOCVlQ%3D%3D,LINKEDIN
KPMG,Manager,"Mumbai, Maharashtra, India",https://in.linkedin.com/jobs/view/manager-at-kpmg-4476158169?position=1&pageNum=5&refId=6Z6cXUI8jJMHTAqMeMB%2FFA%3D%3D&trackingId=yQFpFHRbrw0Vd2hcn9v0Ow%3D%3D,LINKEDIN
MakeMyTrip,Revenue Manager,"Gurgaon, Haryana, India",https://in.linkedin.com/jobs/view/revenue-manager-at-makemytrip-4469143236?position=2&pageNum=5&refId=6Z6cXUI8jJMHTAqMeMB%2FFA%3D%3D&trackingId=Ga5QB%2BFLmEWb8%2FsOC5KBew%3D%3D,LINKEDIN
Boston Consulting Group (BCG),Global Sector Senior Manager - Payments & Fintech,"Gurgaon, Haryana, India",https://in.linkedin.com/jobs/view/global-sector-senior-manager-payments-fintech-at-boston-consulting-group-bcg-4464848325?position=3&pageNum=5&refId=6Z6cXUI8jJMHTAqMeMB%2FFA%3D%3D&trackingId=ncZambAQo5iuwHQ%2FoqwGrA%3D%3D,LINKEDIN
India Autism Center,Strategy Manager,Greater Kolkata Area,https://in.linkedin.com/jobs/view/strategy-manager-at-india-autism-center-4474696435?position=4&pageNum=5&refId=6Z6cXUI8jJMHTAqMeMB%2FFA%3D%3D&trackingId=octeivGCUKR37rx0Yki%2Bpw%3D%3D,LINKEDIN
Amgen,Manager - Strategic Planning & Operations,"Hyderabad, Telangana, India",https://in.linkedin.com/jobs/view/manager-strategic-planning-operations-at-amgen-4449000256?position=5&pageNum=5&refId=6Z6cXUI8jJMHTAqMeMB%2FFA%3D%3D&trackingId=lum6930IPHA%2BhyhePDFLQA%3D%3D,LINKEDIN
Freshworks,Corporate Strategy Manager (Consulting & Strategy),"Bengaluru, Karnataka, India",https://in.linkedin.com/jobs/view/corporate-strategy-manager-consulting-strategy-at-freshworks-4472737976?position=6&pageNum=5&refId=6Z6cXUI8jJMHTAqMeMB%2FFA%3D%3D&trackingId=Z5Huab7YCSMYjV%2BgAtVchg%3D%3D,LINKEDIN
Pocket FM,Manager - Business Finance,"Bengaluru, Karnataka, India",https://in.linkedin.com/jobs/view/manager-business-finance-at-pocket-fm-4459178792?position=7&pageNum=5&refId=6Z6cXUI8jJMHTAqMeMB%2FFA%3D%3D&trackingId=DkXzsah3kNoCw9pxad40Zg%3D%3D,LINKEDIN
FRND,Manager - Strategy and Operations,"Bengaluru, Karnataka, India",https://in.linkedin.com/jobs/view/manager-strategy-and-operations-at-frnd-4471409677?position=8&pageNum=5&refId=6Z6cXUI8jJMHTAqMeMB%2FFA%3D%3D&trackingId=ccwd0S8QnzltxqU0a04thA%3D%3D,LINKEDIN
Cipla,Portfolio Strategic Planning Manager,"Mumbai, Maharashtra, India",https://in.linkedin.com/jobs/view/portfolio-strategic-planning-manager-at-cipla-4453563510?position=9&pageNum=5&refId=6Z6cXUI8jJMHTAqMeMB%2FFA%3D%3D&trackingId=RpIgEHPEycDQn8XHszC6zA%3D%3D,LINKEDIN
WSA – Wonderful Sound for All,"Manager, Brand and Strategy","Bengaluru, Karnataka, India",https://in.linkedin.com/jobs/view/manager-brand-and-strategy-at-wsa-%E2%80%93-wonderful-sound-for-all-4445731516?position=10&pageNum=5&refId=6Z6cXUI8jJMHTAqMeMB%2FFA%3D%3D&trackingId=22cbO2px9T1A4Pyi2H6cXQ%3D%3D,LINKEDIN
EXL,Senior Manager - Chief of staff office to PHP geo and HLS ops head,"Noida, Uttar Pradesh, India",https://in.linkedin.com/jobs/view/senior-manager-chief-of-staff-office-to-php-geo-and-hls-ops-head-at-exl-4446726246?position=1&pageNum=7&refId=XEUuNLXca%2BHyXPzhaaI%2B8w%3D%3D&trackingId=vd0G6MvqTA81TGdt1SBjwg%3D%3D,LINKEDIN
Blue Matter,Senior Consultant/Manager (Strategy),"Mumbai, Maharashtra, India",https://in.linkedin.com/jobs/view/senior-consultant-manager-strategy-at-blue-matter-4469311419?position=2&pageNum=7&refId=XEUuNLXca%2BHyXPzhaaI%2B8w%3D%3D&trackingId=h9T1QWKkRq%2FZ5OXBTDIqWA%3D%3D,LINKEDIN
EY,BC Sector - I and E-BUSINESS ACCELERATION-SM,"Bengaluru, Karnataka, India",https://in.linkedin.com/jobs/view/bc-sector-i-and-e-business-acceleration-sm-at-ey-4388055803?position=3&pageNum=7&refId=XEUuNLXca%2BHyXPzhaaI%2B8w%3D%3D&trackingId=lTIJMeyQGkmLLb8tfcm5vw%3D%3D,LINKEDIN
Emerson,"Software Business Manager, Broadbase License Focus","Bengaluru, Karnataka, India",https://in.linkedin.com/jobs/view/software-business-manager-broadbase-license-focus-at-emerson-4466078198?position=4&pageNum=7&refId=XEUuNLXca%2BHyXPzhaaI%2B8w%3D%3D&trackingId=%2FH77pHqziRZf9Z992%2FLd%2FQ%3D%3D,LINKEDIN
YES BANK,Team Member,Mumbai Metropolitan Region,https://in.linkedin.com/jobs/view/team-member-at-yes-bank-4463124592?position=5&pageNum=7&refId=XEUuNLXca%2BHyXPzhaaI%2B8w%3D%3D&trackingId=xPTADXFrX3U7cbiL7qxMag%3D%3D,LINKEDIN
Intas Pharmaceuticals,Project Management Officer or Portfolio Management - ( Sr. Manager / AGM ),"Ahmedabad, Gujarat, India",https://in.linkedin.com/jobs/view/project-management-officer-or-portfolio-management-sr-manager-agm-at-intas-pharmaceuticals-4475529844?position=6&pageNum=7&refId=XEUuNLXca%2BHyXPzhaaI%2B8w%3D%3D&trackingId=NZ2OtVLLLvGCmsA3wyl2zw%3D%3D,LINKEDIN
IndusInd Bank,Product Strategy Manager,"Gurugram, Haryana, India",https://in.linkedin.com/jobs/view/product-strategy-manager-at-indusind-bank-4463978748?position=7&pageNum=7&refId=XEUuNLXca%2BHyXPzhaaI%2B8w%3D%3D&trackingId=p7fDkmKv3l7sEKGMZAidxQ%3D%3D,LINKEDIN
BrowserStack,Senior Lead / Manager - Growth,Mumbai Metropolitan Region,https://in.linkedin.com/jobs/view/senior-lead-manager-growth-at-browserstack-4448031762?position=8&pageNum=7&refId=XEUuNLXca%2BHyXPzhaaI%2B8w%3D%3D&trackingId=RsISCqK4kXcyHigp7GY7SA%3D%3D,LINKEDIN
Visa,Strategy and Transformation Manager,Mumbai Metropolitan Region,https://in.linkedin.com/jobs/view/strategy-and-transformation-manager-at-visa-4417708197?position=9&pageNum=7&refId=XEUuNLXca%2BHyXPzhaaI%2B8w%3D%3D&trackingId=umru9EeLT0b7m6m6No%2B%2BRg%3D%3D,LINKEDIN
PwC India,Manager,"Mumbai, Maharashtra, India",https://in.linkedin.com/jobs/view/manager-at-pwc-india-4384887727?position=10&pageNum=7&refId=XEUuNLXca%2BHyXPzhaaI%2B8w%3D%3D&trackingId=4DO5pZYJ3kyOAj0yXRDFpw%3D%3D,LINKEDIN
Ujjivan Small Finance Bank,Manager-Functions Strategy,"Bengaluru, Karnataka, India",https://in.linkedin.com/jobs/view/manager-functions-strategy-at-ujjivan-small-finance-bank-4471404555?position=1&pageNum=0&refId=yVwovpaS0nXc98AYXMVngg%3D%3D&trackingId=giSWDuL%2BNv11kDpTynbXsg%3D%3D,LINKEDIN
Eaton,"Manager, Strategy & Corporate Development","Pune Division, Maharashtra, India",https://in.linkedin.com/jobs/view/manager-strategy-corporate-development-at-eaton-4445592802?position=2&pageNum=0&refId=yVwovpaS0nXc98AYXMVngg%3D%3D&trackingId=MI0kjda%2FyzJOz5S529d1mg%3D%3D,LINKEDIN
Mount Talent Consulting Pvt Ltd.,Manager Corporate Strategy,"Gurugram, Haryana, India",https://in.linkedin.com/jobs/view/manager-corporate-strategy-at-mount-talent-consulting-pvt-ltd-4437048701?position=3&pageNum=0&refId=yVwovpaS0nXc98AYXMVngg%3D%3D&trackingId=Kmcg70DRy0v20iF%2FkGgOTg%3D%3D,LINKEDIN
Flex,Manager - Finance & Strategy,"Chennai, Tamil Nadu, India",https://in.linkedin.com/jobs/view/manager-finance-strategy-at-flex-4474293958?position=4&pageNum=0&refId=yVwovpaS0nXc98AYXMVngg%3D%3D&trackingId=qHfNMXoMQfB0TA8CmwOejA%3D%3D,LINKEDIN
Bharat Serums and Vaccines Limited,Manager - Strategy & Transformation Office,"Mumbai, Maharashtra, India",https://in.linkedin.com/jobs/view/manager-strategy-transformation-office-at-bharat-serums-and-vaccines-limited-4472111600?position=5&pageNum=0&refId=yVwovpaS0nXc98AYXMVngg%3D%3D&trackingId=67bMjbxhwTzO1kPKkDN%2Bog%3D%3D,LINKEDIN
Accenture in India,#ACN S&C-GN-Strategy-Corporate Strategy & Growth - Manager,Mumbai Metropolitan Region,https://in.linkedin.com/jobs/view/%23acn-s-c-gn-strategy-corporate-strategy-growth-manager-at-accenture-in-india-4448323630?position=6&pageNum=0&refId=yVwovpaS0nXc98AYXMVngg%3D%3D&trackingId=mDpY5cStl5LUQqHHB6rFMw%3D%3D,LINKEDIN
Accenture in India,Corporate Strategy Manager Copy 01,"Bengaluru, Karnataka, India",https://in.linkedin.com/jobs/view/corporate-strategy-manager-copy-01-at-accenture-in-india-4461266842?position=7&pageNum=0&refId=yVwovpaS0nXc98AYXMVngg%3D%3D&trackingId=WqwN3Lri2Hfuv8FoGpsdmQ%3D%3D,LINKEDIN
Everpure,Strategic Insights Manager,"Bengaluru, Karnataka, India",https://in.linkedin.com/jobs/view/strategic-insights-manager-at-everpure-4472518402?position=8&pageNum=0&refId=yVwovpaS0nXc98AYXMVngg%3D%3D&trackingId=EOrJJweDwPx5koNT1YVvnA%3D%3D,LINKEDIN
NXP Semiconductors,Product Planning Manager,"Hyderabad, Telangana, India",https://in.linkedin.com/jobs/view/product-planning-manager-at-nxp-semiconductors-4465321722?position=9&pageNum=0&refId=yVwovpaS0nXc98AYXMVngg%3D%3D&trackingId=Ai6EQqH63F0vxHEmFe5EHA%3D%3D,LINKEDIN
SPIRO,Senior Strategy Manager,"Pune District, Maharashtra, India",https://in.linkedin.com/jobs/view/senior-strategy-manager-at-spiro-4464479394?position=10&pageNum=0&refId=yVwovpaS0nXc98AYXMVngg%3D%3D&trackingId=ILsgVavZlNwv6Y8uM5juUQ%3D%3D,LINKEDIN
Deepak Group Co,Lead Strategy - Advanced Intermediates,"Vadodara, Gujarat, India",https://in.linkedin.com/jobs/view/lead-strategy-advanced-intermediates-at-deepak-group-co-4474137118?position=1&pageNum=2&refId=4BxQ6MyIyhQw5TQF8bvQzA%3D%3D&trackingId=TgRzVL%2BeM9aTB1CYct7pew%3D%3D,LINKEDIN
Cipla,Portfolio Strategic Planning Manager,"Mumbai, Maharashtra, India",https://in.linkedin.com/jobs/view/portfolio-strategic-planning-manager-at-cipla-4453563510?position=2&pageNum=2&refId=4BxQ6MyIyhQw5TQF8bvQzA%3D%3D&trackingId=6YirpGVNZvQIzOtrBusB8g%3D%3D,LINKEDIN
Tally Solutions Pvt Ltd,Deputy Manager / Manager - Finance Business Partnering,"Bengaluru, Karnataka, India",https://in.linkedin.com/jobs/view/deputy-manager-manager-finance-business-partnering-at-tally-solutions-pvt-ltd-4464190981?position=3&pageNum=2&refId=4BxQ6MyIyhQw5TQF8bvQzA%3D%3D&trackingId=Pdid46lytW2WkTfwU8KxSA%3D%3D,LINKEDIN
Route Mobile Limited,Strategy Manager,Mumbai Metropolitan Region,https://in.linkedin.com/jobs/view/strategy-manager-at-route-mobile-limited-4440783120?position=4&pageNum=2&refId=4BxQ6MyIyhQw5TQF8bvQzA%3D%3D&trackingId=AM7mKuDhnfDrqeUYfyaLpw%3D%3D,LINKEDIN
Aditya Birla Sun Life Insurance,Manager - Distribution Development Management - Goregaon,"Maharashtra, India",https://in.linkedin.com/jobs/view/manager-distribution-development-management-goregaon-at-aditya-birla-sun-life-insurance-4463352933?position=5&pageNum=2&refId=4BxQ6MyIyhQw5TQF8bvQzA%3D%3D&trackingId=XEwit0GfGtfckR0XL5%2Bt1A%3D%3D,LINKEDIN
Walmart,"Sr Manager, Business strategy & PMO",Greater Bengaluru Area,https://in.linkedin.com/jobs/view/sr-manager-business-strategy-pmo-at-walmart-4467843912?position=6&pageNum=2&refId=4BxQ6MyIyhQw5TQF8bvQzA%3D%3D&trackingId=KhJVoBFmPMeT126hMB1emQ%3D%3D,LINKEDIN
Scimplify,Senior Manager - Strategy & Planning,"Bengaluru East, Karnataka, India",https://in.linkedin.com/jobs/view/senior-manager-strategy-planning-at-scimplify-4473831106?position=7&pageNum=2&refId=4BxQ6MyIyhQw5TQF8bvQzA%3D%3D&trackingId=xW24Du4sFEyXeRVVZvCmUA%3D%3D,LINKEDIN
Traya,Business Strategy Manager,"Mumbai, Maharashtra, India",https://in.linkedin.com/jobs/view/business-strategy-manager-at-traya-4468970581?position=8&pageNum=2&refId=4BxQ6MyIyhQw5TQF8bvQzA%3D%3D&trackingId=PP93oCWLKKg3%2BcawYobcIw%3D%3D,LINKEDIN
Henkel,Market Strategy Manager - IMEA,"Navi Mumbai, Maharashtra, India",https://in.linkedin.com/jobs/view/market-strategy-manager-imea-at-henkel-4458723753?position=9&pageNum=2&refId=4BxQ6MyIyhQw5TQF8bvQzA%3D%3D&trackingId=dvhArsq1kZEM9JQQRReyuw%3D%3D,LINKEDIN
Battery Smart,Corporate Development Manager,"Gurugram, Haryana, India",https://in.linkedin.com/jobs/view/corporate-development-manager-at-battery-smart-4467872160?position=10&pageNum=2&refId=4BxQ6MyIyhQw5TQF8bvQzA%3D%3D&trackingId=HhVWfSADqodRFi%2BGmv0L%2Bg%3D%3D,LINKEDIN
Deloitte,Specialist Deputy Manager - Strategic Market Insights and Thought Leadership - Strategy,"Gurugram, Haryana, India",https://in.linkedin.com/jobs/view/specialist-deputy-manager-strategic-market-insights-and-thought-leadership-strategy-at-deloitte-4418589334?position=1&pageNum=5&refId=dArm%2F%2FSVtpB1jJZHXgLT3g%3D%3D&trackingId=Ttwn%2F5aph35%2FdAprZg3rKg%3D%3D,LINKEDIN
EY,BC Sector - I and E-BUSINESS ACCELERATION-SM,"Bengaluru, Karnataka, India",https://in.linkedin.com/jobs/view/bc-sector-i-and-e-business-acceleration-sm-at-ey-4388055803?position=2&pageNum=5&refId=dArm%2F%2FSVtpB1jJZHXgLT3g%3D%3D&trackingId=54NVqsCUdOT%2Ffh7Gcy8cKQ%3D%3D,LINKEDIN
Deloitte,Specialist Deputy Manager - Strategic Market Insights and Thought Leadership - Strategy,"Hyderabad, Telangana, India",https://in.linkedin.com/jobs/view/specialist-deputy-manager-strategic-market-insights-and-thought-leadership-strategy-at-deloitte-4418584432?position=3&pageNum=5&refId=dArm%2F%2FSVtpB1jJZHXgLT3g%3D%3D&trackingId=aWtjfP6u5CV8IJMWgKSHEw%3D%3D,LINKEDIN
Praxis Global Alliance,Praxis Global Alliance – Manager– Next Gen Industrials,"Gurugram, Haryana, India",https://in.linkedin.com/jobs/view/praxis-global-alliance-%E2%80%93-manager%E2%80%93-next-gen-industrials-at-praxis-global-alliance-4288219667?position=4&pageNum=5&refId=dArm%2F%2FSVtpB1jJZHXgLT3g%3D%3D&trackingId=RkknVOmFJNKgQI1F5miR8Q%3D%3D,LINKEDIN
Thermo Fisher Scientific,Sr. Manager Business Development & Strategy,Mumbai Metropolitan Region,https://in.linkedin.com/jobs/view/sr-manager-business-development-strategy-at-thermo-fisher-scientific-4473212938?position=5&pageNum=5&refId=dArm%2F%2FSVtpB1jJZHXgLT3g%3D%3D&trackingId=yr0hgGOVsE8m2zgagMMIOg%3D%3D,LINKEDIN
Boston Consulting Group (BCG),Global Sector Senior Manager - Payments & Fintech,"Gurgaon, Haryana, India",https://in.linkedin.com/jobs/view/global-sector-senior-manager-payments-fintech-at-boston-consulting-group-bcg-4464848325?position=6&pageNum=5&refId=dArm%2F%2FSVtpB1jJZHXgLT3g%3D%3D&trackingId=Ntd2G%2BJtgpymIAvTsl4G7g%3D%3D,LINKEDIN
Siemens Healthineers,Business Marketing Manager,"New Delhi, Delhi, India",https://in.linkedin.com/jobs/view/business-marketing-manager-at-siemens-healthineers-4454756182?position=7&pageNum=5&refId=dArm%2F%2FSVtpB1jJZHXgLT3g%3D%3D&trackingId=4B8TnjTxX%2FjT3Fpx9ZdnXw%3D%3D,LINKEDIN
BIBA Fashion Ltd,Strategy Manager,"Gurugram, Haryana, India",https://in.linkedin.com/jobs/view/strategy-manager-at-biba-fashion-ltd-4468215575?position=8&pageNum=5&refId=dArm%2F%2FSVtpB1jJZHXgLT3g%3D%3D&trackingId=CovRmykwsakr7%2BtypJDnfA%3D%3D,LINKEDIN
Bajaj Electricals Ltd,Finance Business Partner,"Mumbai, Maharashtra, India",https://in.linkedin.com/jobs/view/finance-business-partner-at-bajaj-electricals-ltd-4465585581?position=9&pageNum=5&refId=dArm%2F%2FSVtpB1jJZHXgLT3g%3D%3D&trackingId=eTP8gZOKMo4bol%2BX7sMUmw%3D%3D,LINKEDIN
Hewlett Packard Enterprise,Senior Program Manager - Finance Analytics,"Bengaluru, Karnataka, India",https://in.linkedin.com/jobs/view/senior-program-manager-finance-analytics-at-hewlett-packard-enterprise-4473709465?position=10&pageNum=5&refId=dArm%2F%2FSVtpB1jJZHXgLT3g%3D%3D&trackingId=WWAga0ub72iPvUzzIBak5A%3D%3D,LINKEDIN
Wipro Enterprises Pvt Ltd,Manager - FP&A and Strategy,"Bengaluru, Karnataka, India",https://in.linkedin.com/jobs/view/manager-fp-a-and-strategy-at-wipro-enterprises-pvt-ltd-4474612323?position=1&pageNum=7&refId=E4jrD2xmjTMKkS1q%2BjDPTQ%3D%3D&trackingId=qedBoUeKAQF1XvPwCUzqmA%3D%3D,LINKEDIN
Swiggy,Senior Manager - Business Finance,"Bengaluru, Karnataka, India",https://in.linkedin.com/jobs/view/senior-manager-business-finance-at-swiggy-4474911087?position=2&pageNum=7&refId=E4jrD2xmjTMKkS1q%2BjDPTQ%3D%3D&trackingId=NmztUR993U4bekl6TELbzQ%3D%3D,LINKEDIN
Mastercard,"Manager - Services, Small & Medium Business (AP)","Gurugram, Haryana, India",https://in.linkedin.com/jobs/view/manager-services-small-medium-business-ap-at-mastercard-4473693556?position=3&pageNum=7&refId=E4jrD2xmjTMKkS1q%2BjDPTQ%3D%3D&trackingId=asE69nJhp7IYbAUq62Gv%2FQ%3D%3D,LINKEDIN
JioStar,"Manager - Product & Revenue Strategy (Narratives), Sports","Mumbai, Maharashtra, India",https://in.linkedin.com/jobs/view/manager-product-revenue-strategy-narratives-sports-at-jiostar-4429245226?position=4&pageNum=7&refId=E4jrD2xmjTMKkS1q%2BjDPTQ%3D%3D&trackingId=98S0z5Z%2FhLgk%2F38Vf0o91A%3D%3D,LINKEDIN
HuntingCube,Program Manager – Strategy or Chief of Staff,"Bengaluru, Karnataka, India",https://in.linkedin.com/jobs/view/program-manager-%E2%80%93-strategy-or-chief-of-staff-at-huntingcube-4473925412?position=5&pageNum=7&refId=E4jrD2xmjTMKkS1q%2BjDPTQ%3D%3D&trackingId=b%2B3sUU3EBSF7gShjSWtGZg%3D%3D,LINKEDIN
Jindal (India) Limited,Business Excellence Manager,Greater Delhi Area,https://in.linkedin.com/jobs/view/business-excellence-manager-at-jindal-india-limited-4464510635?position=6&pageNum=7&refId=E4jrD2xmjTMKkS1q%2BjDPTQ%3D%3D&trackingId=REkln0kyEDBnoe29ZXW7cQ%3D%3D,LINKEDIN
AB InBev India,Manager- Commercial planning and Performance,"Bengaluru, Karnataka, India",https://in.linkedin.com/jobs/view/manager-commercial-planning-and-performance-at-ab-inbev-india-4474680221?position=7&pageNum=7&refId=E4jrD2xmjTMKkS1q%2BjDPTQ%3D%3D&trackingId=tcQ7jC%2BQQEFeHUJWAJmLog%3D%3D,LINKEDIN
PwC Acceleration Center India,Manager - Enterprise & Functional Strategy – Marketing Strategy,"Bengaluru East, Karnataka, India",https://in.linkedin.com/jobs/view/manager-enterprise-functional-strategy-%E2%80%93-marketing-strategy-at-pwc-acceleration-center-india-4438421886?position=8&pageNum=7&refId=E4jrD2xmjTMKkS1q%2BjDPTQ%3D%3D&trackingId=BwJYN255E6s2CEYYQYZE%2FQ%3D%3D,LINKEDIN
Siemens,Real Estate Strategy Manager (f/m/d),Mumbai Metropolitan Region,https://in.linkedin.com/jobs/view/real-estate-strategy-manager-f-m-d-at-siemens-4473648501?position=9&pageNum=7&refId=E4jrD2xmjTMKkS1q%2BjDPTQ%3D%3D&trackingId=X31ZsoM1ij0wfsSFhmpQ6Q%3D%3D,LINKEDIN
Fareportal,Manager - Business Strategy & Growth,"Gurugram, Haryana, India",https://in.linkedin.com/jobs/view/manager-business-strategy-growth-at-fareportal-4473653615?position=10&pageNum=7&refId=E4jrD2xmjTMKkS1q%2BjDPTQ%3D%3D&trackingId=I1tRImIsP50M8UW%2Bzu8ciw%3D%3D,LINKEDIN
Deloitte,EH-FY27-Consulting-S&T-I&RE-Senior Consultant-Maximo,"Pune Division, Maharashtra, India",https://in.linkedin.com/jobs/view/eh-fy27-consulting-s-t-i-re-senior-consultant-maximo-at-deloitte-4471247405?position=1&pageNum=0&refId=JCHtbhKqST%2F2PEWJ%2Bps%2B%2BA%3D%3D&trackingId=SVaK4RVEXY%2FRuyelGrEmqw%3D%3D,LINKEDIN
Deloitte,EH-FY27-Consulting-S&T-I&RE-Senior Consultant-Maximo,"Hyderabad, Telangana, India",https://in.linkedin.com/jobs/view/eh-fy27-consulting-s-t-i-re-senior-consultant-maximo-at-deloitte-4471258073?position=2&pageNum=0&refId=JCHtbhKqST%2F2PEWJ%2Bps%2B%2BA%3D%3D&trackingId=TXO6WjdA0TfHoXU3eM4oqQ%3D%3D,LINKEDIN
EY,EY Business Consulting - Supply Chain Domain - Enterprise Asset Management - Senior Consultant,"Kochi, Kerala, India",https://in.linkedin.com/jobs/view/ey-business-consulting-supply-chain-domain-enterprise-asset-management-senior-consultant-at-ey-4469324173?position=3&pageNum=0&refId=JCHtbhKqST%2F2PEWJ%2Bps%2B%2BA%3D%3D&trackingId=t4RvIylvyd1asKh7McPYZw%3D%3D,LINKEDIN
EY,EY Business Consulting - Supply Chain Domain - Enterprise Asset Management - Senior Consultant,"Trivandrum, Kerala, India",https://in.linkedin.com/jobs/view/ey-business-consulting-supply-chain-domain-enterprise-asset-management-senior-consultant-at-ey-4469321292?position=4&pageNum=0&refId=JCHtbhKqST%2F2PEWJ%2Bps%2B%2BA%3D%3D&trackingId=nJ58SVgSQkV%2FkrnIRR300g%3D%3D,LINKEDIN
Accenture in India,IMU SC&E Consultant,Mumbai Metropolitan Region,https://in.linkedin.com/jobs/view/imu-sc-e-consultant-at-accenture-in-india-4448339523?position=5&pageNum=0&refId=JCHtbhKqST%2F2PEWJ%2Bps%2B%2BA%3D%3D&trackingId=uuo5ZH9V7CpSbGjRDiksKg%3D%3D,LINKEDIN
IBM,Package Consultant-Workday Talent Management,"Pune Division, Maharashtra, India",https://in.linkedin.com/jobs/view/package-consultant-workday-talent-management-at-ibm-4453417442?position=6&pageNum=0&refId=JCHtbhKqST%2F2PEWJ%2Bps%2B%2BA%3D%3D&trackingId=fd0FkDxh38uWziEbCJMIxQ%3D%3D,LINKEDIN
Veeva Systems,Senior / Solution Consultant - Veeva Quality India,Mumbai Metropolitan Region,https://in.linkedin.com/jobs/view/senior-solution-consultant-veeva-quality-india-at-veeva-systems-4469423838?position=7&pageNum=0&refId=JCHtbhKqST%2F2PEWJ%2Bps%2B%2BA%3D%3D&trackingId=ibwU8PGWYCab%2FgkbsuVe5w%3D%3D,LINKEDIN
Accenture in India,IMU - S&C - Supply Chain - Consultant,Mumbai Metropolitan Region,https://in.linkedin.com/jobs/view/imu-s-c-supply-chain-consultant-at-accenture-in-india-4448330532?position=8&pageNum=0&refId=JCHtbhKqST%2F2PEWJ%2Bps%2B%2BA%3D%3D&trackingId=qkr%2FOjrNlhqtwrYcuz0n%2BA%3D%3D,LINKEDIN
IBM,Package Consultant-SAP HANA SCM QM,"Pune Division, Maharashtra, India",https://in.linkedin.com/jobs/view/package-consultant-sap-hana-scm-qm-at-ibm-4474048108?position=9&pageNum=0&refId=JCHtbhKqST%2F2PEWJ%2Bps%2B%2BA%3D%3D&trackingId=oGhHyBVVsJrja%2BKpgqmn2w%3D%3D,LINKEDIN
Inizio Ignite,"Global Consultant, Lifesciences (Value Pricing & Market Access)","Gurugram, Haryana, India",https://in.linkedin.com/jobs/view/global-consultant-lifesciences-value-pricing-market-access-at-inizio-ignite-4453068973?position=10&pageNum=0&refId=JCHtbhKqST%2F2PEWJ%2Bps%2B%2BA%3D%3D&trackingId=7lFBEzp7iFqsgePzaWkZhg%3D%3D,LINKEDIN
Neev,SAP EWM Functional Consultant,"Delhi, India",https://in.linkedin.com/jobs/view/sap-ewm-functional-consultant-at-neev-4474696138?position=1&pageNum=2&refId=KqCZ%2BbACwsMjS598sk0q7g%3D%3D&trackingId=vn8F5sYAKrr9WHpc9kFJNg%3D%3D,LINKEDIN
WSP in India,Senior Consultant - Asset Management (SCADA Consultant),"Mumbai, Maharashtra, India",https://in.linkedin.com/jobs/view/senior-consultant-asset-management-scada-consultant-at-wsp-in-india-4463818806?position=2&pageNum=2&refId=KqCZ%2BbACwsMjS598sk0q7g%3D%3D&trackingId=urzPtXR%2BbF2gICURPxp3Rg%3D%3D,LINKEDIN
IBM Accelalpha,Oracle WMS,"Hyderabad, Telangana, India",https://in.linkedin.com/jobs/view/oracle-wms-at-ibm-accelalpha-4413614715?position=3&pageNum=2&refId=KqCZ%2BbACwsMjS598sk0q7g%3D%3D&trackingId=5yROGHFgFyTcGIoJz6%2FqmQ%3D%3D,LINKEDIN
Infosys BPM,Senior Consultant-Business Analysis+Life Insurance+Requirement gathering,"Gurugram, Haryana, India",https://in.linkedin.com/jobs/view/senior-consultant-business-analysis%2Blife-insurance%2Brequirement-gathering-at-infosys-bpm-4470083926?position=4&pageNum=2&refId=KqCZ%2BbACwsMjS598sk0q7g%3D%3D&trackingId=huFFNgTl4sOdaEKDlhDvLw%3D%3D,LINKEDIN
Turnpikes,Document Management Consultant,"Bangalore Urban district, India",https://in.linkedin.com/jobs/view/document-management-consultant-at-turnpikes-4452431519?position=5&pageNum=2&refId=KqCZ%2BbACwsMjS598sk0q7g%3D%3D&trackingId=TVBMSk%2FSoRjZzSmngrds%2Fg%3D%3D,LINKEDIN
Syntax,SAP FSM Consultant,"Hyderabad, Telangana, India",https://in.linkedin.com/jobs/view/sap-fsm-consultant-at-syntax-4465578414?position=6&pageNum=2&refId=KqCZ%2BbACwsMjS598sk0q7g%3D%3D&trackingId=W6tFySNTaiKpcArFYYrGMA%3D%3D,LINKEDIN
IBM Accelalpha,GTM - Senior Consultant,Pune/Pimpri-Chinchwad Area,https://in.linkedin.com/jobs/view/gtm-senior-consultant-at-ibm-accelalpha-4413623525?position=7&pageNum=2&refId=KqCZ%2BbACwsMjS598sk0q7g%3D%3D&trackingId=OSLCi4cbc%2BSftCy7a7eQdQ%3D%3D,LINKEDIN
Leucine - AI for Pharma,MES Consultant - Life Sciences,"Bengaluru, Karnataka, India",https://in.linkedin.com/jobs/view/mes-consultant-life-sciences-at-leucine-ai-for-pharma-4444586653?position=8&pageNum=2&refId=KqCZ%2BbACwsMjS598sk0q7g%3D%3D&trackingId=T27xtO43O0DlVPgnWL7LMA%3D%3D,LINKEDIN
Bristlecone,Consultant - Emerging Platforms,"Mumbai, Maharashtra, India",https://in.linkedin.com/jobs/view/consultant-emerging-platforms-at-bristlecone-4089379996?position=9&pageNum=2&refId=KqCZ%2BbACwsMjS598sk0q7g%3D%3D&trackingId=7%2BvbeZ7hmXhTdoNm8pQ%2BXA%3D%3D,LINKEDIN
INRY,Senior ServiceNow Consultant,"Hyderabad, Telangana, India",https://in.linkedin.com/jobs/view/senior-servicenow-consultant-at-inry-4443959821?position=10&pageNum=2&refId=KqCZ%2BbACwsMjS598sk0q7g%3D%3D&trackingId=cK9zMoWdy3c11arhPyPGSQ%3D%3D,LINKEDIN
Deloitte,"SAP QM Consultant, Functional Transformation","Pune Division, Maharashtra, India",https://in.linkedin.com/jobs/view/sap-qm-consultant-functional-transformation-at-deloitte-4464805262?position=1&pageNum=5&refId=PWF%2F5N%2FNC1GyzxULtkIfyQ%3D%3D&trackingId=5EndM8hZ2r7tRdL9ydBswA%3D%3D,LINKEDIN
Deloitte,"SAP QM Consultant, Functional Transformation","Chennai, Tamil Nadu, India",https://in.linkedin.com/jobs/view/sap-qm-consultant-functional-transformation-at-deloitte-4464595928?position=2&pageNum=5&refId=PWF%2F5N%2FNC1GyzxULtkIfyQ%3D%3D&trackingId=1P%2FhyLWNeeyH1ninwd1A9A%3D%3D,LINKEDIN
Deloitte,"Oracle Cloud Supply Chain - Consultant, Functional Transformation","Hyderabad, Telangana, India",https://in.linkedin.com/jobs/view/oracle-cloud-supply-chain-consultant-functional-transformation-at-deloitte-4445154337?position=3&pageNum=5&refId=PWF%2F5N%2FNC1GyzxULtkIfyQ%3D%3D&trackingId=%2FXYYR3hdee9mMWbKKroJ2Q%3D%3D,LINKEDIN
Deloitte,Oracle Cloud Supply Chain-Consultant,"Pune Division, Maharashtra, India",https://in.linkedin.com/jobs/view/oracle-cloud-supply-chain-consultant-at-deloitte-4439142942?position=4&pageNum=5&refId=PWF%2F5N%2FNC1GyzxULtkIfyQ%3D%3D&trackingId=4h08ovhRaZVB0uX8SCxAhw%3D%3D,LINKEDIN
Deloitte,"SAP QM Consultant, Functional Transformation","Hyderabad, Telangana, India",https://in.linkedin.com/jobs/view/sap-qm-consultant-functional-transformation-at-deloitte-4464805263?position=5&pageNum=5&refId=PWF%2F5N%2FNC1GyzxULtkIfyQ%3D%3D&trackingId=UkU9J5FBXWyiGQFz5xymgQ%3D%3D,LINKEDIN
Deloitte,Cyber-DT&P -IAM-PingFederate- Senior Consultant,"Pune Division, Maharashtra, India",https://in.linkedin.com/jobs/view/cyber-dt-p-iam-pingfederate-senior-consultant-at-deloitte-4452418917?position=6&pageNum=5&refId=PWF%2F5N%2FNC1GyzxULtkIfyQ%3D%3D&trackingId=nQPeLZsuzBNEZ%2BIgEPRK1g%3D%3D,LINKEDIN
Deloitte,"OMP – Consultant, Technical Transformation","Pune Division, Maharashtra, India",https://in.linkedin.com/jobs/view/omp-%E2%80%93-consultant-technical-transformation-at-deloitte-4459493114?position=7&pageNum=5&refId=PWF%2F5N%2FNC1GyzxULtkIfyQ%3D%3D&trackingId=PwSFbseYtl8qYJGcfwcFhQ%3D%3D,LINKEDIN
Deloitte,SAP EWM Sr Consultant,"Pune Division, Maharashtra, India",https://in.linkedin.com/jobs/view/sap-ewm-sr-consultant-at-deloitte-4431914203?position=8&pageNum=5&refId=PWF%2F5N%2FNC1GyzxULtkIfyQ%3D%3D&trackingId=A8OwBV3Egp0edSfX4gFWZw%3D%3D,LINKEDIN
Deloitte,Oracle Cloud Supply Chain Senior Consultant,"Chennai, Tamil Nadu, India",https://in.linkedin.com/jobs/view/oracle-cloud-supply-chain-senior-consultant-at-deloitte-4438938415?position=9&pageNum=5&refId=PWF%2F5N%2FNC1GyzxULtkIfyQ%3D%3D&trackingId=OcQXXCqf1aZB0Y%2Bo7G10Yg%3D%3D,LINKEDIN
IBM,Package Consultant-Oracle Logistics OTM,"Pune Division, Maharashtra, India",https://in.linkedin.com/jobs/view/package-consultant-oracle-logistics-otm-at-ibm-4468910062?position=10&pageNum=5&refId=PWF%2F5N%2FNC1GyzxULtkIfyQ%3D%3D&trackingId=aKrkUhHLPYCgIPBxDxnDTg%3D%3D,LINKEDIN
IBM,Package Consultant-SAP HANA SCM EWM,"Pune Division, Maharashtra, India",https://in.linkedin.com/jobs/view/package-consultant-sap-hana-scm-ewm-at-ibm-4473690300?position=1&pageNum=7&refId=r5XnjRUw8ZfQx%2FvnwBMSgg%3D%3D&trackingId=CIkpHqZjr70o0B7sWqZLUw%3D%3D,LINKEDIN
Deloitte,"SAP QM Consultant, Functional Transformation","Bengaluru, Karnataka, India",https://in.linkedin.com/jobs/view/sap-qm-consultant-functional-transformation-at-deloitte-4464592924?position=2&pageNum=7&refId=r5XnjRUw8ZfQx%2FvnwBMSgg%3D%3D&trackingId=1gUzh0C3vSpt0ZnFmkcUvQ%3D%3D,LINKEDIN
Deloitte,"Oracle Cloud Supply Chain - Senior Consultant, Functional Transformation","Hyderabad, Telangana, India",https://in.linkedin.com/jobs/view/oracle-cloud-supply-chain-senior-consultant-functional-transformation-at-deloitte-4445192875?position=3&pageNum=7&refId=r5XnjRUw8ZfQx%2FvnwBMSgg%3D%3D&trackingId=DlX8Ij9GLcf7Etcb7gPg9A%3D%3D,LINKEDIN
Deloitte,Senior Consultant - Tax - TTC - Oracle - Hyderabad/Bengaluru/Mumbai/Pune/Gurugram/Chennai/Kolkata,"Chennai, Tamil Nadu, India",https://in.linkedin.com/jobs/view/senior-consultant-tax-ttc-oracle-hyderabad-bengaluru-mumbai-pune-gurugram-chennai-kolkata-at-deloitte-4418271673?position=4&pageNum=7&refId=r5XnjRUw8ZfQx%2FvnwBMSgg%3D%3D&trackingId=19VcijFS6mPucUzaARHYIA%3D%3D,LINKEDIN
Deloitte,"WMS Manhattan – Senior Consultant, Technical Transformation","Chennai, Tamil Nadu, India",https://in.linkedin.com/jobs/view/wms-manhattan-%E2%80%93-senior-consultant-technical-transformation-at-deloitte-4459495108?position=5&pageNum=7&refId=r5XnjRUw8ZfQx%2FvnwBMSgg%3D%3D&trackingId=H39I5wzmuYTMwNg8GbSVLw%3D%3D,LINKEDIN
Deloitte,Senior Consultant - Tax - TTC - NetSuite/Workday/INFOR - Hyderabad/Bengaluru/Mumbai/Pune/Gurugram/Chennai/Kolkata,"Pune Division, Maharashtra, India",https://in.linkedin.com/jobs/view/senior-consultant-tax-ttc-netsuite-workday-infor-hyderabad-bengaluru-mumbai-pune-gurugram-chennai-kolkata-at-deloitte-4424559582?position=6&pageNum=7&refId=r5XnjRUw8ZfQx%2FvnwBMSgg%3D%3D&trackingId=3zrKZnG3aBCUki5NbrCmcw%3D%3D,LINKEDIN
Deloitte,Senior Consultant - Tax - TTC - NetSuite/Workday/INFOR - Hyderabad/Bengaluru/Mumbai/Pune/Gurugram/Chennai/Kolkata,"Mumbai, Maharashtra, India",https://in.linkedin.com/jobs/view/senior-consultant-tax-ttc-netsuite-workday-infor-hyderabad-bengaluru-mumbai-pune-gurugram-chennai-kolkata-at-deloitte-4424557114?position=7&pageNum=7&refId=r5XnjRUw8ZfQx%2FvnwBMSgg%3D%3D&trackingId=hVsD6JCdqqE4Do652XIX6A%3D%3D,LINKEDIN
Deloitte,Cyber - IAM- Saviynt - Consultant - US Shift,"Pune Division, Maharashtra, India",https://in.linkedin.com/jobs/view/cyber-iam-saviynt-consultant-us-shift-at-deloitte-4460950834?position=8&pageNum=7&refId=r5XnjRUw8ZfQx%2FvnwBMSgg%3D%3D&trackingId=cojQOXrkhw2gjeDFQn%2FUFQ%3D%3D,LINKEDIN
Deloitte,Workday SCM- Senior Consultant,"Chennai, Tamil Nadu, India",https://in.linkedin.com/jobs/view/workday-scm-senior-consultant-at-deloitte-4458965077?position=9&pageNum=7&refId=r5XnjRUw8ZfQx%2FvnwBMSgg%3D%3D&trackingId=0g0RuBVL9BCQ8XXAR%2BtxpA%3D%3D,LINKEDIN
IBM,Package Consultant-SAP HANA EPM,"Pune Division, Maharashtra, India",https://in.linkedin.com/jobs/view/package-consultant-sap-hana-epm-at-ibm-4471733745?position=10&pageNum=7&refId=r5XnjRUw8ZfQx%2FvnwBMSgg%3D%3D&trackingId=XaJAXc88qIoAmdsJaKapTw%3D%3D,LINKEDIN
Deloitte,"WMS Manhattan – Senior Consultant, Technical Transformation","Hyderabad, Telangana, India",https://in.linkedin.com/jobs/view/wms-manhattan-%E2%80%93-senior-consultant-technical-transformation-at-deloitte-4459703000?position=1&pageNum=0&refId=YinkPmFwSqLc3tRFkq5ztw%3D%3D&trackingId=IyDFZJsrRxZiX80vY2V6Yg%3D%3D,LINKEDIN
Deloitte,"Oracle Cloud Supply Chain - Senior Consultant, Functional Transformation","Chennai, Tamil Nadu, India",https://in.linkedin.com/jobs/view/oracle-cloud-supply-chain-senior-consultant-functional-transformation-at-deloitte-4445197348?position=2&pageNum=0&refId=YinkPmFwSqLc3tRFkq5ztw%3D%3D&trackingId=ahOjn%2FTXt3I6WFEEeFyhXw%3D%3D,LINKEDIN
algoleap,Sr Functional Consultant RGM (D392),"Bangalore North Rural, Karnataka, India",https://in.linkedin.com/jobs/view/sr-functional-consultant-rgm-d392-at-algoleap-4471448750?position=3&pageNum=0&refId=YinkPmFwSqLc3tRFkq5ztw%3D%3D&trackingId=phD6V5DIbPW%2FLB3tE%2F30Yg%3D%3D,LINKEDIN
Bristlecone,Senior Consultant - SAP-SAP IBP Response & Supply Time Series,"Pune Division, Maharashtra, India",https://in.linkedin.com/jobs/view/senior-consultant-sap-sap-ibp-response-supply-time-series-at-bristlecone-4450224836?position=4&pageNum=0&refId=YinkPmFwSqLc3tRFkq5ztw%3D%3D&trackingId=kMad5fvpaSYPxBhH79iv8A%3D%3D,LINKEDIN
Bristlecone,Senior Consultant - SAP-SAP IBP Response & Supply Order Series,"Pune Division, Maharashtra, India",https://in.linkedin.com/jobs/view/senior-consultant-sap-sap-ibp-response-supply-order-series-at-bristlecone-4452442383?position=5&pageNum=0&refId=YinkPmFwSqLc3tRFkq5ztw%3D%3D&trackingId=QvBARMLgNphS6otI8cgubw%3D%3D,LINKEDIN
algoleap,Sr Functional Consultant _Supply Planning - CP(D312),"Bangalore North Rural, Karnataka, India",https://in.linkedin.com/jobs/view/sr-functional-consultant-supply-planning-cp-d312-at-algoleap-4450172442?position=6&pageNum=0&refId=YinkPmFwSqLc3tRFkq5ztw%3D%3D&trackingId=l6bzqdn5Ecdn1OOkTAj0pQ%3D%3D,LINKEDIN
EFESO Advanced Planning,Senior Consultant - Supply Chain Transformation (m/f/d),"Pune Division, Maharashtra, India",https://in.linkedin.com/jobs/view/senior-consultant-supply-chain-transformation-m-f-d-at-efeso-advanced-planning-4440126992?position=7&pageNum=0&refId=YinkPmFwSqLc3tRFkq5ztw%3D%3D&trackingId=b%2BBeaeKNWuFo95Q56%2B51eg%3D%3D,LINKEDIN
EY,EY Business Consulting - Supply Chain Domain - Enterprise Asset Management - Senior Consultant,"Trivandrum, Kerala, India",https://in.linkedin.com/jobs/view/ey-business-consulting-supply-chain-domain-enterprise-asset-management-senior-consultant-at-ey-4469321292?position=8&pageNum=0&refId=YinkPmFwSqLc3tRFkq5ztw%3D%3D&trackingId=dEq5k%2FMdaW4e4XiEEig4cQ%3D%3D,LINKEDIN
AHEAD,Senior Technical Consultant - Security GRC,"Gurugram, Haryana, India",https://in.linkedin.com/jobs/view/senior-technical-consultant-security-grc-at-ahead-4473211753?position=9&pageNum=0&refId=YinkPmFwSqLc3tRFkq5ztw%3D%3D&trackingId=v1SQByokTMcZ7HK8Xemr3Q%3D%3D,LINKEDIN
EY,Senior Consultant - Business Consulting PI - CHS - CNS - BC - Supply Chain & Operations - New Delhi,"Delhi, India",https://in.linkedin.com/jobs/view/senior-consultant-business-consulting-pi-chs-cns-bc-supply-chain-operations-new-delhi-at-ey-4440194264?position=10&pageNum=0&refId=YinkPmFwSqLc3tRFkq5ztw%3D%3D&trackingId=vPhCuJFLJ9ErxcEPnOOIrA%3D%3D,LINKEDIN
Mott MacDonald,Senior Environment Consultant (UK Projects),Mumbai Metropolitan Region,https://in.linkedin.com/jobs/view/senior-environment-consultant-uk-projects-at-mott-macdonald-4448125790?position=1&pageNum=2&refId=MqHFroEc4N31kSnwid59Nw%3D%3D&trackingId=k8LBOnGx%2B8NrQgGAYADw2Q%3D%3D,LINKEDIN
Deloitte,"WMS Manhattan – Senior Consultant, Technical Transformation","Chennai, Tamil Nadu, India",https://in.linkedin.com/jobs/view/wms-manhattan-%E2%80%93-senior-consultant-technical-transformation-at-deloitte-4459495108?position=2&pageNum=2&refId=MqHFroEc4N31kSnwid59Nw%3D%3D&trackingId=fDrKw9whpqY9APamfWrZ5w%3D%3D,LINKEDIN
Deloitte,Oracle Cloud Supply Chain-Senior Consultant,"Pune Division, Maharashtra, India",https://in.linkedin.com/jobs/view/oracle-cloud-supply-chain-senior-consultant-at-deloitte-4460656600?position=3&pageNum=2&refId=MqHFroEc4N31kSnwid59Nw%3D%3D&trackingId=738I36wHPYnqClseJPegIQ%3D%3D,LINKEDIN
Deloitte,Oracle Cloud Supply Chain Senior Consultant,"Hyderabad, Telangana, India",https://in.linkedin.com/jobs/view/oracle-cloud-supply-chain-senior-consultant-at-deloitte-4438948145?position=4&pageNum=2&refId=MqHFroEc4N31kSnwid59Nw%3D%3D&trackingId=5Sd8qzi6kKlW0yCtsBJ7KQ%3D%3D,LINKEDIN
Deloitte,Oracle Cloud Supply Chain-Senior Consultant,"Hyderabad, Telangana, India",https://in.linkedin.com/jobs/view/oracle-cloud-supply-chain-senior-consultant-at-deloitte-4460664023?position=5&pageNum=2&refId=MqHFroEc4N31kSnwid59Nw%3D%3D&trackingId=yorxDI8AGAauk0qtTJSa6A%3D%3D,LINKEDIN
Deloitte,Oracle Cloud Supply Chain-Senior Consultant,"Chennai, Tamil Nadu, India",https://in.linkedin.com/jobs/view/oracle-cloud-supply-chain-senior-consultant-at-deloitte-4460658495?position=6&pageNum=2&refId=MqHFroEc4N31kSnwid59Nw%3D%3D&trackingId=2zHHpyEQRMVHRj5vSI2Prw%3D%3D,LINKEDIN
Deloitte,Oracle Cloud Supply Chain Senior Consultant,"Chennai, Tamil Nadu, India",https://in.linkedin.com/jobs/view/oracle-cloud-supply-chain-senior-consultant-at-deloitte-4438938415?position=7&pageNum=2&refId=MqHFroEc4N31kSnwid59Nw%3D%3D&trackingId=9bE4ksY%2FmsLVW%2FRpSUSy8Q%3D%3D,LINKEDIN
Deloitte,"WMS Manhattan – Senior Consultant, Technical Transformation","Pune Division, Maharashtra, India",https://in.linkedin.com/jobs/view/wms-manhattan-%E2%80%93-senior-consultant-technical-transformation-at-deloitte-4459494108?position=8&pageNum=2&refId=MqHFroEc4N31kSnwid59Nw%3D%3D&trackingId=l2Wd3i9Drd305qI59sAE2w%3D%3D,LINKEDIN
Deloitte,"Oracle Cloud Supply Chain - Senior Consultant, Functional Transformation","Hyderabad, Telangana, India",https://in.linkedin.com/jobs/view/oracle-cloud-supply-chain-senior-consultant-functional-transformation-at-deloitte-4445192875?position=9&pageNum=2&refId=MqHFroEc4N31kSnwid59Nw%3D%3D&trackingId=GmM60hEAhg2PukDKfj16gg%3D%3D,LINKEDIN
Deloitte,"Oracle Cloud Supply Chain - Senior Consultant, Functional Transformation","Pune Division, Maharashtra, India",https://in.linkedin.com/jobs/view/oracle-cloud-supply-chain-senior-consultant-functional-transformation-at-deloitte-4445181949?position=10&pageNum=2&refId=MqHFroEc4N31kSnwid59Nw%3D%3D&trackingId=ZFh1602rNkJteaFaleSIXg%3D%3D,LINKEDIN
Deloitte,SAP ISU Senior Consultant,"Hyderabad, Telangana, India",https://in.linkedin.com/jobs/view/sap-isu-senior-consultant-at-deloitte-4446784665?position=1&pageNum=5&refId=4vA0vlQeCHG9JLCzE3ihug%3D%3D&trackingId=7nvifh%2F9QwRDF0RQd%2BnaWQ%3D%3D,LINKEDIN
Deloitte,Oracle Cloud Supply Chain-Senior Consultant,"Bengaluru, Karnataka, India",https://in.linkedin.com/jobs/view/oracle-cloud-supply-chain-senior-consultant-at-deloitte-4460644784?position=2&pageNum=5&refId=4vA0vlQeCHG9JLCzE3ihug%3D%3D&trackingId=Un6TL%2Bo3s9V6KqX2hwWE2w%3D%3D,LINKEDIN
Deloitte,Oracle Cloud Supply Chain Senior Consultant,"Bengaluru, Karnataka, India",https://in.linkedin.com/jobs/view/oracle-cloud-supply-chain-senior-consultant-at-deloitte-4438938413?position=3&pageNum=5&refId=4vA0vlQeCHG9JLCzE3ihug%3D%3D&trackingId=bZziDl5ljLyOB9rghmVsTQ%3D%3D,LINKEDIN
Deloitte,"Kinaxis – Senior Consultant,Technical Transformation","Hyderabad, Telangana, India",https://in.linkedin.com/jobs/view/kinaxis-%E2%80%93-senior-consultant-technical-transformation-at-deloitte-4421723302?position=4&pageNum=5&refId=4vA0vlQeCHG9JLCzE3ihug%3D%3D&trackingId=jKM0jMoa3%2BTMKi8cFxfj0A%3D%3D,LINKEDIN
Deloitte,Senior Consultant - Cyber IOT,"Pune Division, Maharashtra, India",https://in.linkedin.com/jobs/view/senior-consultant-cyber-iot-at-deloitte-4458673782?position=5&pageNum=5&refId=4vA0vlQeCHG9JLCzE3ihug%3D%3D&trackingId=kMEWyDs55yczbQTJWEZFLA%3D%3D,LINKEDIN
Deloitte,Senior Consultant - Cyber IOT,"Pune Division, Maharashtra, India",https://in.linkedin.com/jobs/view/senior-consultant-cyber-iot-at-deloitte-4461994979?position=6&pageNum=5&refId=4vA0vlQeCHG9JLCzE3ihug%3D%3D&trackingId=Zi0XhmWVXZdA7eOtNXahng%3D%3D,LINKEDIN
Deloitte,SAP QM Senior Consultant,"Chennai, Tamil Nadu, India",https://in.linkedin.com/jobs/view/sap-qm-senior-consultant-at-deloitte-4456885239?position=7&pageNum=5&refId=4vA0vlQeCHG9JLCzE3ihug%3D%3D&trackingId=sgL3Z7ZVQ7dFSGtAT3zCdg%3D%3D,LINKEDIN
Deloitte,SAP TM Sr Consultant,"Hyderabad, Telangana, India",https://in.linkedin.com/jobs/view/sap-tm-sr-consultant-at-deloitte-4452915722?position=8&pageNum=5&refId=4vA0vlQeCHG9JLCzE3ihug%3D%3D&trackingId=xQO2cU6thrXC4wvaM6mixA%3D%3D,LINKEDIN
Deloitte,Wiz.io (AWS/GCP) - Senior Consultant,"Pune Division, Maharashtra, India",https://in.linkedin.com/jobs/view/wiz-io-aws-gcp-senior-consultant-at-deloitte-4455699501?position=9&pageNum=5&refId=4vA0vlQeCHG9JLCzE3ihug%3D%3D&trackingId=VXuFyn1YKwInPQQaiaEXNg%3D%3D,LINKEDIN
Deloitte,"Kinaxis – Senior Consultant,Technical Transformation","Chennai, Tamil Nadu, India",https://in.linkedin.com/jobs/view/kinaxis-%E2%80%93-senior-consultant-technical-transformation-at-deloitte-4421709967?position=10&pageNum=5&refId=4vA0vlQeCHG9JLCzE3ihug%3D%3D&trackingId=vFyCwrn80%2FCmnqZckpym3g%3D%3D,LINKEDIN
Deloitte,Senior Consultant - Tax Transformation Consulting (TTC)- SAP FICO | Vertex | ONESOURCE | Avalara | Sovos - Hyderabad/Bengaluru/Mumbai/Pune/Gurugram/Chennai/Kolkata,"Hyderabad, Telangana, India",https://in.linkedin.com/jobs/view/senior-consultant-tax-transformation-consulting-ttc-sap-fico-vertex-onesource-avalara-sovos-hyderabad-bengaluru-mumbai-pune-gurugram-chennai-kolkata-at-deloitte-4418258746?position=1&pageNum=7&refId=MMLnPCMWofLCITvfTjFaaw%3D%3D&trackingId=sPl51CuYEH8fpnsc%2BVA0Iw%3D%3D,LINKEDIN
Deloitte,SAP PM Sr Consultant,"Hyderabad, Telangana, India",https://in.linkedin.com/jobs/view/sap-pm-sr-consultant-at-deloitte-4431921189?position=2&pageNum=7&refId=MMLnPCMWofLCITvfTjFaaw%3D%3D&trackingId=JJT0OpLTxDASeqLKXa%2F8jA%3D%3D,LINKEDIN
Deloitte,SAP QM Senior Consultant,"Hyderabad, Telangana, India",https://in.linkedin.com/jobs/view/sap-qm-senior-consultant-at-deloitte-4456875285?position=3&pageNum=7&refId=MMLnPCMWofLCITvfTjFaaw%3D%3D&trackingId=C%2FByX6xswtNMmlL9uUo0hg%3D%3D,LINKEDIN
Deloitte,"USI-EH27-Consulting-FT-BF-OneStream-Senior Consultant, Functional Transformation","Chennai, Tamil Nadu, India",https://in.linkedin.com/jobs/view/usi-eh27-consulting-ft-bf-onestream-senior-consultant-functional-transformation-at-deloitte-4424258676?position=4&pageNum=7&refId=MMLnPCMWofLCITvfTjFaaw%3D%3D&trackingId=X4EyT5l8UdnNMdzevwZNew%3D%3D,LINKEDIN
Deloitte,SAP TM Sr Consultant,"Bengaluru, Karnataka, India",https://in.linkedin.com/jobs/view/sap-tm-sr-consultant-at-deloitte-4452929717?position=5&pageNum=7&refId=MMLnPCMWofLCITvfTjFaaw%3D%3D&trackingId=SfT5Pds1u6A%2FFpKXx8oOXg%3D%3D,LINKEDIN
Deloitte,SAP GR/SAC - Senior Consultant,"Chennai, Tamil Nadu, India",https://in.linkedin.com/jobs/view/sap-gr-sac-senior-consultant-at-deloitte-4453598344?position=6&pageNum=7&refId=MMLnPCMWofLCITvfTjFaaw%3D%3D&trackingId=DV0uGA7kbd5Q8wKPdFpuQg%3D%3D,LINKEDIN
Deloitte,SAP TM Sr Consultant,"Pune Division, Maharashtra, India",https://in.linkedin.com/jobs/view/sap-tm-sr-consultant-at-deloitte-4452932714?position=7&pageNum=7&refId=MMLnPCMWofLCITvfTjFaaw%3D%3D&trackingId=mvMPp%2FBVic7pbQZpspYAuw%3D%3D,LINKEDIN
Deloitte,"USI-EH27-Consulting-FT-BF-OneStream-Senior Consultant, Functional Transformation","Pune Division, Maharashtra, India",https://in.linkedin.com/jobs/view/usi-eh27-consulting-ft-bf-onestream-senior-consultant-functional-transformation-at-deloitte-4424253739?position=8&pageNum=7&refId=MMLnPCMWofLCITvfTjFaaw%3D%3D&trackingId=3xLhqhDwwWlulM%2F8YzA8Tg%3D%3D,LINKEDIN
EY,EY Business Consulting - Supply Chain Domain - Enterprise Asset Management - Senior Consultant,"Kochi, Kerala, India",https://in.linkedin.com/jobs/view/ey-business-consulting-supply-chain-domain-enterprise-asset-management-senior-consultant-at-ey-4469324173?position=9&pageNum=7&refId=MMLnPCMWofLCITvfTjFaaw%3D%3D&trackingId=r6gcv6RF8isY5QqOeU8M7w%3D%3D,LINKEDIN
Deloitte,Senior Consultant - Tax Transformation Consulting (TTC)- SAP FICO | Vertex | ONESOURCE | Avalara | Sovos - Hyderabad/Bengaluru/Mumbai/Pune/Gurugram/Chennai/Kolkata,"Pune Division, Maharashtra, India",https://in.linkedin.com/jobs/view/senior-consultant-tax-transformation-consulting-ttc-sap-fico-vertex-onesource-avalara-sovos-hyderabad-bengaluru-mumbai-pune-gurugram-chennai-kolkata-at-deloitte-4418262741?position=10&pageNum=7&refId=MMLnPCMWofLCITvfTjFaaw%3D%3D&trackingId=Xq7jpNyDwDHkEONvoMaKNw%3D%3D,LINKEDIN
Deloitte,EH-FY27-Consulting-S&T-Strategy-Senior Consultant-TS-FSI-IMRE,"Pune Division, Maharashtra, India",https://in.linkedin.com/jobs/view/eh-fy27-consulting-s-t-strategy-senior-consultant-ts-fsi-imre-at-deloitte-4463260093?position=1&pageNum=0&refId=ZE7x5d%2F34R%2BAvCZAvNBpAw%3D%3D&trackingId=ssov3o20Mn%2F89cs1GOuchQ%3D%3D,LINKEDIN
Deloitte,EH-FY27-Consulting-S&T-Strategy-Senior Consultant-BS-HC,"Pune Division, Maharashtra, India",https://in.linkedin.com/jobs/view/eh-fy27-consulting-s-t-strategy-senior-consultant-bs-hc-at-deloitte-4463258091?position=2&pageNum=0&refId=ZE7x5d%2F34R%2BAvCZAvNBpAw%3D%3D&trackingId=AJeAGGKmXp2ORn1hBznhKA%3D%3D,LINKEDIN
EY,Director - Business Consulting PI - AMI - CNS - BC - Supply Chain & Operations - Noida,"Noida, Uttar Pradesh, India",https://in.linkedin.com/jobs/view/director-business-consulting-pi-ami-cns-bc-supply-chain-operations-noida-at-ey-4467377310?position=3&pageNum=0&refId=ZE7x5d%2F34R%2BAvCZAvNBpAw%3D%3D&trackingId=bBPE36s1xJaMifUTOxjUBw%3D%3D,LINKEDIN
Accenture in India,Industry Consulting – Health - Principal,"Gurugram, Haryana, India",https://in.linkedin.com/jobs/view/industry-consulting-%E2%80%93-health-principal-at-accenture-in-india-4470616404?position=4&pageNum=0&refId=ZE7x5d%2F34R%2BAvCZAvNBpAw%3D%3D&trackingId=Jp6x7BZbSl3qhobYfWW2FQ%3D%3D,LINKEDIN
BDO India,Assistant Manager-Management Consulting-(Consumer & Retail)– Gurgaon,"Gurugram, Haryana, India",https://in.linkedin.com/jobs/view/assistant-manager-management-consulting-consumer-retail-%E2%80%93-gurgaon-at-bdo-india-4455592466?position=5&pageNum=0&refId=ZE7x5d%2F34R%2BAvCZAvNBpAw%3D%3D&trackingId=SjEcz6t9YLpvfsbLG52IWQ%3D%3D,LINKEDIN
Accenture in India,#ACN S&C - GN - Strategy - Corporate Strategy & Growth - Consultant,"Gurugram, Haryana, India",https://in.linkedin.com/jobs/view/%23acn-s-c-gn-strategy-corporate-strategy-growth-consultant-at-accenture-in-india-4448331420?position=6&pageNum=0&refId=ZE7x5d%2F34R%2BAvCZAvNBpAw%3D%3D&trackingId=pXfR0KALgv5miSM2eD6TEQ%3D%3D,LINKEDIN
Accenture services Pvt Ltd,Industry Consulting – Health - Principal,"Gurugram, Haryana, India",https://in.linkedin.com/jobs/view/industry-consulting-%E2%80%93-health-principal-at-accenture-services-pvt-ltd-4472541197?position=7&pageNum=0&refId=ZE7x5d%2F34R%2BAvCZAvNBpAw%3D%3D&trackingId=CiRYZK6k%2BEHKMEBnPNuKTA%3D%3D,LINKEDIN
PwC India,Associate,"Gurugram, Haryana, India",https://in.linkedin.com/jobs/view/associate-at-pwc-india-4383466709?position=8&pageNum=0&refId=ZE7x5d%2F34R%2BAvCZAvNBpAw%3D%3D&trackingId=Z0CU68a7QsGDqAnzCCugpg%3D%3D,LINKEDIN
ICF,Engagement Manager – Aviation Strategy & Operations (Airlines & MRO),"New Delhi, Delhi, India",https://in.linkedin.com/jobs/view/engagement-manager-%E2%80%93-aviation-strategy-operations-airlines-mro-at-icf-4461686421?position=9&pageNum=0&refId=ZE7x5d%2F34R%2BAvCZAvNBpAw%3D%3D&trackingId=jIJ0DNl2ICB49BqchL5v5Q%3D%3D,LINKEDIN
Growqai,Business Consultant,Mumbai Metropolitan Region,https://in.linkedin.com/jobs/view/business-consultant-at-growqai-4461987093?position=10&pageNum=0&refId=ZE7x5d%2F34R%2BAvCZAvNBpAw%3D%3D&trackingId=bMz6iSZq1%2BlPUkTVrJWcFg%3D%3D,LINKEDIN
Alvarez & Marsal,Director - AIG,"Gurugram, Haryana, India",https://in.linkedin.com/jobs/view/director-aig-at-alvarez-marsal-4440998332?position=1&pageNum=2&refId=2B4%2Fg%2FyIi8jFPT6PU1U%2F3A%3D%3D&trackingId=3J7mPHdWbUf3OCIIztcZ1g%3D%3D,LINKEDIN
Inizio Ignite,"Global Consultant, Lifesciences","Gurugram, Haryana, India",https://in.linkedin.com/jobs/view/global-consultant-lifesciences-at-inizio-ignite-4379773196?position=2&pageNum=2&refId=2B4%2Fg%2FyIi8jFPT6PU1U%2F3A%3D%3D&trackingId=OhPYpazk8vts%2FAAGusMRBg%3D%3D,LINKEDIN
Infosys Consulting,Senior Consultant/ Principal - Business Consulting (FS- Banking),"Bengaluru, Karnataka, India",https://in.linkedin.com/jobs/view/senior-consultant-principal-business-consulting-fs-banking-at-infosys-consulting-4466170668?position=3&pageNum=2&refId=2B4%2Fg%2FyIi8jFPT6PU1U%2F3A%3D%3D&trackingId=9paPmjxTXDeZ2l0xLcQxJQ%3D%3D,LINKEDIN
Sigmoid,Senior Management Consultant – Life Sciences Consulting,"Bengaluru, Karnataka, India",https://in.linkedin.com/jobs/view/senior-management-consultant-%E2%80%93-life-sciences-consulting-at-sigmoid-4464622171?position=4&pageNum=2&refId=2B4%2Fg%2FyIi8jFPT6PU1U%2F3A%3D%3D&trackingId=fQS59gBNVxkctQ4BkMpL%2Fg%3D%3D,LINKEDIN
Cognizant,Sr. Consulting Manager,"Chennai, Tamil Nadu, India",https://in.linkedin.com/jobs/view/sr-consulting-manager-at-cognizant-4471997909?position=5&pageNum=2&refId=2B4%2Fg%2FyIi8jFPT6PU1U%2F3A%3D%3D&trackingId=iHylwP1pJ5fbdkGHKRDOLA%3D%3D,LINKEDIN
IQVIA India,Senior Consultant,"Mumbai, Maharashtra, India",https://in.linkedin.com/jobs/view/senior-consultant-at-iqvia-india-4473085416?position=6&pageNum=2&refId=2B4%2Fg%2FyIi8jFPT6PU1U%2F3A%3D%3D&trackingId=9lxe1UqS8HyA5L4gAvL9Tg%3D%3D,LINKEDIN
Capgemini,Insurance Consulting -Senior Consultant,"Bengaluru, Karnataka, India",https://in.linkedin.com/jobs/view/insurance-consulting-senior-consultant-at-capgemini-4470966909?position=7&pageNum=2&refId=2B4%2Fg%2FyIi8jFPT6PU1U%2F3A%3D%3D&trackingId=USV6hdT%2BS0wC74T5eBiiLA%3D%3D,LINKEDIN
Oliver Wyman,Oliver Wyman - Associate - Mumbai/Gurugram,Mumbai Metropolitan Region,https://in.linkedin.com/jobs/view/oliver-wyman-associate-mumbai-gurugram-at-oliver-wyman-4460351311?position=8&pageNum=2&refId=2B4%2Fg%2FyIi8jFPT6PU1U%2F3A%3D%3D&trackingId=IJ9ZqtG80r2PrlkXfV3M%2Bg%3D%3D,LINKEDIN
Frost & Sullivan,Healthcare & Life Sciences Consultant/Senior Consultant,Mumbai Metropolitan Region,https://in.linkedin.com/jobs/view/healthcare-life-sciences-consultant-senior-consultant-at-frost-sullivan-4456866281?position=9&pageNum=2&refId=2B4%2Fg%2FyIi8jFPT6PU1U%2F3A%3D%3D&trackingId=6sjEFXUmNFVuxTavFIW8FA%3D%3D,LINKEDIN
Infosys,Knowledge Services Consultant,"Bengaluru East, Karnataka, India",https://in.linkedin.com/jobs/view/knowledge-services-consultant-at-infosys-4472306306?position=10&pageNum=2&refId=2B4%2Fg%2FyIi8jFPT6PU1U%2F3A%3D%3D&trackingId=Sa9U%2FDnShovhD%2BnvokrM3g%3D%3D,LINKEDIN
Deloitte,EH-FY27-Consulting-S&T-Strategy-Senior Consultant-BS-HC,"Hyderabad, Telangana, India",https://in.linkedin.com/jobs/view/eh-fy27-consulting-s-t-strategy-senior-consultant-bs-hc-at-deloitte-4463253123?position=1&pageNum=5&refId=Qq3qICCXv%2Ffb%2Blo12drGOw%3D%3D&trackingId=yaothzAIrc7XhZbOwE5F3w%3D%3D,LINKEDIN
Deloitte,EH-FY27-Consulting-S&T-Strategy-Senior Consultant-BS-FSI-B&CM,"Bengaluru, Karnataka, India",https://in.linkedin.com/jobs/view/eh-fy27-consulting-s-t-strategy-senior-consultant-bs-fsi-b-cm-at-deloitte-4463261082?position=2&pageNum=5&refId=Qq3qICCXv%2Ffb%2Blo12drGOw%3D%3D&trackingId=AOvI%2Fk%2Fkh1CSRzpH4A5UgA%3D%3D,LINKEDIN
Deloitte,EH-FY27-Consulting-S&T-Strategy-Senior Consultant-TS-FSI-IMRE,"Chennai, Tamil Nadu, India",https://in.linkedin.com/jobs/view/eh-fy27-consulting-s-t-strategy-senior-consultant-ts-fsi-imre-at-deloitte-4463254106?position=3&pageNum=5&refId=Qq3qICCXv%2Ffb%2Blo12drGOw%3D%3D&trackingId=ct1YtQzPMnaSwuWhnHIOIA%3D%3D,LINKEDIN
Deloitte,EH-FY27-Consulting-S&T-Strategy-Senior Consultant-BS-FSI-B&CM,"Chennai, Tamil Nadu, India",https://in.linkedin.com/jobs/view/eh-fy27-consulting-s-t-strategy-senior-consultant-bs-fsi-b-cm-at-deloitte-4463262097?position=4&pageNum=5&refId=Qq3qICCXv%2Ffb%2Blo12drGOw%3D%3D&trackingId=cSzp9wG9QqETbsg1I0vheA%3D%3D,LINKEDIN
Accenture in India,#ACN S&C-GN-Strategy-Corporate Strategy & Growth - Manager,"Bengaluru, Karnataka, India",https://in.linkedin.com/jobs/view/%23acn-s-c-gn-strategy-corporate-strategy-growth-manager-at-accenture-in-india-4448335519?position=5&pageNum=5&refId=Qq3qICCXv%2Ffb%2Blo12drGOw%3D%3D&trackingId=XKH57IWw1ZLM182wl%2FFhDw%3D%3D,LINKEDIN
Accenture in India,#ACN S&C-GN-Strategy-Corporate Strategy & Growth - Manager,"Bengaluru, Karnataka, India",https://in.linkedin.com/jobs/view/%23acn-s-c-gn-strategy-corporate-strategy-growth-manager-at-accenture-in-india-4448323686?position=6&pageNum=5&refId=Qq3qICCXv%2Ffb%2Blo12drGOw%3D%3D&trackingId=tMeoXgLLJL%2B5cxizlM3ikw%3D%3D,LINKEDIN
Accenture in India,#ACN GN-Industry-Health- Health Engagement - Consultant,"Bengaluru, Karnataka, India",https://in.linkedin.com/jobs/view/%23acn-gn-industry-health-health-engagement-consultant-at-accenture-in-india-4473260896?position=7&pageNum=5&refId=Qq3qICCXv%2Ffb%2Blo12drGOw%3D%3D&trackingId=a4lrrOZoj5b8MkN5kFrqpA%3D%3D,LINKEDIN
Deloitte,EH-FY27-Consulting-S&T-Strategy-Senior Consultant-TS-FSI-IMRE,"Bengaluru, Karnataka, India",https://in.linkedin.com/jobs/view/eh-fy27-consulting-s-t-strategy-senior-consultant-ts-fsi-imre-at-deloitte-4463262087?position=8&pageNum=5&refId=Qq3qICCXv%2Ffb%2Blo12drGOw%3D%3D&trackingId=Wabi6KXhMt3ch88evLQlXQ%3D%3D,LINKEDIN
Accenture in India,#ACN GN-Industry-Public Services-Japan Bilingual-Consultant,"Bengaluru, Karnataka, India",https://in.linkedin.com/jobs/view/%23acn-gn-industry-public-services-japan-bilingual-consultant-at-accenture-in-india-4472082520?position=9&pageNum=5&refId=Qq3qICCXv%2Ffb%2Blo12drGOw%3D%3D&trackingId=ENDZRzEf0P%2BfzTEaaVxDWg%3D%3D,LINKEDIN
Deloitte,EH-FY27-Consulting-S&T-Strategy-Senior Consultant-BS-FSI-B&CM,"Hyderabad, Telangana, India",https://in.linkedin.com/jobs/view/eh-fy27-consulting-s-t-strategy-senior-consultant-bs-fsi-b-cm-at-deloitte-4463257103?position=10&pageNum=5&refId=Qq3qICCXv%2Ffb%2Blo12drGOw%3D%3D&trackingId=7S7wAr1D71ubANkSoaHprA%3D%3D,LINKEDIN
Growqai,Business Consultant,Mumbai Metropolitan Region,https://in.linkedin.com/jobs/view/business-consultant-at-growqai-4461987093?position=1&pageNum=0&refId=nlfi7RmPXeAKYUjrUfQnQA%3D%3D&trackingId=6JOqnfKKejrLa6OSs1%2BJPg%3D%3D,LINKEDIN
Deloitte,EH-FY27-Consulting-S&T-Strategy-Senior Consultant-BS-FSI-B&CM,"Pune Division, Maharashtra, India",https://in.linkedin.com/jobs/view/eh-fy27-consulting-s-t-strategy-senior-consultant-bs-fsi-b-cm-at-deloitte-4463252136?position=2&pageNum=0&refId=nlfi7RmPXeAKYUjrUfQnQA%3D%3D&trackingId=W1PJ8X9OgwUUY7ZT7Q68iA%3D%3D,LINKEDIN
Accenture in India,Business Transformation Assoc Manager,"Gurugram, Haryana, India",https://in.linkedin.com/jobs/view/business-transformation-assoc-manager-at-accenture-in-india-4459841070?position=3&pageNum=0&refId=nlfi7RmPXeAKYUjrUfQnQA%3D%3D&trackingId=2NvubUD1o%2BBLRSI9NOkPdg%3D%3D,LINKEDIN
EY,Senior Consultant - Business Consulting PI - CHS - CNS - BC - Supply Chain & Operations - New Delhi,"Delhi, India",https://in.linkedin.com/jobs/view/senior-consultant-business-consulting-pi-chs-cns-bc-supply-chain-operations-new-delhi-at-ey-4440194264?position=4&pageNum=0&refId=nlfi7RmPXeAKYUjrUfQnQA%3D%3D&trackingId=76TScuzh5bQXNNtHJiBzwg%3D%3D,LINKEDIN
BDO India,Assistant Manager-Management Consulting-(Consumer & Retail)– Gurgaon,"Gurugram, Haryana, India",https://in.linkedin.com/jobs/view/assistant-manager-management-consulting-consumer-retail-%E2%80%93-gurgaon-at-bdo-india-4455592466?position=5&pageNum=0&refId=nlfi7RmPXeAKYUjrUfQnQA%3D%3D&trackingId=TCCYqZCjalMe4nuZsjdScw%3D%3D,LINKEDIN
Accenture in India,GN-I&E-Banking-Payments-Consultant,"Gurugram, Haryana, India",https://in.linkedin.com/jobs/view/gn-i-e-banking-payments-consultant-at-accenture-in-india-4471490461?position=6&pageNum=0&refId=nlfi7RmPXeAKYUjrUfQnQA%3D%3D&trackingId=T%2FCKaeNTCE1RoKYhz7WyCQ%3D%3D,LINKEDIN
EY,Senior Consultant - Business Consulting PI - TMT - CNS - BC - FINANCE - Bangalore,"Bengaluru, Karnataka, India",https://in.linkedin.com/jobs/view/senior-consultant-business-consulting-pi-tmt-cns-bc-finance-bangalore-at-ey-4439245025?position=7&pageNum=0&refId=nlfi7RmPXeAKYUjrUfQnQA%3D%3D&trackingId=MH26gvSQj%2Bdl4jhqT2sKMQ%3D%3D,LINKEDIN
Deloitte,EH-FY27-Consulting-S&T-Strategy-Senior Consultant-BS-FSI-B&CM,"Chennai, Tamil Nadu, India",https://in.linkedin.com/jobs/view/eh-fy27-consulting-s-t-strategy-senior-consultant-bs-fsi-b-cm-at-deloitte-4463262097?position=8&pageNum=0&refId=nlfi7RmPXeAKYUjrUfQnQA%3D%3D&trackingId=ZjyH%2FE0eT0nTXP%2FmmURPIA%3D%3D,LINKEDIN
TransGanization,Business Consultant,"Mumbai, Maharashtra, India",https://in.linkedin.com/jobs/view/business-consultant-at-transganization-4473854348?position=9&pageNum=0&refId=nlfi7RmPXeAKYUjrUfQnQA%3D%3D&trackingId=MQTCzduXCr583wx6tfzl3A%3D%3D,LINKEDIN
Accenture services Pvt Ltd,Industry Consulting – Health - Principal,"Gurugram, Haryana, India",https://in.linkedin.com/jobs/view/industry-consulting-%E2%80%93-health-principal-at-accenture-services-pvt-ltd-4472541197?position=10&pageNum=0&refId=nlfi7RmPXeAKYUjrUfQnQA%3D%3D&trackingId=04UJk6H1T8kD7BAcnlvFjw%3D%3D,LINKEDIN
Accenture services Pvt Ltd,GN - Mangement Consulting - CFO&EV - Analyst,"Gurugram, Haryana, India",https://in.linkedin.com/jobs/view/gn-mangement-consulting-cfo-ev-analyst-at-accenture-services-pvt-ltd-4472536344?position=1&pageNum=2&refId=u%2F2vcsFAtia%2BgHjp4XO9Gw%3D%3D&trackingId=cmEasJNZy%2F4%2BuPmZS2bUiQ%3D%3D,LINKEDIN
Wipro,DOMAIN CONSULTANT L2,Mumbai Metropolitan Region,https://in.linkedin.com/jobs/view/domain-consultant-l2-at-wipro-4473038781?position=2&pageNum=2&refId=u%2F2vcsFAtia%2BgHjp4XO9Gw%3D%3D&trackingId=znK5fb1zFULiI%2FO%2BAqdAmA%3D%3D,LINKEDIN
Avasant,Managing Consultant,Greater Delhi Area,https://in.linkedin.com/jobs/view/managing-consultant-at-avasant-4431796395?position=3&pageNum=2&refId=u%2F2vcsFAtia%2BgHjp4XO9Gw%3D%3D&trackingId=KXDOtVbpSFULnkpUvnXzNw%3D%3D,LINKEDIN
CohnReznick Professional Services Pvt Ltd,CXO - Business Analyst,"Chennai, Tamil Nadu, India",https://in.linkedin.com/jobs/view/cxo-business-analyst-at-cohnreznick-professional-services-pvt-ltd-4473877482?position=4&pageNum=2&refId=u%2F2vcsFAtia%2BgHjp4XO9Gw%3D%3D&trackingId=IT7RtBDMNYVWnOQLyBd59g%3D%3D,LINKEDIN
Sion Advisors,Management Consultant,"Hyderabad, Telangana, India",https://in.linkedin.com/jobs/view/management-consultant-at-sion-advisors-4473643283?position=5&pageNum=2&refId=u%2F2vcsFAtia%2BgHjp4XO9Gw%3D%3D&trackingId=nJekiidO4FyL9S5QLbDywg%3D%3D,LINKEDIN
PwC Acceleration Center India,Provider Health Transformation - Experienced Associate,"Bengaluru East, Karnataka, India",https://in.linkedin.com/jobs/view/provider-health-transformation-experienced-associate-at-pwc-acceleration-center-india-4462803408?position=6&pageNum=2&refId=u%2F2vcsFAtia%2BgHjp4XO9Gw%3D%3D&trackingId=e8esfZ949jdf3%2FsCs0JJsQ%3D%3D,LINKEDIN
Sigmoid,Senior Management Consultant – Life Sciences Consulting,"Bengaluru, Karnataka, India",https://in.linkedin.com/jobs/view/senior-management-consultant-%E2%80%93-life-sciences-consulting-at-sigmoid-4464622171?position=7&pageNum=2&refId=u%2F2vcsFAtia%2BgHjp4XO9Gw%3D%3D&trackingId=VFPujWanbaOtRTABETtOMA%3D%3D,LINKEDIN
Frost & Sullivan,Healthcare & Life Sciences Consultant/Senior Consultant,Mumbai Metropolitan Region,https://in.linkedin.com/jobs/view/healthcare-life-sciences-consultant-senior-consultant-at-frost-sullivan-4456866281?position=8&pageNum=2&refId=u%2F2vcsFAtia%2BgHjp4XO9Gw%3D%3D&trackingId=4QIlMYEwURQxS0UOVfZjxw%3D%3D,LINKEDIN
Acentra Health,Senior Consultant - Transformation,"Chennai, Tamil Nadu, India",https://in.linkedin.com/jobs/view/senior-consultant-transformation-at-acentra-health-4461739210?position=9&pageNum=2&refId=u%2F2vcsFAtia%2BgHjp4XO9Gw%3D%3D&trackingId=s3EPaJzXvnFWf4nUwwhu%2Bg%3D%3D,LINKEDIN
KPMG India,Consultant – Value Creation,"Gurgaon, Haryana, India",https://in.linkedin.com/jobs/view/consultant-%E2%80%93-value-creation-at-kpmg-india-4474297635?position=10&pageNum=2&refId=u%2F2vcsFAtia%2BgHjp4XO9Gw%3D%3D&trackingId=8E308UGcvOBP2pvJfqrc7Q%3D%3D,LINKEDIN
Accenture in India,Business Transformation Assoc Manager,"Chennai, Tamil Nadu, India",https://in.linkedin.com/jobs/view/business-transformation-assoc-manager-at-accenture-in-india-4459833124?position=1&pageNum=5&refId=6LWZs9anGM87GhRWZ0Kjjw%3D%3D&trackingId=r%2BX%2BjoJIx0hVKFPD1XNkDg%3D%3D,LINKEDIN
EY,"Consultant, AI Discovery and Business Transformation","Pune Division, Maharashtra, India",https://in.linkedin.com/jobs/view/consultant-ai-discovery-and-business-transformation-at-ey-4465997883?position=2&pageNum=5&refId=6LWZs9anGM87GhRWZ0Kjjw%3D%3D&trackingId=5LGy94aPgQeb4qqFoa9kFQ%3D%3D,LINKEDIN
Accenture in India,#ACN-GN-Industry Life Science Commercial,"Bengaluru, Karnataka, India",https://in.linkedin.com/jobs/view/%23acn-gn-industry-life-science-commercial-at-accenture-in-india-4448368489?position=3&pageNum=5&refId=6LWZs9anGM87GhRWZ0Kjjw%3D%3D&trackingId=cFtuj3p1lJ8sLnwi%2BmyhBg%3D%3D,LINKEDIN
Accenture in India,#ACN GN-Industry-Health- Health Engagement - Consultant,"Bengaluru, Karnataka, India",https://in.linkedin.com/jobs/view/%23acn-gn-industry-health-health-engagement-consultant-at-accenture-in-india-4473260896?position=4&pageNum=5&refId=6LWZs9anGM87GhRWZ0Kjjw%3D%3D&trackingId=FnfKhTDSYZeHXLMHtwd1Tg%3D%3D,LINKEDIN
EY,Senior Consultant - Business Consulting PI - FS - CNS - BC - TRANSFORMATION DELIVERY - Mumbai,"Mumbai, Maharashtra, India",https://in.linkedin.com/jobs/view/senior-consultant-business-consulting-pi-fs-cns-bc-transformation-delivery-mumbai-at-ey-4468938172?position=5&pageNum=5&refId=6LWZs9anGM87GhRWZ0Kjjw%3D%3D&trackingId=p5K7X4at6HbEE9qvO4tOuQ%3D%3D,LINKEDIN
Accenture in India,#ACN S&C-GN-Strategy-Corporate Strategy & Growth - Manager,Mumbai Metropolitan Region,https://in.linkedin.com/jobs/view/%23acn-s-c-gn-strategy-corporate-strategy-growth-manager-at-accenture-in-india-4448323630?position=6&pageNum=5&refId=6LWZs9anGM87GhRWZ0Kjjw%3D%3D&trackingId=GCE%2FCGL6UHPgKMeGWWEi5g%3D%3D,LINKEDIN
EY,Senior Consultant - Business Consulting PI - TMT - CNS - BC - FINANCE - New Delhi,"Delhi, India",https://in.linkedin.com/jobs/view/senior-consultant-business-consulting-pi-tmt-cns-bc-finance-new-delhi-at-ey-4455880684?position=7&pageNum=5&refId=6LWZs9anGM87GhRWZ0Kjjw%3D%3D&trackingId=%2BvddyRWZO%2BiL2H410fO2uw%3D%3D,LINKEDIN
EY,Senior Consultant - Business Consulting PI - FS - CNS - BC - TRANSFORMATION DELIVERY - Mumbai,"Mumbai, Maharashtra, India",https://in.linkedin.com/jobs/view/senior-consultant-business-consulting-pi-fs-cns-bc-transformation-delivery-mumbai-at-ey-4468927385?position=8&pageNum=5&refId=6LWZs9anGM87GhRWZ0Kjjw%3D%3D&trackingId=RiShLrskk9Iy0%2BUIumNcyQ%3D%3D,LINKEDIN
EY,Senior Consultant - Business Consulting PI - FS - CNS - BC - TRANSFORMATION DELIVERY - Mumbai,"Mumbai, Maharashtra, India",https://in.linkedin.com/jobs/view/senior-consultant-business-consulting-pi-fs-cns-bc-transformation-delivery-mumbai-at-ey-4468917900?position=9&pageNum=5&refId=6LWZs9anGM87GhRWZ0Kjjw%3D%3D&trackingId=CrucvZbmJfOAye9bemDleg%3D%3D,LINKEDIN
Deloitte,USI-EH27-Global Business Services and Location Strategy -Senior Consultant,"Bengaluru, Karnataka, India",https://in.linkedin.com/jobs/view/usi-eh27-global-business-services-and-location-strategy-senior-consultant-at-deloitte-4442096230?position=10&pageNum=5&refId=6LWZs9anGM87GhRWZ0Kjjw%3D%3D&trackingId=I8XVwpxhfHLKGalEDcAe%2Bw%3D%3D,LINKEDIN
Accenture in India,Business Transformation Assoc Manager,"Chennai, Tamil Nadu, India",https://in.linkedin.com/jobs/view/business-transformation-assoc-manager-at-accenture-in-india-4448387901?position=1&pageNum=7&refId=lCfxdroXNoTCjpzdKaMIQg%3D%3D&trackingId=kRu2PJrBqz2ygVuEIATCwQ%3D%3D,LINKEDIN
Accenture in India,GN - Mangement Consulting - CFO&EV - Analyst,"Bengaluru, Karnataka, India",https://in.linkedin.com/jobs/view/gn-mangement-consulting-cfo-ev-analyst-at-accenture-in-india-4448323526?position=2&pageNum=7&refId=lCfxdroXNoTCjpzdKaMIQg%3D%3D&trackingId=ReeHxZlBh%2BKeTEUx0uNTBQ%3D%3D,LINKEDIN
Accenture in India,I&P GN - Finance –Consultant- Reinvented Finance Core,"Gurugram, Haryana, India",https://in.linkedin.com/jobs/view/i-p-gn-finance-%E2%80%93consultant-reinvented-finance-core-at-accenture-in-india-4448326817?position=3&pageNum=7&refId=lCfxdroXNoTCjpzdKaMIQg%3D%3D&trackingId=9MRCKqxkys42tQFucwvYNw%3D%3D,LINKEDIN
EY,Consultant - Business Consulting PI - TMT - CNS - BC - FINANCE - Bangalore,"Bengaluru, Karnataka, India",https://in.linkedin.com/jobs/view/consultant-business-consulting-pi-tmt-cns-bc-finance-bangalore-at-ey-4472973178?position=4&pageNum=7&refId=lCfxdroXNoTCjpzdKaMIQg%3D%3D&trackingId=xONDvSxwqwApiv1DW4rcHw%3D%3D,LINKEDIN
EY,Senior Consultant - Business Consulting PI - TMT - CNS - BC - FINANCE TRANSFORMATION - Bangalore,"Bengaluru, Karnataka, India",https://in.linkedin.com/jobs/view/senior-consultant-business-consulting-pi-tmt-cns-bc-finance-transformation-bangalore-at-ey-4458066449?position=5&pageNum=7&refId=lCfxdroXNoTCjpzdKaMIQg%3D%3D&trackingId=nLbUNSQqEOr0Dexr62Hddw%3D%3D,LINKEDIN
EY,Consultant - Business Consulting PI - TMT - CNS - BC - FINANCE - Bangalore,"Bengaluru, Karnataka, India",https://in.linkedin.com/jobs/view/consultant-business-consulting-pi-tmt-cns-bc-finance-bangalore-at-ey-4472958771?position=6&pageNum=7&refId=lCfxdroXNoTCjpzdKaMIQg%3D%3D&trackingId=05wh%2BOM%2BciYxg2IiEz0Rtg%3D%3D,LINKEDIN
EY,Consultant - Business Consulting PI - TMT - CNS - BC - FINANCE - Bangalore,"Bengaluru, Karnataka, India",https://in.linkedin.com/jobs/view/consultant-business-consulting-pi-tmt-cns-bc-finance-bangalore-at-ey-4472963535?position=7&pageNum=7&refId=lCfxdroXNoTCjpzdKaMIQg%3D%3D&trackingId=T%2BWi9yQA5p0nksBvEN6XVA%3D%3D,LINKEDIN
EY,Consultant - Business Consulting PI - TMT - CNS - BC - FINANCE - Bangalore,"Bengaluru, Karnataka, India",https://in.linkedin.com/jobs/view/consultant-business-consulting-pi-tmt-cns-bc-finance-bangalore-at-ey-4472967293?position=8&pageNum=7&refId=lCfxdroXNoTCjpzdKaMIQg%3D%3D&trackingId=wr5ZBJ5rkwvcpWl65Nm8vg%3D%3D,LINKEDIN
Accenture in India,Business Transformation Assoc Manager,"Bengaluru, Karnataka, India",https://in.linkedin.com/jobs/view/business-transformation-assoc-manager-at-accenture-in-india-4451543769?position=9&pageNum=7&refId=lCfxdroXNoTCjpzdKaMIQg%3D%3D&trackingId=7PRlRQtoWFIeph0KAJq%2FMw%3D%3D,LINKEDIN
Accenture in India,Business Transformation Assoc Manager,"Bengaluru, Karnataka, India",https://in.linkedin.com/jobs/view/business-transformation-assoc-manager-at-accenture-in-india-4448604030?position=10&pageNum=7&refId=lCfxdroXNoTCjpzdKaMIQg%3D%3D&trackingId=RQIVbbX6QBGgSq4T6pjGWw%3D%3D,LINKEDIN
Amazon,"Sr. Program Manager, Brand Protections","Hyderabad, Telangana, India",https://in.linkedin.com/jobs/view/sr-program-manager-brand-protections-at-amazon-4461239802?position=1&pageNum=0&refId=ynwKNdx%2B%2FQLfZvkNKqy1gQ%3D%3D&trackingId=mvqpmGf0fcSfEop1rYMa1w%3D%3D,LINKEDIN
Amazon,"Senior Technical Program Manager, UnifiedAuth","Hyderabad, Telangana, India",https://in.linkedin.com/jobs/view/senior-technical-program-manager-unifiedauth-at-amazon-4473986373?position=2&pageNum=0&refId=ynwKNdx%2B%2FQLfZvkNKqy1gQ%3D%3D&trackingId=qy5vTRDkU%2B1vl7MTYtI7NA%3D%3D,LINKEDIN
Qualcomm,IE IoT Software Program Manager – Linux & Industrial Solutions,Greater Hyderabad Area,https://in.linkedin.com/jobs/view/ie-iot-software-program-manager-%E2%80%93-linux-industrial-solutions-at-qualcomm-4370024289?position=3&pageNum=0&refId=ynwKNdx%2B%2FQLfZvkNKqy1gQ%3D%3D&trackingId=GXsqk5YkM4rtHt7q%2BvkYTg%3D%3D,LINKEDIN
Qualcomm,SoC Program Manager,"Chennai, Tamil Nadu, India",https://in.linkedin.com/jobs/view/soc-program-manager-at-qualcomm-4445144775?position=4&pageNum=0&refId=ynwKNdx%2B%2FQLfZvkNKqy1gQ%3D%3D&trackingId=NE2LnNmr1JifZF9JgHl%2FxA%3D%3D,LINKEDIN
Amazon Business,"Sr. Program Manager, Abuse Prevention","Bengaluru, Karnataka, India",https://in.linkedin.com/jobs/view/sr-program-manager-abuse-prevention-at-amazon-business-4455900152?position=5&pageNum=0&refId=ynwKNdx%2B%2FQLfZvkNKqy1gQ%3D%3D&trackingId=1JJk1pKbF2jXG0Dmf7YcfA%3D%3D,LINKEDIN
Quest Global,PMO-Memory IP Program Manage,"Bengaluru, Karnataka, India",https://in.linkedin.com/jobs/view/pmo-memory-ip-program-manage-at-quest-global-4439124838?position=6&pageNum=0&refId=ynwKNdx%2B%2FQLfZvkNKqy1gQ%3D%3D&trackingId=E74C0t4MNMY5U%2BprUAi36g%3D%3D,LINKEDIN
Google,"Senior Technical Program Manager, Google Cloud Business Platform","Hyderabad, Telangana, India",https://in.linkedin.com/jobs/view/senior-technical-program-manager-google-cloud-business-platform-at-google-4467586023?position=7&pageNum=0&refId=ynwKNdx%2B%2FQLfZvkNKqy1gQ%3D%3D&trackingId=A%2FNzeodgZnCGV6wA1Anwzw%3D%3D,LINKEDIN
Amazon Web Services (AWS),"Program Manager, AWS Developer Experience","Bengaluru, Karnataka, India",https://in.linkedin.com/jobs/view/program-manager-aws-developer-experience-at-amazon-web-services-aws-4455794371?position=8&pageNum=0&refId=ynwKNdx%2B%2FQLfZvkNKqy1gQ%3D%3D&trackingId=lOWl8MOIKa%2FSAQxhmGHTKA%3D%3D,LINKEDIN
CrowdStrike,"Sr. Program Manager - Supporting NG-SIEM Onum/Integrations (Hybrid, IND)","Pune City, Maharashtra, India",https://in.linkedin.com/jobs/view/sr-program-manager-supporting-ng-siem-onum-integrations-hybrid-ind-at-crowdstrike-4473607560?position=9&pageNum=0&refId=ynwKNdx%2B%2FQLfZvkNKqy1gQ%3D%3D&trackingId=p3RnWgMKegYvQphDTTrGzw%3D%3D,LINKEDIN
Google,"Technical Program Manager, Cloud Storage","Hyderabad, Telangana, India",https://in.linkedin.com/jobs/view/technical-program-manager-cloud-storage-at-google-4467845993?position=10&pageNum=0&refId=ynwKNdx%2B%2FQLfZvkNKqy1gQ%3D%3D&trackingId=99im6i7kGMSSvWYe%2B70ffg%3D%3D,LINKEDIN
Valeo,Program Manager - M/F/D,"Pune District, Maharashtra, India",https://in.linkedin.com/jobs/view/program-manager-m-f-d-at-valeo-4469182941?position=1&pageNum=5&refId=8vx%2BY1P3InWqkLir4PBLMg%3D%3D&trackingId=AOt8i5TvGXKX%2FADsBYgY7Q%3D%3D,LINKEDIN
Praan,Technical Program Manager,"Mumbai, Maharashtra, India",https://in.linkedin.com/jobs/view/technical-program-manager-at-praan-4458713540?position=2&pageNum=5&refId=8vx%2BY1P3InWqkLir4PBLMg%3D%3D&trackingId=4XYWOgNu6EIG%2B0XkmCPNAA%3D%3D,LINKEDIN
Yokohama-ATG,Program Manager - Y/G-OTR,"Mumbai, Maharashtra, India",https://in.linkedin.com/jobs/view/program-manager-y-g-otr-at-yokohama-atg-4471892961?position=3&pageNum=5&refId=8vx%2BY1P3InWqkLir4PBLMg%3D%3D&trackingId=s%2BYZbv0Nute5t%2FCc5YJ3PA%3D%3D,LINKEDIN
Ananant Systems Private Limited,Technical Program Manager,Greater Bengaluru Area,https://in.linkedin.com/jobs/view/technical-program-manager-at-ananant-systems-private-limited-4456174784?position=4&pageNum=5&refId=8vx%2BY1P3InWqkLir4PBLMg%3D%3D&trackingId=Vha%2BQQO7ghjodxM2sOZLhg%3D%3D,LINKEDIN
Renesas Electronics,Sr. Staff Project/Program Design,"Bengaluru, Karnataka, India",https://in.linkedin.com/jobs/view/sr-staff-project-program-design-at-renesas-electronics-4462126444?position=5&pageNum=5&refId=8vx%2BY1P3InWqkLir4PBLMg%3D%3D&trackingId=Fj1f1vCiiKZOtpN6bjIxLg%3D%3D,LINKEDIN
SourcingXPress,Technical Program Manager,"Saket, Delhi, India",https://in.linkedin.com/jobs/view/technical-program-manager-at-sourcingxpress-4408536055?position=6&pageNum=5&refId=8vx%2BY1P3InWqkLir4PBLMg%3D%3D&trackingId=ItzB%2BPet0Y7ImRMSmV2pTg%3D%3D,LINKEDIN
Smarsh,Technical Program Manager,"Bengaluru, Karnataka, India",https://in.linkedin.com/jobs/view/technical-program-manager-at-smarsh-4469732749?position=7&pageNum=5&refId=8vx%2BY1P3InWqkLir4PBLMg%3D%3D&trackingId=r4xNVENGVniOJwt3H1wXFA%3D%3D,LINKEDIN
Atos,SOC Program Manager,Mumbai Metropolitan Region,https://in.linkedin.com/jobs/view/soc-program-manager-at-atos-4472930623?position=8&pageNum=5&refId=8vx%2BY1P3InWqkLir4PBLMg%3D%3D&trackingId=EQcyM%2BCqT9etkWohGhb4CA%3D%3D,LINKEDIN
Kaseya,Senior Technical Program Manager,"Pune Division, Maharashtra, India",https://in.linkedin.com/jobs/view/senior-technical-program-manager-at-kaseya-4439858101?position=9&pageNum=5&refId=8vx%2BY1P3InWqkLir4PBLMg%3D%3D&trackingId=P42apwy%2BHxXcMa0bw%2BBpKA%3D%3D,LINKEDIN
Microchip Technology Inc.,CAD-AES Program Manager,"Bengaluru, Karnataka, India",https://in.linkedin.com/jobs/view/cad-aes-program-manager-at-microchip-technology-inc-4463192543?position=10&pageNum=5&refId=8vx%2BY1P3InWqkLir4PBLMg%3D%3D&trackingId=z9aXdd1Uv%2BNUHR%2FTushlmA%3D%3D,LINKEDIN
QAD,"Program Manager, Value Creation",Pune/Pimpri-Chinchwad Area,https://in.linkedin.com/jobs/view/program-manager-value-creation-at-qad-4472491456?position=1&pageNum=7&refId=WRro8g%2BNG1EGw6oQRbQ7Yw%3D%3D&trackingId=oPar5W%2BBLyfH0dKluv3AwQ%3D%3D,LINKEDIN
Tata Electronics,Technical Program Manager - Hardware Engineering,"Kolar, Karnataka, India",https://in.linkedin.com/jobs/view/technical-program-manager-hardware-engineering-at-tata-electronics-4467365914?position=2&pageNum=7&refId=WRro8g%2BNG1EGw6oQRbQ7Yw%3D%3D&trackingId=dzolR3Pvm8dMTPNdLmCtLw%3D%3D,LINKEDIN
Tata Electronics,Manufacturing Program Manager,"Mayang, Assam, India",https://in.linkedin.com/jobs/view/manufacturing-program-manager-at-tata-electronics-4459993769?position=3&pageNum=7&refId=WRro8g%2BNG1EGw6oQRbQ7Yw%3D%3D&trackingId=acnvbuz5xQXYInckOXBW1A%3D%3D,LINKEDIN
CGI,Manager Consulting Delivery- Technical Program Manager- DevOps-Cloud Platform Engineering(12+Years),Mumbai Metropolitan Region,https://in.linkedin.com/jobs/view/manager-consulting-delivery-technical-program-manager-devops-cloud-platform-engineering-12%2Byears-at-cgi-4475872314?position=4&pageNum=7&refId=WRro8g%2BNG1EGw6oQRbQ7Yw%3D%3D&trackingId=VPO4iTgnGXm2hm06xQawJQ%3D%3D,LINKEDIN
Thermo Fisher Scientific,Staff Program Manager,"Bengaluru East, Karnataka, India",https://in.linkedin.com/jobs/view/staff-program-manager-at-thermo-fisher-scientific-4455850797?position=5&pageNum=7&refId=WRro8g%2BNG1EGw6oQRbQ7Yw%3D%3D&trackingId=I8Rw%2BGeQ5REjwDQHha%2Boug%3D%3D,LINKEDIN
APL Logistics,"Advisor, Program Management","Gurgaon, Haryana, India",https://in.linkedin.com/jobs/view/advisor-program-management-at-apl-logistics-4475568663?position=6&pageNum=7&refId=WRro8g%2BNG1EGw6oQRbQ7Yw%3D%3D&trackingId=XZDeIDWYY60nC7H8dLnk%2FQ%3D%3D,LINKEDIN
Magma General Insurance Limited,Program Manager – Sales Transformation,"Mumbai, Maharashtra, India",https://in.linkedin.com/jobs/view/program-manager-%E2%80%93-sales-transformation-at-magma-general-insurance-limited-4476139643?position=7&pageNum=7&refId=WRro8g%2BNG1EGw6oQRbQ7Yw%3D%3D&trackingId=5tl6RsxA1BBXecE5nRxQBg%3D%3D,LINKEDIN
The/Nudge,"Senior Manager, Program Management, the^delta Prize","Bengaluru, Karnataka, India",https://in.linkedin.com/jobs/view/senior-manager-program-management-the%5Edelta-prize-at-the-nudge-4473799059?position=8&pageNum=7&refId=WRro8g%2BNG1EGw6oQRbQ7Yw%3D%3D&trackingId=XiIC9dWQKronEQPMy6aHbg%3D%3D,LINKEDIN
Infinite Computer Solutions,Technical Program Manager – (Turkish/Turkic language proficiency),"Bengaluru, Karnataka, India",https://in.linkedin.com/jobs/view/technical-program-manager-%E2%80%93-turkish-turkic-language-proficiency-at-infinite-computer-solutions-4469130024?position=9&pageNum=7&refId=WRro8g%2BNG1EGw6oQRbQ7Yw%3D%3D&trackingId=DY4G8MGSmtBndtmbTg7ThA%3D%3D,LINKEDIN
Salesforce,Manager/Senior Manager - Business Strategy,"Bengaluru, Karnataka, India",https://in.linkedin.com/jobs/view/manager-senior-manager-business-strategy-at-salesforce-4429210953?position=10&pageNum=7&refId=WRro8g%2BNG1EGw6oQRbQ7Yw%3D%3D&trackingId=yg4TANduiGuwobiTMv7PJw%3D%3D,LINKEDIN
MoneyMul,Project Manager Position filled,"Noida, Uttar Pradesh, India",https://in.linkedin.com/jobs/view/project-manager-position-filled-at-moneymul-4456904816?position=1&pageNum=0&refId=94Bw7p7w9EhrUPJMdnOIUQ%3D%3D&trackingId=DqfXeNU%2Bwbrs%2FpIzsMlmaw%3D%3D,LINKEDIN
SourcingXPress,Project Manager,"Hyderabad, Telangana, India",https://in.linkedin.com/jobs/view/project-manager-at-sourcingxpress-4408013626?position=2&pageNum=0&refId=94Bw7p7w9EhrUPJMdnOIUQ%3D%3D&trackingId=Attn5zlkYxiJdPAv9QV9%2Bw%3D%3D,LINKEDIN
SourcingXPress,Project Manager,"Mumbai, Maharashtra, India",https://in.linkedin.com/jobs/view/project-manager-at-sourcingxpress-4359634698?position=3&pageNum=0&refId=94Bw7p7w9EhrUPJMdnOIUQ%3D%3D&trackingId=FAantp0vRINi5jfEybQlSA%3D%3D,LINKEDIN
Associated Industrial Furnaces,Project Manager,"Kolkata, West Bengal, India",https://in.linkedin.com/jobs/view/project-manager-at-associated-industrial-furnaces-4459846771?position=4&pageNum=0&refId=94Bw7p7w9EhrUPJMdnOIUQ%3D%3D&trackingId=hUxfnP1nuP3sXLfC4Nv%2B9w%3D%3D,LINKEDIN
Truww,Project Manager Pune,"Pune Division, Maharashtra, India",https://in.linkedin.com/jobs/view/project-manager-pune-at-truww-4448792143?position=5&pageNum=0&refId=94Bw7p7w9EhrUPJMdnOIUQ%3D%3D&trackingId=e6tDTDbEI%2BK3npXUJ3ER%2BQ%3D%3D,LINKEDIN
Brandtech Plus,Project Manager (German fluent),"Delhi, Delhi, India",https://in.linkedin.com/jobs/view/project-manager-german-fluent-at-brandtech-plus-4416581604?position=6&pageNum=0&refId=94Bw7p7w9EhrUPJMdnOIUQ%3D%3D&trackingId=Gmouq5btu8YheJxY%2FaRlBQ%3D%3D,LINKEDIN
Brandtech Plus,Project Manager (German fluent),"Bengaluru, Karnataka, India",https://in.linkedin.com/jobs/view/project-manager-german-fluent-at-brandtech-plus-4416571674?position=7&pageNum=0&refId=94Bw7p7w9EhrUPJMdnOIUQ%3D%3D&trackingId=SQG%2BJKc0dV5FDahrmFKxgQ%3D%3D,LINKEDIN
Capco,Project Manager (Banking Domain),"Pune City, Maharashtra, India",https://in.linkedin.com/jobs/view/project-manager-banking-domain-at-capco-4474701371?position=8&pageNum=0&refId=94Bw7p7w9EhrUPJMdnOIUQ%3D%3D&trackingId=hFKbuJPE8E3QJ9wUOM%2FJiw%3D%3D,LINKEDIN
Fluid AI,Project Manager - Mumbai Location,Mumbai Metropolitan Region,https://in.linkedin.com/jobs/view/project-manager-mumbai-location-at-fluid-ai-4439843456?position=9&pageNum=0&refId=94Bw7p7w9EhrUPJMdnOIUQ%3D%3D&trackingId=P0S8s6DrV4lruHgtvf282g%3D%3D,LINKEDIN
Automios,Project Manager,"Chennai, Tamil Nadu, India",https://in.linkedin.com/jobs/view/project-manager-at-automios-4319490157?position=10&pageNum=0&refId=94Bw7p7w9EhrUPJMdnOIUQ%3D%3D&trackingId=WVtOQISz2Ri%2Fc%2Fl2dIsNSA%3D%3D,LINKEDIN
NCR Voyix,HR Senior Project Manager,"Chennai, Tamil Nadu, India",https://in.linkedin.com/jobs/view/hr-senior-project-manager-at-ncr-voyix-4470927549?position=1&pageNum=2&refId=XqseFuFac2QpzsKrUpY%2FXA%3D%3D&trackingId=tQtvplROQ%2BAp%2FlGkhG1YDQ%3D%3D,LINKEDIN
NielsenIQ,Project Manager (PMP Certification preferred),"Chennai, Tamil Nadu, India",https://in.linkedin.com/jobs/view/project-manager-pmp-certification-preferred-at-nielseniq-4466857264?position=2&pageNum=2&refId=XqseFuFac2QpzsKrUpY%2FXA%3D%3D&trackingId=troT12DrigkpEcxfOl%2F2qA%3D%3D,LINKEDIN
Dash Technologies Inc.,Project Manager - Technical,"Ahmedabad, Gujarat, India",https://in.linkedin.com/jobs/view/project-manager-technical-at-dash-technologies-inc-4469010177?position=3&pageNum=2&refId=XqseFuFac2QpzsKrUpY%2FXA%3D%3D&trackingId=b5nxaxfSqZzZp3iDXqOirA%3D%3D,LINKEDIN
Gururo,Project Manager,"Bangalore Urban, Karnataka, India",https://in.linkedin.com/jobs/view/project-manager-at-gururo-4450514704?position=4&pageNum=2&refId=XqseFuFac2QpzsKrUpY%2FXA%3D%3D&trackingId=QLXFuoC4e%2FZ%2Bs2PXerBhsQ%3D%3D,LINKEDIN
Brahma Rishi Homes,Project Manager Civil,"Vijayawada, Andhra Pradesh, India",https://in.linkedin.com/jobs/view/project-manager-civil-at-brahma-rishi-homes-4472579053?position=5&pageNum=2&refId=XqseFuFac2QpzsKrUpY%2FXA%3D%3D&trackingId=uzf3UUQGixUDsKNY8dy9Ig%3D%3D,LINKEDIN
Aristo Pharmaceuticals Pvt. Ltd.,Project Manager – Mechanical,"Mumbai, Maharashtra, India",https://in.linkedin.com/jobs/view/project-manager-%E2%80%93-mechanical-at-aristo-pharmaceuticals-pvt-ltd-4453061431?position=6&pageNum=2&refId=XqseFuFac2QpzsKrUpY%2FXA%3D%3D&trackingId=yrRJJngGNXPlPGuPxPjLeg%3D%3D,LINKEDIN
Karix,Project Manager,"Gurugram, Haryana, India",https://in.linkedin.com/jobs/view/project-manager-at-karix-4468706303?position=7&pageNum=2&refId=XqseFuFac2QpzsKrUpY%2FXA%3D%3D&trackingId=BVJHZ6sYnsMvDcvWNhAttA%3D%3D,LINKEDIN
Visteon Corporation,IT Project Manager,Greater Kolkata Area,https://in.linkedin.com/jobs/view/it-project-manager-at-visteon-corporation-4314573854?position=8&pageNum=2&refId=XqseFuFac2QpzsKrUpY%2FXA%3D%3D&trackingId=RvCrzNS4Z4Vl2f%2B2EWhmkw%3D%3D,LINKEDIN
Mactores,Mactores - Technical Project Manager - Agile Methodologies,Greater Kolkata Area,https://in.linkedin.com/jobs/view/mactores-technical-project-manager-agile-methodologies-at-mactores-4442404202?position=9&pageNum=2&refId=XqseFuFac2QpzsKrUpY%2FXA%3D%3D&trackingId=Wx%2FPix83iN3%2BtBiujVMqUQ%3D%3D,LINKEDIN
datasirpi,Project Manager,"Tirunelveli, Tamil Nadu, India",https://in.linkedin.com/jobs/view/project-manager-at-datasirpi-4393557182?position=10&pageNum=2&refId=XqseFuFac2QpzsKrUpY%2FXA%3D%3D&trackingId=Uq%2FZj%2BuNEc%2BLLCt1m2tf9g%3D%3D,LINKEDIN
Sanvi Engineering And Business Consulting Solutions,HVAC Project Manager - HVAC Company - West Mogappair,"Ambattur, Tamil Nadu, India",https://in.linkedin.com/jobs/view/hvac-project-manager-hvac-company-west-mogappair-at-sanvi-engineering-and-business-consulting-solutions-4474235557?position=1&pageNum=5&refId=04l0KcqEhNaOIwbDJvsnAw%3D%3D&trackingId=1lGXub7FvPPBSvV9K9uXQA%3D%3D,LINKEDIN
Cee Bee Design Studio,Project Manager - Interior Designer in Goa,"Goa, India",https://in.linkedin.com/jobs/view/project-manager-interior-designer-in-goa-at-cee-bee-design-studio-4467296857?position=2&pageNum=5&refId=04l0KcqEhNaOIwbDJvsnAw%3D%3D&trackingId=QWbaV5jt3XlOonkpVB2m6w%3D%3D,LINKEDIN
Space Matrix,Lead Project Manager (Interior Fit-Out),"Pune Division, Maharashtra, India",https://in.linkedin.com/jobs/view/lead-project-manager-interior-fit-out-at-space-matrix-4409049673?position=3&pageNum=5&refId=04l0KcqEhNaOIwbDJvsnAw%3D%3D&trackingId=1TAzt6xYXEPnz%2FTSSWp%2FNQ%3D%3D,LINKEDIN
Mobolutions,Senior Project Manager,"Chennai, Tamil Nadu, India",https://in.linkedin.com/jobs/view/senior-project-manager-at-mobolutions-4394387272?position=4&pageNum=5&refId=04l0KcqEhNaOIwbDJvsnAw%3D%3D&trackingId=gokhz4McSrstFBoo1PzALw%3D%3D,LINKEDIN
The Hans Foundation,Project Manager,"Delhi, India",https://in.linkedin.com/jobs/view/project-manager-at-the-hans-foundation-4456222793?position=5&pageNum=5&refId=04l0KcqEhNaOIwbDJvsnAw%3D%3D&trackingId=76I%2BDG42mOPV2aVqgvqszw%3D%3D,LINKEDIN
IPS-Integrated Project Services,Project Manager - Data Centre,Mumbai Metropolitan Region,https://in.linkedin.com/jobs/view/project-manager-data-centre-at-ips-integrated-project-services-4363710824?position=6&pageNum=5&refId=04l0KcqEhNaOIwbDJvsnAw%3D%3D&trackingId=e%2Bj7c0UJZV3d3QfKpK%2BlRg%3D%3D,LINKEDIN
Hash Agile Technologies,Project Manager,"Coimbatore, Tamil Nadu, India",https://in.linkedin.com/jobs/view/project-manager-at-hash-agile-technologies-4472881306?position=7&pageNum=5&refId=04l0KcqEhNaOIwbDJvsnAw%3D%3D&trackingId=BV7mJKV7RqcqTpneoysRig%3D%3D,LINKEDIN
Interactive Brokers,Project Manager,"Mumbai, Maharashtra, India",https://in.linkedin.com/jobs/view/project-manager-at-interactive-brokers-4439086760?position=8&pageNum=5&refId=04l0KcqEhNaOIwbDJvsnAw%3D%3D&trackingId=d9k9HpxEUY2fSxPub0FgFA%3D%3D,LINKEDIN
OLIVER | The Brandtech Group,Senior Project Manager (Marketing),"Mumbai, Maharashtra, India",https://in.linkedin.com/jobs/view/senior-project-manager-marketing-at-oliver-the-brandtech-group-4471298780?position=9&pageNum=5&refId=04l0KcqEhNaOIwbDJvsnAw%3D%3D&trackingId=qtBOygHcLePCPHfX7rt3yQ%3D%3D,LINKEDIN
Palo Alto Networks,Professional Services Project Manager,Mumbai Metropolitan Region,https://in.linkedin.com/jobs/view/professional-services-project-manager-at-palo-alto-networks-4398689515?position=10&pageNum=5&refId=04l0KcqEhNaOIwbDJvsnAw%3D%3D&trackingId=2TpDt99c%2Bq6kov1xht3YSA%3D%3D,LINKEDIN
TAO The Automation Office,Project Manager,"Bengaluru, Karnataka, India",https://in.linkedin.com/jobs/view/project-manager-at-tao-the-automation-office-4213831698?position=1&pageNum=7&refId=fop1rqTsDrDelvAvqcg0bA%3D%3D&trackingId=S6TTdDmcSIhJKsr0UYfRoA%3D%3D,LINKEDIN
TTEC Digital,Project Manager – Salesforce,"Hyderabad, Telangana, India",https://in.linkedin.com/jobs/view/project-manager-%E2%80%93-salesforce-at-ttec-digital-4469712396?position=2&pageNum=7&refId=fop1rqTsDrDelvAvqcg0bA%3D%3D&trackingId=C12jikd%2B8WgUoACBdVuhbA%3D%3D,LINKEDIN
Micron Technology,IT Project Manager - EA PMO,"Hyderabad, Telangana, India",https://in.linkedin.com/jobs/view/it-project-manager-ea-pmo-at-micron-technology-4460282685?position=3&pageNum=7&refId=fop1rqTsDrDelvAvqcg0bA%3D%3D&trackingId=dw0CLdjISsVZapCC6LqROA%3D%3D,LINKEDIN
KPI Partners,Technical Project Manager,"Bengaluru, Karnataka, India",https://in.linkedin.com/jobs/view/technical-project-manager-at-kpi-partners-4470072703?position=4&pageNum=7&refId=fop1rqTsDrDelvAvqcg0bA%3D%3D&trackingId=37xgFwFgr1JcI9P4dzOKKA%3D%3D,LINKEDIN
zenxlab,Project Manager,"Bengaluru, Karnataka, India",https://in.linkedin.com/jobs/view/project-manager-at-zenxlab-4442237221?position=5&pageNum=7&refId=fop1rqTsDrDelvAvqcg0bA%3D%3D&trackingId=Eu08pvotUMKO1gPgV5a4Pw%3D%3D,LINKEDIN
ASPIRE IITB Research Park Foundation,Project Manager – Real Estate and Infrastructure,"Mumbai, Maharashtra, India",https://in.linkedin.com/jobs/view/project-manager-%E2%80%93-real-estate-and-infrastructure-at-aspire-iitb-research-park-foundation-4471501594?position=6&pageNum=7&refId=fop1rqTsDrDelvAvqcg0bA%3D%3D&trackingId=Yd9Q%2FbzkoC%2BQ1h2l6LeqMQ%3D%3D,LINKEDIN
TriNet,Technical Project Manager,"Hyderabad, Telangana, India",https://in.linkedin.com/jobs/view/technical-project-manager-at-trinet-4473227700?position=7&pageNum=7&refId=fop1rqTsDrDelvAvqcg0bA%3D%3D&trackingId=POZymCB6pYKxGj2OyJVAoA%3D%3D,LINKEDIN
Ani Integrated Services Ltd,Project Manager,"Vishakhapatnam, Andhra Pradesh, India",https://in.linkedin.com/jobs/view/project-manager-at-ani-integrated-services-ltd-4474204446?position=8&pageNum=7&refId=fop1rqTsDrDelvAvqcg0bA%3D%3D&trackingId=SPE1HQulsDoZtr1Wkm8V%2Bw%3D%3D,LINKEDIN
OLIVER | The Brandtech Group,Senior Project Manager (Marketing),"Bengaluru, Karnataka, India",https://in.linkedin.com/jobs/view/senior-project-manager-marketing-at-oliver-the-brandtech-group-4471296869?position=9&pageNum=7&refId=fop1rqTsDrDelvAvqcg0bA%3D%3D&trackingId=YvLJVPlVK1DGVteOl1piPg%3D%3D,LINKEDIN
SGS & Co,Project Manager,"Chennai, Tamil Nadu, India",https://in.linkedin.com/jobs/view/project-manager-at-sgs-co-4452367821?position=10&pageNum=7&refId=fop1rqTsDrDelvAvqcg0bA%3D%3D&trackingId=NkHnrg7%2FOOYhf0uGv286EQ%3D%3D,LINKEDIN
Cactus Communications,Growth Marketing Manager,"Mumbai, Maharashtra, India",https://in.linkedin.com/jobs/view/growth-marketing-manager-at-cactus-communications-4472381528?position=1&pageNum=0&refId=8xscl75yadVZinKogORRxQ%3D%3D&trackingId=d%2FLxwQEaksemwkyBOjJiVg%3D%3D,LINKEDIN
Swiggy,Manager - Growth Strategy,"Bangalore Urban, Karnataka, India",https://in.linkedin.com/jobs/view/manager-growth-strategy-at-swiggy-4471502441?position=2&pageNum=0&refId=8xscl75yadVZinKogORRxQ%3D%3D&trackingId=8ievYHvJhdSRci1tV5vL0g%3D%3D,LINKEDIN
What's Up Wellness,D2C Growth Manager,"Gurugram, Haryana, India",https://in.linkedin.com/jobs/view/d2c-growth-manager-at-what-s-up-wellness-4464858882?position=3&pageNum=0&refId=8xscl75yadVZinKogORRxQ%3D%3D&trackingId=r9fNl%2BNLuYOf4DGX2Koijg%3D%3D,LINKEDIN
Swiggy,Manager - Growth Marketing,"Bengaluru, Karnataka, India",https://in.linkedin.com/jobs/view/manager-growth-marketing-at-swiggy-4474254301?position=4&pageNum=0&refId=8xscl75yadVZinKogORRxQ%3D%3D&trackingId=mcppxOc8N%2B27M6%2F62zIZqQ%3D%3D,LINKEDIN
PW (PhysicsWallah),Growth Marketing Manager,"Bengaluru, Karnataka, India",https://in.linkedin.com/jobs/view/growth-marketing-manager-at-pw-physicswallah-4467060152?position=5&pageNum=0&refId=8xscl75yadVZinKogORRxQ%3D%3D&trackingId=fwbPqmyqyqQfBtEmLDNF%2FA%3D%3D,LINKEDIN
The 1970 Shop,D2C Growth Manager,"Delhi, India",https://in.linkedin.com/jobs/view/d2c-growth-manager-at-the-1970-shop-4425085253?position=6&pageNum=0&refId=8xscl75yadVZinKogORRxQ%3D%3D&trackingId=QuPG%2BqyDZW9NYi7u6xbo1g%3D%3D,LINKEDIN
Enterprise Bot,Demand Generation and Growth Manager,"Bengaluru, Karnataka, India",https://in.linkedin.com/jobs/view/demand-generation-and-growth-manager-at-enterprise-bot-4472697077?position=7&pageNum=0&refId=8xscl75yadVZinKogORRxQ%3D%3D&trackingId=NBlJ3EcwV6CfBH3fJgILTg%3D%3D,LINKEDIN
Cybertot,Growth Lead – Cybertot,"Gurugram, Haryana, India",https://in.linkedin.com/jobs/view/growth-lead-%E2%80%93-cybertot-at-cybertot-4464527631?position=8&pageNum=0&refId=8xscl75yadVZinKogORRxQ%3D%3D&trackingId=wmlz1xFz7twN%2B%2B9i17hvnA%3D%3D,LINKEDIN
moneycontrol.com,Growth Manager – B2C Fintech (Credit Cards & Lending),"Mumbai, Maharashtra, India",https://in.linkedin.com/jobs/view/growth-manager-%E2%80%93-b2c-fintech-credit-cards-lending-at-moneycontrol-com-4474122742?position=9&pageNum=0&refId=8xscl75yadVZinKogORRxQ%3D%3D&trackingId=vl9KX7aATI%2BH%2BK7WFJ2Sgg%3D%3D,LINKEDIN
Ace Blend,Growth Manager,"Mumbai, Maharashtra, India",https://in.linkedin.com/jobs/view/growth-manager-at-ace-blend-4467372168?position=10&pageNum=0&refId=8xscl75yadVZinKogORRxQ%3D%3D&trackingId=wdqOfcFn2M6JoRQlIHsu4w%3D%3D,LINKEDIN
Prime Video & Amazon MGM Studios,Growth Manager,Mumbai Metropolitan Region,https://in.linkedin.com/jobs/view/growth-manager-at-prime-video-amazon-mgm-studios-4469192913?position=1&pageNum=2&refId=ct3Ciby4oixDVJy6%2FVlHOA%3D%3D&trackingId=4%2FijKcOwPGdx%2Ba2XBF1VJw%3D%3D,LINKEDIN
IDFC FIRST Bank,Senior Growth Manager HPE,"Mumbai, Maharashtra, India",https://in.linkedin.com/jobs/view/senior-growth-manager-hpe-at-idfc-first-bank-4443129988?position=2&pageNum=2&refId=ct3Ciby4oixDVJy6%2FVlHOA%3D%3D&trackingId=saFgmouBkOxYgeZ1Y%2B6OKA%3D%3D,LINKEDIN
AbleCredit - GenAI Infra for BFSI,Growth Marketing Manager - Enterprise,"Bengaluru, Karnataka, India",https://in.linkedin.com/jobs/view/growth-marketing-manager-enterprise-at-ablecredit-genai-infra-for-bfsi-4465228282?position=3&pageNum=2&refId=ct3Ciby4oixDVJy6%2FVlHOA%3D%3D&trackingId=6rNkrmVAiwCZUtIbVIfBxA%3D%3D,LINKEDIN
Multiplier AI,AI Performance Marketing Manager - Healthcare E-commerce,"Hyderabad, Telangana, India",https://in.linkedin.com/jobs/view/ai-performance-marketing-manager-healthcare-e-commerce-at-multiplier-ai-4455728434?position=4&pageNum=2&refId=ct3Ciby4oixDVJy6%2FVlHOA%3D%3D&trackingId=4N1lWHR141brIoDJCmqZoA%3D%3D,LINKEDIN
Good Health Company,Growth Manager,"Hyderabad, Telangana, India",https://in.linkedin.com/jobs/view/growth-manager-at-good-health-company-4470791508?position=5&pageNum=2&refId=ct3Ciby4oixDVJy6%2FVlHOA%3D%3D&trackingId=Ng6q82eGdnJmkUdhrli%2B9A%3D%3D,LINKEDIN
Costbo,Business Development Managers,Greater Bengaluru Area,https://in.linkedin.com/jobs/view/business-development-managers-at-costbo-4472859958?position=6&pageNum=2&refId=ct3Ciby4oixDVJy6%2FVlHOA%3D%3D&trackingId=ZLLC2MxGT%2B%2FkiAMzlW6X0Q%3D%3D,LINKEDIN
Bene Kleed,D2C Business Manager,"Bengaluru, Karnataka, India",https://in.linkedin.com/jobs/view/d2c-business-manager-at-bene-kleed-4462938430?position=7&pageNum=2&refId=ct3Ciby4oixDVJy6%2FVlHOA%3D%3D&trackingId=MjazLTQ3JgVfnCmxwqfjYg%3D%3D,LINKEDIN
Krishvi Group,Digital Marketing & Growth Manager,"Bengaluru, Karnataka, India",https://in.linkedin.com/jobs/view/digital-marketing-growth-manager-at-krishvi-group-4471013017?position=8&pageNum=2&refId=ct3Ciby4oixDVJy6%2FVlHOA%3D%3D&trackingId=2YKnu%2FJy1zEs5XH6gaCDuA%3D%3D,LINKEDIN
Neo Wealth and Asset Management,Growth Manager,"Mumbai, Maharashtra, India",https://in.linkedin.com/jobs/view/growth-manager-at-neo-wealth-and-asset-management-4466837476?position=9&pageNum=2&refId=ct3Ciby4oixDVJy6%2FVlHOA%3D%3D&trackingId=0Sw%2FPxLYTAS0Qzs6NaWUXw%3D%3D,LINKEDIN
Coram AI,Demand Generation Manager,"Bengaluru, Karnataka, India",https://in.linkedin.com/jobs/view/demand-generation-manager-at-coram-ai-4410517212?position=10&pageNum=2&refId=ct3Ciby4oixDVJy6%2FVlHOA%3D%3D&trackingId=mfgQfxDZGUTCrQwK16TY1w%3D%3D,LINKEDIN
Blood,Performance Marketing & Growth Manager,"Bengaluru, Karnataka, India",https://in.linkedin.com/jobs/view/performance-marketing-growth-manager-at-blood-4471403434?position=1&pageNum=5&refId=mp%2Bo26ldlPr8QjZiyjZfzw%3D%3D&trackingId=IK74fkjbb1X6agkvEN46ZQ%3D%3D,LINKEDIN
Workdesk Technologies,Growth Marketing Manager,"Surat, Gujarat, India",https://in.linkedin.com/jobs/view/growth-marketing-manager-at-workdesk-technologies-4468987972?position=2&pageNum=5&refId=mp%2Bo26ldlPr8QjZiyjZfzw%3D%3D&trackingId=KkBKrt0uquaATAfX%2BSJSbg%3D%3D,LINKEDIN
The TuitionE,Digital Marketing Manager - Edtech,"Kolkata, West Bengal, India",https://in.linkedin.com/jobs/view/digital-marketing-manager-edtech-at-the-tuitione-4476129914?position=3&pageNum=5&refId=mp%2Bo26ldlPr8QjZiyjZfzw%3D%3D&trackingId=CsenbeQwl8IjYWvrf99%2FFg%3D%3D,LINKEDIN
Branch,"Performance Optimisation Manager, India","Bengaluru, Karnataka, India",https://in.linkedin.com/jobs/view/performance-optimisation-manager-india-at-branch-4448734285?position=4&pageNum=5&refId=mp%2Bo26ldlPr8QjZiyjZfzw%3D%3D&trackingId=K4VqxmAi9Jd%2FBPIbXH1EJQ%3D%3D,LINKEDIN
DS Group,Manager -Digital Performance Marketing,"Noida, Uttar Pradesh, India",https://in.linkedin.com/jobs/view/manager-digital-performance-marketing-at-ds-group-4465975605?position=5&pageNum=5&refId=mp%2Bo26ldlPr8QjZiyjZfzw%3D%3D&trackingId=VD0ASdnzqJ6aY1w9n9YW0Q%3D%3D,LINKEDIN
Evource,Growth Marketing Manager,"Bengaluru, Karnataka, India",https://in.linkedin.com/jobs/view/growth-marketing-manager-at-evource-4436948531?position=6&pageNum=5&refId=mp%2Bo26ldlPr8QjZiyjZfzw%3D%3D&trackingId=8otqgMdIjhZM4%2Blwv2myxw%3D%3D,LINKEDIN
Emeritus,Manager - Growth Experimentation & Marketing Technology,"Mumbai, Maharashtra, India",https://in.linkedin.com/jobs/view/manager-growth-experimentation-marketing-technology-at-emeritus-4463853691?position=7&pageNum=5&refId=mp%2Bo26ldlPr8QjZiyjZfzw%3D%3D&trackingId=Rf3UT5k4X35w5%2B8I5PWhbw%3D%3D,LINKEDIN
Tata Play Ltd,Manager - Digital Marketing,"Mumbai, Maharashtra, India",https://in.linkedin.com/jobs/view/manager-digital-marketing-at-tata-play-ltd-4464220681?position=8&pageNum=5&refId=mp%2Bo26ldlPr8QjZiyjZfzw%3D%3D&trackingId=UFY6L%2FhPiPkjilDMPIbRSw%3D%3D,LINKEDIN
HDFC securities,Growth Manager,"Mumbai, Maharashtra, India",https://in.linkedin.com/jobs/view/growth-manager-at-hdfc-securities-4450873573?position=9&pageNum=5&refId=mp%2Bo26ldlPr8QjZiyjZfzw%3D%3D&trackingId=Uh3U9ZwPV91LztXtjFDmMA%3D%3D,LINKEDIN
BS Eduworld,Growth Marketing Manager,"New Delhi, Delhi, India",https://in.linkedin.com/jobs/view/growth-marketing-manager-at-bs-eduworld-4474266008?position=10&pageNum=5&refId=mp%2Bo26ldlPr8QjZiyjZfzw%3D%3D&trackingId=mBCKD%2BRpPCPtlxHI16wDaA%3D%3D,LINKEDIN
Vedantu,YouTube Growth & Category Manager,"Bengaluru, Karnataka, India",https://in.linkedin.com/jobs/view/youtube-growth-category-manager-at-vedantu-4466844020?position=1&pageNum=7&refId=fHrR3O5s8CXjW8tfIVBk7g%3D%3D&trackingId=L6eSnol5iWQIKZtKqR1wGA%3D%3D,LINKEDIN
VPS Lakeshore Hospital,Manager – Digital Marketing and Performance Marketing,"Kochi, Kerala, India",https://in.linkedin.com/jobs/view/manager-%E2%80%93-digital-marketing-and-performance-marketing-at-vps-lakeshore-hospital-4474684325?position=2&pageNum=7&refId=fHrR3O5s8CXjW8tfIVBk7g%3D%3D&trackingId=%2F8M%2B8n%2F93uVRDsiWzTV0ew%3D%3D,LINKEDIN
Quin,Senior Consumer Growth Manager  (Digital Product & Membership),"Hyderabad, Telangana, India",https://in.linkedin.com/jobs/view/senior-consumer-growth-manager-digital-product-membership-at-quin-4369183989?position=3&pageNum=7&refId=fHrR3O5s8CXjW8tfIVBk7g%3D%3D&trackingId=hTPJOz68aZn9zJwHoL67CA%3D%3D,LINKEDIN
Makoons Play School,Growth Manager,"Ghaziabad, Uttar Pradesh, India",https://in.linkedin.com/jobs/view/growth-manager-at-makoons-play-school-4475521962?position=4&pageNum=7&refId=fHrR3O5s8CXjW8tfIVBk7g%3D%3D&trackingId=TvKm2IAF4pUP3zDdIJLK2Q%3D%3D,LINKEDIN
TIGI HR,Growth Marketing Manager,"Ahmedabad, Gujarat, India",https://in.linkedin.com/jobs/view/growth-marketing-manager-at-tigi-hr-4470019083?position=5&pageNum=7&refId=fHrR3O5s8CXjW8tfIVBk7g%3D%3D&trackingId=aHyrDZ2B9PCey3eIO5tCyw%3D%3D,LINKEDIN
Nextenti Tech Private Limited,Manager - Marketing,"Bengaluru, Karnataka, India",https://in.linkedin.com/jobs/view/manager-marketing-at-nextenti-tech-private-limited-4470157157?position=6&pageNum=7&refId=fHrR3O5s8CXjW8tfIVBk7g%3D%3D&trackingId=Lf3BZKgpjwbizcHbgZMznw%3D%3D,LINKEDIN
Accredian,Manager Performance Marketing,"Gurugram, Haryana, India",https://in.linkedin.com/jobs/view/manager-performance-marketing-at-accredian-4475570559?position=7&pageNum=7&refId=fHrR3O5s8CXjW8tfIVBk7g%3D%3D&trackingId=Pbr9JYL%2Bfv2PZL6QYS%2BYRQ%3D%3D,LINKEDIN
Urban Company,Manager Business Growth,"Gurugram, Haryana, India",https://in.linkedin.com/jobs/view/manager-business-growth-at-urban-company-4462278208?position=8&pageNum=7&refId=fHrR3O5s8CXjW8tfIVBk7g%3D%3D&trackingId=Fu7ip0gn3aa7aHyaW4CPxA%3D%3D,LINKEDIN
Infobip,Demand Generation Manager,"Bengaluru East, Karnataka, India",https://in.linkedin.com/jobs/view/demand-generation-manager-at-infobip-4459425667?position=9&pageNum=7&refId=fHrR3O5s8CXjW8tfIVBk7g%3D%3D&trackingId=7tiOmHa6AKnRJfbAX3%2FY%2Bg%3D%3D,LINKEDIN
Gramener,Marketing Manager / Senior Marketing Manager – Demand Generation,"Hyderabad, Telangana, India",https://in.linkedin.com/jobs/view/marketing-manager-senior-marketing-manager-%E2%80%93-demand-generation-at-gramener-4361506332?position=10&pageNum=7&refId=fHrR3O5s8CXjW8tfIVBk7g%3D%3D&trackingId=JUgRuda5GDHkD6yIuQFIOQ%3D%3D,LINKEDIN
Cactus Communications,Growth Marketing Manager,"Mumbai, Maharashtra, India",https://in.linkedin.com/jobs/view/growth-marketing-manager-at-cactus-communications-4472381528?position=1&pageNum=0&refId=5%2Bu39izSZ3tgYvhhXG8Zvw%3D%3D&trackingId=HFsHitUDr8VtLSlfiVkyiw%3D%3D,LINKEDIN
Autocash.ai,Marketing Manager (Fintech),"Bengaluru, Karnataka, India",https://in.linkedin.com/jobs/view/marketing-manager-fintech-at-autocash-ai-4474268432?position=2&pageNum=0&refId=5%2Bu39izSZ3tgYvhhXG8Zvw%3D%3D&trackingId=LbrrbMTM3Y9q%2BOR15x%2BCrA%3D%3D,LINKEDIN
Verdantis,Growth Marketing Manager - Demand Gen & Marketing Automation,"Mumbai, Maharashtra, India",https://in.linkedin.com/jobs/view/growth-marketing-manager-demand-gen-marketing-automation-at-verdantis-4469445994?position=3&pageNum=0&refId=5%2Bu39izSZ3tgYvhhXG8Zvw%3D%3D&trackingId=lAY70ervNBDVCqbguCn6gA%3D%3D,LINKEDIN
Swiggy,Manager - Growth Marketing,"Bengaluru, Karnataka, India",https://in.linkedin.com/jobs/view/manager-growth-marketing-at-swiggy-4474254301?position=4&pageNum=0&refId=5%2Bu39izSZ3tgYvhhXG8Zvw%3D%3D&trackingId=r3XuLRWnvt4OHFDrl3JelA%3D%3D,LINKEDIN
Light Up Beauty,Perfomance and Growth Marketing Manager,"New Delhi, Delhi, India",https://in.linkedin.com/jobs/view/perfomance-and-growth-marketing-manager-4471087272?position=5&pageNum=0&refId=5%2Bu39izSZ3tgYvhhXG8Zvw%3D%3D&trackingId=V3BgIh0ysGA9%2F7Bs4qTLYw%3D%3D&trk=public_jobs_jserp-result_search-card,LINKEDIN
CloudThat,Brand Marketing Manager,"Bengaluru, Karnataka, India",https://in.linkedin.com/jobs/view/brand-marketing-manager-at-cloudthat-4469739024?position=6&pageNum=0&refId=5%2Bu39izSZ3tgYvhhXG8Zvw%3D%3D&trackingId=mfqFhWHeh1LZEJDXRTZG1g%3D%3D,LINKEDIN
PW (PhysicsWallah),Growth Marketing Manager,"Bengaluru, Karnataka, India",https://in.linkedin.com/jobs/view/growth-marketing-manager-at-pw-physicswallah-4467060152?position=7&pageNum=0&refId=5%2Bu39izSZ3tgYvhhXG8Zvw%3D%3D&trackingId=hWA57x%2FtdB7BoBcBmxrk4g%3D%3D,LINKEDIN
TechWise Digital,Brand Marketing Manager,"Bengaluru, Karnataka, India",https://in.linkedin.com/jobs/view/brand-marketing-manager-at-techwise-digital-4473867129?position=8&pageNum=0&refId=5%2Bu39izSZ3tgYvhhXG8Zvw%3D%3D&trackingId=a9bSQKIEnu1XRc2UkOMELg%3D%3D,LINKEDIN
Valyx,Growth Marketing Manager,Greater Bengaluru Area,https://in.linkedin.com/jobs/view/growth-marketing-manager-at-valyx-4474213193?position=9&pageNum=0&refId=5%2Bu39izSZ3tgYvhhXG8Zvw%3D%3D&trackingId=vno0G40MdfKPdbLuhrfLKQ%3D%3D,LINKEDIN
Frayto,Manager-Growth,"Mumbai, Maharashtra, India",https://in.linkedin.com/jobs/view/manager-growth-at-frayto-4435942808?position=10&pageNum=0&refId=5%2Bu39izSZ3tgYvhhXG8Zvw%3D%3D&trackingId=kpwoDE0Ib%2BXxIyOnDiJ50g%3D%3D,LINKEDIN
Snapscale,Marketing Manager (India Remote),Greater Kolkata Area,https://in.linkedin.com/jobs/view/marketing-manager-india-remote-at-snapscale-4457378032?position=1&pageNum=2&refId=ECpdzEKf71VLP%2BBM7%2F5xYw%3D%3D&trackingId=r%2BdBPzryazGHI8tNA4gIMw%3D%3D,LINKEDIN
Encomm,Digital Marketing Manager,"Chennai, Tamil Nadu, India",https://in.linkedin.com/jobs/view/digital-marketing-manager-at-encomm-4447864726?position=2&pageNum=2&refId=ECpdzEKf71VLP%2BBM7%2F5xYw%3D%3D&trackingId=2AsnztrHF1d3tTMhyBSu7w%3D%3D,LINKEDIN
Time Hack Consulting,Digital Marketing Manager (Performance & SEO) (Real Estate),"Bengaluru, Karnataka, India",https://in.linkedin.com/jobs/view/digital-marketing-manager-performance-seo-real-estate-at-time-hack-consulting-4439420135?position=3&pageNum=2&refId=ECpdzEKf71VLP%2BBM7%2F5xYw%3D%3D&trackingId=O45a9GX84GlWwm%2BUBTUsaA%3D%3D,LINKEDIN
DynaTech Systems,Digital Marketing Manager,"Ahmedabad, Gujarat, India",https://in.linkedin.com/jobs/view/digital-marketing-manager-at-dynatech-systems-4462262967?position=4&pageNum=2&refId=ECpdzEKf71VLP%2BBM7%2F5xYw%3D%3D&trackingId=EVR3M3Rt%2BYPZgzwAvm7%2FBA%3D%3D,LINKEDIN
Earthraga,Performance Marketing Manager,"Gurgaon, Haryana, India",https://in.linkedin.com/jobs/view/performance-marketing-manager-at-earthraga-4474694833?position=5&pageNum=2&refId=ECpdzEKf71VLP%2BBM7%2F5xYw%3D%3D&trackingId=lCygXFtQRm4wngP4cqM5Wg%3D%3D,LINKEDIN
Gramener,Marketing Manager / Senior Marketing Manager – Demand Generation,"Hyderabad, Telangana, India",https://in.linkedin.com/jobs/view/marketing-manager-senior-marketing-manager-%E2%80%93-demand-generation-at-gramener-4361506332?position=6&pageNum=2&refId=ECpdzEKf71VLP%2BBM7%2F5xYw%3D%3D&trackingId=MWv0tQr74jqsJ3WGQEn5JQ%3D%3D,LINKEDIN
The 1970 Shop,D2C Growth Manager,"Delhi, India",https://in.linkedin.com/jobs/view/d2c-growth-manager-at-the-1970-shop-4425085253?position=7&pageNum=2&refId=ECpdzEKf71VLP%2BBM7%2F5xYw%3D%3D&trackingId=H6inl8BKyznr99yqCnqKMg%3D%3D,LINKEDIN
Hosachiguru,Performance Marketing Manager,"Bengaluru, Karnataka, India",https://in.linkedin.com/jobs/view/performance-marketing-manager-at-hosachiguru-4467166630?position=8&pageNum=2&refId=ECpdzEKf71VLP%2BBM7%2F5xYw%3D%3D&trackingId=wqW4zX1lggUzD3GN0UQ9%2Fg%3D%3D,LINKEDIN
SynapseIndia (Events),Full-Funnel Digital Marketing Manager,"Noida, Uttar Pradesh, India",https://in.linkedin.com/jobs/view/full-funnel-digital-marketing-manager-at-synapseindia-events-4450198260?position=9&pageNum=2&refId=ECpdzEKf71VLP%2BBM7%2F5xYw%3D%3D&trackingId=Tox0PIBznBZMGJNQ%2BODyUg%3D%3D,LINKEDIN
MumStars Tech India Pvt Ltd,Digital Marketing Manager,"Bengaluru, Karnataka, India",https://in.linkedin.com/jobs/view/digital-marketing-manager-at-mumstars-tech-india-pvt-ltd-4460245879?position=10&pageNum=2&refId=ECpdzEKf71VLP%2BBM7%2F5xYw%3D%3D&trackingId=ADHzEjPa%2FEimfUEakLJrQQ%3D%3D,LINKEDIN
Ace Recruitment & Placement Consultants Pvt. Ltd.,Global Category Manager,"Ahmedabad, Gujarat, India",https://in.linkedin.com/jobs/view/global-category-manager-at-ace-recruitment-placement-consultants-pvt-ltd-4474183574?position=1&pageNum=0&refId=mzE6usnYk7pOZTLUX1BhFw%3D%3D&trackingId=afr1G%2FHtgCftjhJ9lgp%2BXw%3D%3D,LINKEDIN
AUMOVIO,"Category Manager EME ,India","Bengaluru, Karnataka, India",https://in.linkedin.com/jobs/view/category-manager-eme-india-at-aumovio-4475535943?position=2&pageNum=0&refId=mzE6usnYk7pOZTLUX1BhFw%3D%3D&trackingId=eKiDMyWx0HNTAKYvFa0Xwg%3D%3D,LINKEDIN
Infosys Portland,Senior Category Manager - Spare Parts,"Bangalore Urban, Karnataka, India",https://in.linkedin.com/jobs/view/senior-category-manager-spare-parts-at-infosys-portland-4473995433?position=3&pageNum=0&refId=mzE6usnYk7pOZTLUX1BhFw%3D%3D&trackingId=H%2F0O6egiqQ10DVuRcoLCKA%3D%3D,LINKEDIN
VIAVI Solutions,Global Category Manager,"Pune Division, Maharashtra, India",https://in.linkedin.com/jobs/view/global-category-manager-at-viavi-solutions-4460482170?position=4&pageNum=0&refId=mzE6usnYk7pOZTLUX1BhFw%3D%3D&trackingId=qKMIZqoS%2FkcdmPlJ%2FXNYTA%3D%3D,LINKEDIN
Revenera,Category Manager - Procurement,"Bengaluru, Karnataka, India",https://in.linkedin.com/jobs/view/category-manager-procurement-at-revenera-4411534052?position=5&pageNum=0&refId=mzE6usnYk7pOZTLUX1BhFw%3D%3D&trackingId=uauMCnCPU9cLHDfbWJq%2FRg%3D%3D,LINKEDIN
Schneider Electric,"Manager, Category Management","Bengaluru, Karnataka, India",https://in.linkedin.com/jobs/view/manager-category-management-at-schneider-electric-4458948559?position=6&pageNum=0&refId=mzE6usnYk7pOZTLUX1BhFw%3D%3D&trackingId=uHLhUJ0O2FVTJPgTxo9oxQ%3D%3D,LINKEDIN
Vertiv,"Regional Category Manager —Fluid Controls,Valves & Pipes & Pumps","Thane, Maharashtra, India",https://in.linkedin.com/jobs/view/regional-category-manager-%E2%80%94fluid-controls-valves-pipes-pumps-at-vertiv-4467701615?position=7&pageNum=0&refId=mzE6usnYk7pOZTLUX1BhFw%3D%3D&trackingId=Jzf%2F%2BgMzSXexR2W0vr5WGA%3D%3D,LINKEDIN
Hitachi Energy,Category Manager,"Vadodara, Gujarat, India",https://in.linkedin.com/jobs/view/category-manager-at-hitachi-energy-4473752244?position=8&pageNum=0&refId=mzE6usnYk7pOZTLUX1BhFw%3D%3D&trackingId=MNHz4Y6zyUWRglHhrN2qTw%3D%3D,LINKEDIN
Infosys Portland,Senior Category Manager - Lab Supplies,"Bangalore Urban, Karnataka, India",https://in.linkedin.com/jobs/view/senior-category-manager-lab-supplies-at-infosys-portland-4474100158?position=9&pageNum=0&refId=mzE6usnYk7pOZTLUX1BhFw%3D%3D&trackingId=ut8%2F8heGmBXn%2Fva8MkJMzg%3D%3D,LINKEDIN
Flexera,Category Manager - Procurement,"Bengaluru, Karnataka, India",https://in.linkedin.com/jobs/view/category-manager-procurement-at-flexera-4414713422?position=10&pageNum=0&refId=mzE6usnYk7pOZTLUX1BhFw%3D%3D&trackingId=dptwo1wYbaHv3IkzQyD%2BSw%3D%3D,LINKEDIN
Ethics Infotech,Purchase Manager,"Vadodara, Gujarat, India",https://in.linkedin.com/jobs/view/purchase-manager-at-ethics-infotech-4460709004?position=1&pageNum=2&refId=G5SQXzEFB8%2Bbb8CNFyVhSQ%3D%3D&trackingId=nJcjmsvncRh8%2FVgaP1TsHw%3D%3D,LINKEDIN
Plush,Category Manager,"Mumbai, Maharashtra, India",https://in.linkedin.com/jobs/view/category-manager-at-plush-4466029912?position=2&pageNum=2&refId=G5SQXzEFB8%2Bbb8CNFyVhSQ%3D%3D&trackingId=lsQ%2F0q%2BCGx8clTUw4hRL0g%3D%3D,LINKEDIN
Amgen,Category Sr Manager- Global Distribution,"Hyderabad, Telangana, India",https://in.linkedin.com/jobs/view/category-sr-manager-global-distribution-at-amgen-4456330474?position=3&pageNum=2&refId=G5SQXzEFB8%2Bbb8CNFyVhSQ%3D%3D&trackingId=vdHodxMlITkrI0HAmDTL%2Fg%3D%3D,LINKEDIN
Iron Mountain,"Category Lead – Tech Services, Bangalore","Bengaluru, Karnataka, India",https://in.linkedin.com/jobs/view/category-lead-%E2%80%93-tech-services-bangalore-at-iron-mountain-4467493659?position=4&pageNum=2&refId=G5SQXzEFB8%2Bbb8CNFyVhSQ%3D%3D&trackingId=6lS7Key6yo%2FLd9hCY2Ix5w%3D%3D,LINKEDIN
Fives,Manager Purchase,"Kolkata, West Bengal, India",https://in.linkedin.com/jobs/view/manager-purchase-at-fives-4470009655?position=5&pageNum=2&refId=G5SQXzEFB8%2Bbb8CNFyVhSQ%3D%3D&trackingId=7a8VEDkoBfkvASjK%2FiYPdw%3D%3D,LINKEDIN
noon,Account Manager,"Gurugram, Haryana, India",https://in.linkedin.com/jobs/view/account-manager-at-noon-4468206534?position=6&pageNum=2&refId=G5SQXzEFB8%2Bbb8CNFyVhSQ%3D%3D&trackingId=mUBqUAXe0QkZhidxMFRzlw%3D%3D,LINKEDIN
Amgen,Procurement Category Senior  Manager - Commercial & RWE Data,"Hyderabad, Telangana, India",https://in.linkedin.com/jobs/view/procurement-category-senior-manager-commercial-rwe-data-at-amgen-4465384549?position=7&pageNum=2&refId=G5SQXzEFB8%2Bbb8CNFyVhSQ%3D%3D&trackingId=%2Fg34ATv6TuvpN4zZ9q5kkA%3D%3D,LINKEDIN
FabConnect HR,Category/ Brand Manager,"Bengaluru South, Karnataka, India",https://in.linkedin.com/jobs/view/category-brand-manager-at-fabconnect-hr-4472146257?position=8&pageNum=2&refId=G5SQXzEFB8%2Bbb8CNFyVhSQ%3D%3D&trackingId=KGVApUjOztpJM8pc7GgF4A%3D%3D,LINKEDIN
OYELA,Category Manager,"Gurugram, Haryana, India",https://in.linkedin.com/jobs/view/category-manager-at-oyela-4469379752?position=9&pageNum=2&refId=G5SQXzEFB8%2Bbb8CNFyVhSQ%3D%3D&trackingId=cXe7c6BuoNJfunhPqjkEwA%3D%3D,LINKEDIN
Equiniti,Procurement Manager,"Chennai, Tamil Nadu, India",https://in.linkedin.com/jobs/view/procurement-manager-at-equiniti-4470974660?position=10&pageNum=2&refId=G5SQXzEFB8%2Bbb8CNFyVhSQ%3D%3D&trackingId=kIGd48blvwN45e6Ky2N%2FfA%3D%3D,LINKEDIN
"Chart Industries, Inc.",Strategic Sourcing Manager - Bought Outs,"Chennai, Tamil Nadu, India",https://in.linkedin.com/jobs/view/strategic-sourcing-manager-bought-outs-at-chart-industries-inc-4420101409?position=1&pageNum=5&refId=Ag6ZDT7Eak8QtWNDN%2FPzXw%3D%3D&trackingId=ZelEtt44bSclNzsT2ZScgA%3D%3D,LINKEDIN
Medtronic,Principal Strategy Sourcing Specialist,"Gurgaon, Haryana, India",https://in.linkedin.com/jobs/view/principal-strategy-sourcing-specialist-at-medtronic-4475583884?position=2&pageNum=5&refId=Ag6ZDT7Eak8QtWNDN%2FPzXw%3D%3D&trackingId=iH1MoQ%2BtrImoE%2BQ5qdeBvQ%3D%3D,LINKEDIN
Sturlite India,Category Manager - Wires & Cables,"Bengaluru, Karnataka, India",https://in.linkedin.com/jobs/view/category-manager-wires-cables-at-sturlite-india-4461960322?position=3&pageNum=5&refId=Ag6ZDT7Eak8QtWNDN%2FPzXw%3D%3D&trackingId=wrAA5ZRrekLxZUem8ziXMA%3D%3D,LINKEDIN
Armstrong Fluid Technology,Sourcing Manager – India,"Bengaluru, Karnataka, India",https://in.linkedin.com/jobs/view/sourcing-manager-%E2%80%93-india-at-armstrong-fluid-technology-4467236596?position=4&pageNum=5&refId=Ag6ZDT7Eak8QtWNDN%2FPzXw%3D%3D&trackingId=oe64XDjH%2B3N4AWpNccC%2BbA%3D%3D,LINKEDIN
Siemens,Commodity Manager - Strategic Procurement for Metallics,"Bengaluru, Karnataka, India",https://in.linkedin.com/jobs/view/commodity-manager-strategic-procurement-for-metallics-at-siemens-4423946367?position=5&pageNum=5&refId=Ag6ZDT7Eak8QtWNDN%2FPzXw%3D%3D&trackingId=3P7ySD3t6cmnYVt8AN8vrg%3D%3D,LINKEDIN
Tata Electronics,Commercial Sourcing Manager,"Bengaluru, Karnataka, India",https://in.linkedin.com/jobs/view/commercial-sourcing-manager-at-tata-electronics-4461895445?position=6&pageNum=5&refId=Ag6ZDT7Eak8QtWNDN%2FPzXw%3D%3D&trackingId=VQCkdXzj6Nxf5MG8xk7M7A%3D%3D,LINKEDIN
Ingram Micro,Senior Manager - Purchasing,Mumbai Metropolitan Region,https://in.linkedin.com/jobs/view/senior-manager-purchasing-at-ingram-micro-4469482538?position=7&pageNum=5&refId=Ag6ZDT7Eak8QtWNDN%2FPzXw%3D%3D&trackingId=euwCnYY5HE1gvAV%2FEl%2FBkA%3D%3D,LINKEDIN
Birla Pivot,Category Manager - Safety,"Karnataka, India",https://in.linkedin.com/jobs/view/category-manager-safety-at-birla-pivot-4464314063?position=8&pageNum=5&refId=Ag6ZDT7Eak8QtWNDN%2FPzXw%3D%3D&trackingId=Y%2FqbOq8Db6yxukokAPojaA%3D%3D,LINKEDIN
TriNet,Procurement Senior Manager,"Hyderabad, Telangana, India",https://in.linkedin.com/jobs/view/procurement-senior-manager-at-trinet-4472727136?position=9&pageNum=5&refId=Ag6ZDT7Eak8QtWNDN%2FPzXw%3D%3D&trackingId=TU4nWsV3Ez%2FGn4%2Ft0jdV2Q%3D%3D,LINKEDIN
Accenture in India,Procurement Practice Manager,"Gurugram, Haryana, India",https://in.linkedin.com/jobs/view/procurement-practice-manager-at-accenture-in-india-4448353504?position=10&pageNum=5&refId=Ag6ZDT7Eak8QtWNDN%2FPzXw%3D%3D&trackingId=Lf02pEsBSFyyGDiymc7p9w%3D%3D,LINKEDIN
Schneider Electric,"Manager, Category Management","Bengaluru, Karnataka, India",https://in.linkedin.com/jobs/view/manager-category-management-at-schneider-electric-4458948559?position=1&pageNum=0&refId=IJeBox0HkolVjdSVXApR1Q%3D%3D&trackingId=VPeM33mD9YKzKI9NW4MxlQ%3D%3D,LINKEDIN
Infosys Portland,Senior Category Manager - Lab Supplies,"Bangalore Urban, Karnataka, India",https://in.linkedin.com/jobs/view/senior-category-manager-lab-supplies-at-infosys-portland-4474100158?position=2&pageNum=0&refId=IJeBox0HkolVjdSVXApR1Q%3D%3D&trackingId=3E%2B2fAeOqHK0%2Fv3ZQGX7lg%3D%3D,LINKEDIN
Schneider Electric,DGM Direct Procurement Sourcing Management,"Hyderabad, Telangana, India",https://in.linkedin.com/jobs/view/dgm-direct-procurement-sourcing-management-at-schneider-electric-4442634027?position=3&pageNum=0&refId=IJeBox0HkolVjdSVXApR1Q%3D%3D&trackingId=jzvykIUvMggV1a%2F7KVVbEA%3D%3D,LINKEDIN
Vertiv,"Regional Category Manager —Fluid Controls,Valves & Pipes & Pumps","Thane, Maharashtra, India",https://in.linkedin.com/jobs/view/regional-category-manager-%E2%80%94fluid-controls-valves-pipes-pumps-at-vertiv-4467701615?position=4&pageNum=0&refId=IJeBox0HkolVjdSVXApR1Q%3D%3D&trackingId=LmFU39cTvIW50fiHzmfLgg%3D%3D,LINKEDIN
Infosys Portland,Senior Category Manager - Spare Parts,"Bangalore Urban, Karnataka, India",https://in.linkedin.com/jobs/view/senior-category-manager-spare-parts-at-infosys-portland-4473995433?position=5&pageNum=0&refId=IJeBox0HkolVjdSVXApR1Q%3D%3D&trackingId=bqI9DwiRnwicqNbtbHcNDA%3D%3D,LINKEDIN
Brillon Consumer Products Pvt Ltd (Formerly known as SC Johnson).,Category Head - Cleaners & Shoe Care,"Gurugram, Haryana, India",https://in.linkedin.com/jobs/view/category-head-cleaners-shoe-care-at-brillon-consumer-products-pvt-ltd-formerly-known-as-sc-johnson-4465992121?position=6&pageNum=0&refId=IJeBox0HkolVjdSVXApR1Q%3D%3D&trackingId=0afAUSJsfjCDQWrXGd2ugA%3D%3D,LINKEDIN
Amgen,Procurement Category Senior  Manager - Commercial & RWE Data,"Hyderabad, Telangana, India",https://in.linkedin.com/jobs/view/procurement-category-senior-manager-commercial-rwe-data-at-amgen-4465384549?position=7&pageNum=0&refId=IJeBox0HkolVjdSVXApR1Q%3D%3D&trackingId=fQyQYm4%2FVIPepmXI8NaPCA%3D%3D,LINKEDIN
Iron Mountain,"Category Lead – Tech Services, Bangalore","Bengaluru, Karnataka, India",https://in.linkedin.com/jobs/view/category-lead-%E2%80%93-tech-services-bangalore-at-iron-mountain-4467493659?position=8&pageNum=0&refId=IJeBox0HkolVjdSVXApR1Q%3D%3D&trackingId=7duCX149wvQXb0nRjxQf7g%3D%3D,LINKEDIN
Amgen,Category Sr Manager- Global Distribution,"Hyderabad, Telangana, India",https://in.linkedin.com/jobs/view/category-sr-manager-global-distribution-at-amgen-4456330474?position=9&pageNum=0&refId=IJeBox0HkolVjdSVXApR1Q%3D%3D&trackingId=kkfkmGMOhldL2X1H69ZP0Q%3D%3D,LINKEDIN
Air Liquide,AMEI Category Manager,"Delhi, Delhi, India",https://in.linkedin.com/jobs/view/amei-category-manager-at-air-liquide-4475564834?position=10&pageNum=0&refId=IJeBox0HkolVjdSVXApR1Q%3D%3D&trackingId=KLpDfNEsl93t9f%2BcJWa%2BlA%3D%3D,LINKEDIN
"Chart Industries, Inc.",Strategic Sourcing Manager - Bought Outs,"Chennai, Tamil Nadu, India",https://in.linkedin.com/jobs/view/strategic-sourcing-manager-bought-outs-at-chart-industries-inc-4420101409?position=1&pageNum=5&refId=zXtYhYGGj%2BguIUTlbnUokg%3D%3D&trackingId=0ATYlltVrtKe7aRPOaBjeg%3D%3D,LINKEDIN
Scimplify,Category Head – Specialty Chemicals,"Hyderabad, Telangana, India",https://in.linkedin.com/jobs/view/category-head-%E2%80%93-specialty-chemicals-at-scimplify-4471987951?position=2&pageNum=5&refId=zXtYhYGGj%2BguIUTlbnUokg%3D%3D&trackingId=OwnYpP62mneYFpEEq3j2sw%3D%3D,LINKEDIN
Motorola Mobility (a Lenovo Company),Category Manager - Motorola India,"Gurgaon, Haryana, India",https://in.linkedin.com/jobs/view/category-manager-motorola-india-at-motorola-mobility-a-lenovo-company-4466166775?position=3&pageNum=5&refId=zXtYhYGGj%2BguIUTlbnUokg%3D%3D&trackingId=SIiPRwEpAUJqRlWhQKu0FQ%3D%3D,LINKEDIN
The Depository Trust & Clearing Corporation (DTCC),Strategic Sourcing & Category Director,"Hyderabad, Telangana, India",https://in.linkedin.com/jobs/view/strategic-sourcing-category-director-at-the-depository-trust-clearing-corporation-dtcc-4427032826?position=4&pageNum=5&refId=zXtYhYGGj%2BguIUTlbnUokg%3D%3D&trackingId=vVaHBRW%2FRFlAvkGXrm%2Buxw%3D%3D,LINKEDIN
NMS Consultant,Group Product Manager-Ophthal,Mumbai Metropolitan Region,https://in.linkedin.com/jobs/view/group-product-manager-ophthal-at-nms-consultant-4472865531?position=5&pageNum=5&refId=zXtYhYGGj%2BguIUTlbnUokg%3D%3D&trackingId=MGfYx1jSMEvJbNN%2BQMD%2BtA%3D%3D,LINKEDIN
Dentalkart,Category Marketing,Greater Delhi Area,https://in.linkedin.com/jobs/view/category-marketing-at-dentalkart-4467076150?position=6&pageNum=5&refId=zXtYhYGGj%2BguIUTlbnUokg%3D%3D&trackingId=mJxqM49fTSvLZfwV7zDjmw%3D%3D,LINKEDIN
Equiniti,Procurement Manager,Greater Bengaluru Area,https://in.linkedin.com/jobs/view/procurement-manager-at-equiniti-4470971711?position=7&pageNum=5&refId=zXtYhYGGj%2BguIUTlbnUokg%3D%3D&trackingId=yZ3kM1pLQLFv21wPU09SJw%3D%3D,LINKEDIN
Rolls-Royce,Category GCM,"Bengaluru, Karnataka, India",https://in.linkedin.com/jobs/view/category-gcm-at-rolls-royce-4475538960?position=8&pageNum=5&refId=zXtYhYGGj%2BguIUTlbnUokg%3D%3D&trackingId=smq7FI63XVwpywBuyqcb5w%3D%3D,LINKEDIN
White Force Group,Sourcing Lead,"Delhi, India",https://in.linkedin.com/jobs/view/sourcing-lead-at-white-force-group-4467994646?position=9&pageNum=5&refId=zXtYhYGGj%2BguIUTlbnUokg%3D%3D&trackingId=s%2BPPRRKMQ7xMnkyjKkQhVw%3D%3D,LINKEDIN
Amazon Business,"Category Manager, BISS","Bengaluru, Karnataka, India",https://in.linkedin.com/jobs/view/category-manager-biss-at-amazon-business-4456709194?position=10&pageNum=5&refId=zXtYhYGGj%2BguIUTlbnUokg%3D%3D&trackingId=UTM57B5khKtG0C0%2B1YDFmw%3D%3D,LINKEDIN
Opella,"Marketing Manager, Brand Incubation and Omnichannel, HCP","Mumbai, Maharashtra, India",https://in.linkedin.com/jobs/view/marketing-manager-brand-incubation-and-omnichannel-hcp-at-opella-4475514149?position=1&pageNum=5&refId=8gAUZ6E479K%2FuNM%2FNpmacQ%3D%3D&trackingId=S5kxw2mziWqT7ltxXu7jfQ%3D%3D,LINKEDIN
Indegene,Manager - Digital Strategy & Solutions,"Bengaluru, Karnataka, India",https://in.linkedin.com/jobs/view/manager-digital-strategy-solutions-at-indegene-4473091500?position=2&pageNum=5&refId=8gAUZ6E479K%2FuNM%2FNpmacQ%3D%3D&trackingId=CPeqn49eqwLWykzKfjUCZg%3D%3D,LINKEDIN
Givaudan,Creative Fragrance Manager-Personal Care,Mumbai Metropolitan Region,https://in.linkedin.com/jobs/view/creative-fragrance-manager-personal-care-at-givaudan-4465023934?position=3&pageNum=5&refId=8gAUZ6E479K%2FuNM%2FNpmacQ%3D%3D&trackingId=VR2KcHeGCsRlEE5kMfoi9A%3D%3D,LINKEDIN
National Skill Development Corporation,Program Manager - Design,"New Delhi, Delhi, India",https://in.linkedin.com/jobs/view/program-manager-design-at-national-skill-development-corporation-4473277158?position=4&pageNum=5&refId=8gAUZ6E479K%2FuNM%2FNpmacQ%3D%3D&trackingId=%2B5kWxz%2Br1oJnL7R5kHXC4w%3D%3D,LINKEDIN
Körber,Innovation Strategy Manager,"Bengaluru, Karnataka, India",https://in.linkedin.com/jobs/view/innovation-strategy-manager-at-k%C3%B6rber-4447554913?position=5&pageNum=5&refId=8gAUZ6E479K%2FuNM%2FNpmacQ%3D%3D&trackingId=lh%2B32Rf8VhNMUhhhMZj%2FSA%3D%3D,LINKEDIN
Amazon,"Manager, Program Management, Brand Protection","Hyderabad, Telangana, India",https://in.linkedin.com/jobs/view/manager-program-management-brand-protection-at-amazon-4462427941?position=6&pageNum=5&refId=8gAUZ6E479K%2FuNM%2FNpmacQ%3D%3D&trackingId=B14Scw%2Fal4Ijt69DsLq1UQ%3D%3D,LINKEDIN
Purplle.com,Manager - Formulation Development (Hair Care),Mumbai Metropolitan Region,https://in.linkedin.com/jobs/view/manager-formulation-development-hair-care-at-purplle-com-4466278403?position=7&pageNum=5&refId=8gAUZ6E479K%2FuNM%2FNpmacQ%3D%3D&trackingId=twzCBityXGnE0LxB00OAjQ%3D%3D,LINKEDIN
Siemens,Team Lead R&D Business Excellence,"Thane, Maharashtra, India",https://in.linkedin.com/jobs/view/team-lead-r-d-business-excellence-at-siemens-4469810189?position=8&pageNum=5&refId=8gAUZ6E479K%2FuNM%2FNpmacQ%3D%3D&trackingId=0jndsuh43gLHGOQSdcWTPg%3D%3D,LINKEDIN
Licious,R&D Manager - Animal Nutrition & Feed Innovation,"Bengaluru, Karnataka, India",https://in.linkedin.com/jobs/view/r-d-manager-animal-nutrition-feed-innovation-at-licious-4468705429?position=9&pageNum=5&refId=8gAUZ6E479K%2FuNM%2FNpmacQ%3D%3D&trackingId=Bcu9eDkc8CLF%2BllAI23iFQ%3D%3D,LINKEDIN
D. E. Shaw India Private Limited,"Principal Manager, Tech (GAITech)","Bengaluru, Karnataka, India",https://in.linkedin.com/jobs/view/principal-manager-tech-gaitech-at-d-e-shaw-india-private-limited-4318078340?position=10&pageNum=5&refId=8gAUZ6E479K%2FuNM%2FNpmacQ%3D%3D&trackingId=MY4gLO0LM6X68PI1Rclqiw%3D%3D,LINKEDIN
Del Monte Foods Private Limited,New Product Development Manager,"Gurugram, Haryana, India",https://in.linkedin.com/jobs/view/new-product-development-manager-at-del-monte-foods-private-limited-4466462930?position=1&pageNum=7&refId=OMn5Zlj%2BNbRDbbHbd8%2BJsw%3D%3D&trackingId=b%2BthCF1Z7ldQraiGulMq%2Bw%3D%3D,LINKEDIN
Collins Aerospace,Senior Internal Innovation Lead (Hybrid),"Bengaluru, Karnataka, India",https://in.linkedin.com/jobs/view/senior-internal-innovation-lead-hybrid-at-collins-aerospace-4470298277?position=2&pageNum=7&refId=OMn5Zlj%2BNbRDbbHbd8%2BJsw%3D%3D&trackingId=42neU3JP68mavAhc%2BeYwJw%3D%3D,LINKEDIN
Walplast Products Pvt. Ltd.,Manager- R&D ( Drymix),"Navi Mumbai, Maharashtra, India",https://in.linkedin.com/jobs/view/manager-r-d-drymix-at-walplast-products-pvt-ltd-4473613829?position=3&pageNum=7&refId=OMn5Zlj%2BNbRDbbHbd8%2BJsw%3D%3D&trackingId=SCMk1sWaf7HWcVLuEYFJTw%3D%3D,LINKEDIN
BASF,Product Development,"Navi Mumbai, Maharashtra, India",https://in.linkedin.com/jobs/view/product-development-at-basf-4458887269?position=4&pageNum=7&refId=OMn5Zlj%2BNbRDbbHbd8%2BJsw%3D%3D&trackingId=WjrJ%2F7Tc%2BsvkJ9YnrAaSvw%3D%3D,LINKEDIN
Alvarez & Marsal,"Manager, Digital Assets, Financial Services - Global Capability Center","Gurugram, Haryana, India",https://in.linkedin.com/jobs/view/manager-digital-assets-financial-services-global-capability-center-at-alvarez-marsal-4440993547?position=5&pageNum=7&refId=OMn5Zlj%2BNbRDbbHbd8%2BJsw%3D%3D&trackingId=JcW0xojRRn2lzKFkZ7olOQ%3D%3D,LINKEDIN
Lenovo,"AI Offering Manager, DWS","Bangalore Urban, Karnataka, India",https://in.linkedin.com/jobs/view/ai-offering-manager-dws-at-lenovo-4471456693?position=6&pageNum=7&refId=OMn5Zlj%2BNbRDbbHbd8%2BJsw%3D%3D&trackingId=WHw58X9Ro%2BOdasik75UJYA%3D%3D,LINKEDIN
Deepak Group Co,Lead Strategy - Advanced Intermediates,"Vadodara, Gujarat, India",https://in.linkedin.com/jobs/view/lead-strategy-advanced-intermediates-at-deepak-group-co-4474137118?position=7&pageNum=7&refId=OMn5Zlj%2BNbRDbbHbd8%2BJsw%3D%3D&trackingId=t8HU8N4Oq0JupLUYV5RCRQ%3D%3D,LINKEDIN
Haleon,"Formulation Product Development Manager, Wellness, APAC",Greater Lucknow Area,https://in.linkedin.com/jobs/view/formulation-product-development-manager-wellness-apac-at-haleon-4471375761?position=8&pageNum=7&refId=OMn5Zlj%2BNbRDbbHbd8%2BJsw%3D%3D&trackingId=8Ofvrny1Pko3HjOWEt9ptA%3D%3D,LINKEDIN
Nokia,Lead – Manufacturing Engineering,"Chennai, Tamil Nadu, India",https://in.linkedin.com/jobs/view/lead-%E2%80%93-manufacturing-engineering-at-nokia-4460403065?position=9&pageNum=7&refId=OMn5Zlj%2BNbRDbbHbd8%2BJsw%3D%3D&trackingId=Yf457a4u4QQk8Wkce38OXw%3D%3D,LINKEDIN
DryChem India Pvt Ltd,Research And Development Manager,"Navi Mumbai, Maharashtra, India",https://in.linkedin.com/jobs/view/research-and-development-manager-at-drychem-india-pvt-ltd-4474030545?position=10&pageNum=7&refId=OMn5Zlj%2BNbRDbbHbd8%2BJsw%3D%3D&trackingId=dgV5mtax8E%2Fn88eMykP6Tg%3D%3D,LINKEDIN
Supernova,AI Product Manager,Bangalore,https://www.instahyre.com/job-444806-ai-product-manager-at-supernova-bangalore/,INSTAHYRE
OneShot AI,Senior Product Manager,Bangalore,https://www.instahyre.com/job-429115-senior-product-manager-at-oneshot-ai-bangalore/,INSTAHYRE
Kotak811,Technical Product Manager,Bangalore,https://www.instahyre.com/job-445680-technical-product-manager-at-kotak811-bangalore/,INSTAHYRE
Meta,Senior Product Manager,Bangalore,https://www.instahyre.com/job-435020-senior-product-manager-at-meta-bangalore/,INSTAHYRE
Bigbasket.com,Product Manager I,Bangalore,https://www.instahyre.com/job-371435-product-manager-i-at-bigbasket-bangalore/,INSTAHYRE
Virgio,Product Manager,Bangalore,https://www.instahyre.com/job-419484-product-manager-at-virgio-bangalore/,INSTAHYRE
AppsForBharat,Senior Product Manager,Work From Home,https://www.instahyre.com/job-434375-senior-product-manager-at-appsforbharat-work-from-home/,INSTAHYRE
Sahi,Product Manger,Bangalore,https://www.instahyre.com/job-442161-product-manger-at-sahi-bangalore/,INSTAHYRE
Google,Principal Product Manager,Bangalore,https://www.instahyre.com/job-431020-principal-product-manager-at-google-2-bangalore/,INSTAHYRE
Meraki Labs,Senior Product Manager,Bangalore,https://www.instahyre.com/job-445778-senior-product-manager-at-meraki-labs-bangalore/,INSTAHYRE
AppsForBharat,Product Manager,Bangalore,https://www.instahyre.com/job-439772-product-manager-at-appsforbharat-bangalore/,INSTAHYRE
Sahi,Product Manager,Bangalore,https://www.instahyre.com/job-445620-product-manager-at-sahi-bangalore/,INSTAHYRE
GobbleCube,Lead Product Marketing Manager,Gurgaon,https://www.instahyre.com/job-442157-lead-product-marketing-manager-at-gobblecube-gurgaon/,INSTAHYRE
Arintra,Senior Product Manager,Bangalore,https://www.instahyre.com/job-436450-senior-product-manager-at-arintra-bangalore/,INSTAHYRE
Gameberry Labs,Lead Product Manager,Bangalore,https://www.instahyre.com/job-443075-lead-product-manager-at-gameberry-labs-bangalore/,INSTAHYRE
Tamasha,Product Analyst,Bangalore,https://www.instahyre.com/job-432978-product-analyst-at-tamasha-bangalore/,INSTAHYRE
SquadStack.ai,AI Agent Product Manager,Noida,https://www.instahyre.com/job-443634-ai-agent-product-manager-at-squadstack-noida/,INSTAHYRE
WaayuPay,Technical Project Manager,Bangalore,https://www.instahyre.com/job-435556-technical-project-manager-at-waayupay-bangalore/,INSTAHYRE
Redpin,Senior Product Manager,Hyderabad,https://www.instahyre.com/job-444476-senior-product-manager-at-redpin-hyderabad/,INSTAHYRE
Zynga,Product Manager,Bangalore,https://www.instahyre.com/job-436571-product-manager-at-zynga-bangalore/,INSTAHYRE
PagarBook,Lead Product Manager,Gurgaon,https://www.instahyre.com/job-432909-lead-product-manager-at-pagarbook-gurgaon/,INSTAHYRE
Playsimple Games,Product Manager,Bangalore,https://www.instahyre.com/job-435682-product-manager-at-playsimple-games-bangalore/,INSTAHYRE
Hike,Sr. Product Designer,Gurgaon,https://www.instahyre.com/job-443435-sr-product-designer-at-hike-gurgaon/,INSTAHYRE
SciFin,Senior Product Manager,Bangalore,https://www.instahyre.com/job-434279-senior-product-manager-at-scifin-bangalore/,INSTAHYRE
PagarBook,Product Manager 1,Bangalore,https://www.instahyre.com/job-444233-product-manager-1-at-pagarbook-bangalore/,INSTAHYRE
Arintra,Sr. Product Manager,Bangalore,https://www.instahyre.com/job-441952-sr-product-manager-at-arintra-bangalore/,INSTAHYRE
Shiprocket,Product Manager,Gurgaon,https://www.instahyre.com/job-442190-product-manager-at-shiprocket-gurgaon/,INSTAHYRE
Tekion,Manager of Product Management,Bangalore,https://www.instahyre.com/job-442839-manager-of-product-management-at-tekion-bangalore/,INSTAHYRE
Tekion,Lead AI PM,Bangalore,https://www.instahyre.com/job-441206-lead-ai-pm-at-tekion-bangalore/,INSTAHYRE
Klimb.io,Product Manager,"Mumbai,Navi Mumbai",https://www.instahyre.com/job-425695-product-manager-at-klimb-mumbai-navi-mumbai/,INSTAHYRE
Simplotel,Manager - Product Managment - Technical,Bangalore,https://www.instahyre.com/job-445690-manager-product-managment-technical-at-simplotel-bangalore/,INSTAHYRE
MVPRockets,Product Manager,Bangalore,https://www.instahyre.com/job-288808-product-manager-at-mvprockets-3-bangalore/,INSTAHYRE
Tekion,Staff Product Manager,Bangalore,https://www.instahyre.com/job-444451-staff-product-manager-at-tekion-bangalore/,INSTAHYRE
D. E. Shaw,Product Manager (Comply Tech),"Bangalore,Gurgaon,Hyderabad",https://www.instahyre.com/job-444712-product-manager-comply-tech-at-d-e-bangalore-gurgaon-hyderabad/,INSTAHYRE
Axiamatic,Senior Product Manager,Bangalore,https://www.instahyre.com/job-444869-senior-product-manager-at-axiamatic-2-bangalore/,INSTAHYRE
BlueVine,Product Manager,Bangalore,https://www.instahyre.com/job-422372-product-manager-at-bluevine-bangalore/,INSTAHYRE
Komprise,UX Designer,Bangalore,https://www.instahyre.com/job-444954-ux-designer-at-komprise-bangalore/,INSTAHYRE
Zolve,Senior Product Manager,Bangalore,https://www.instahyre.com/job-202702-senior-product-manager-at-zolve-2-bangalore/,INSTAHYRE
apna,Product Analyst,Bangalore,https://www.instahyre.com/job-437224-product-analyst-at-apna-bangalore/,INSTAHYRE
AppsForBharat,Senior Product Manager,Bangalore,https://www.instahyre.com/job-434632-senior-product-manager-at-appsforbharat-bangalore/,INSTAHYRE
Komprise,UX Designer,Bangalore,https://www.instahyre.com/job-445045-ux-designer-at-komprise-bangalore/,INSTAHYRE
Instahyre,Product Marketing Manager,Bangalore,https://www.instahyre.com/job-445264-product-marketing-manager-at-instahyre-bangalore/,INSTAHYRE
Rippling,Lead Product Manager,Bangalore,https://www.instahyre.com/job-438796-lead-product-manager-at-rippling-bangalore/,INSTAHYRE
Sun King,Senior Product Manager,Work From Home,https://www.instahyre.com/job-434876-senior-product-manager-at-sun-king-work-from-home/,INSTAHYRE
Snap,Technical Product Owner,Bangalore,https://www.instahyre.com/job-439991-technical-product-owner-at-snap-bangalore/,INSTAHYRE
Aftershoot,Product Manager,Delhi,https://www.instahyre.com/job-403333-product-manager-at-aftershoot-delhi/,INSTAHYRE
Securin,Senior Product Manager,"Chennai,Work From Home",https://www.instahyre.com/job-442905-senior-product-manager-at-securin-chennai-work-from-home/,INSTAHYRE
Sahi,Product Manager,Bangalore,https://www.instahyre.com/job-443833-product-manager-at-sahi-bangalore/,INSTAHYRE
Nasiko,Product Manager,Bangalore,https://www.instahyre.com/job-435060-product-manager-at-nasiko-bangalore/,INSTAHYRE
Clairvolex,Technical Product Manager,Bangalore,https://www.instahyre.com/job-443793-technical-product-manager-at-clairvolex-bangalore/,INSTAHYRE
apna,Product Manager,Bangalore,https://www.instahyre.com/job-439975-product-manager-at-apna-bangalore/,INSTAHYRE
PayU,Product Manager,"Bangalore,Gurgaon",https://www.instahyre.com/job-416437-product-manager-at-payu-bangalore-gurgaon/,INSTAHYRE
ShortLoop,Forward Deployed Engineer,Bangalore,https://www.instahyre.com/job-443498-forward-deployed-engineer-at-shortloop-bangalore/,INSTAHYRE
Quince,Principal Technical Program Manager,Bangalore,https://www.instahyre.com/job-444836-principal-technical-program-manager-at-quince-bangalore/,INSTAHYRE
NuPlay AI,Product Designer,Bangalore,https://www.instahyre.com/job-445435-product-designer-at-nuplay-ai-bangalore/,INSTAHYRE
Doqfy Internet,Product Manager,Bangalore,https://www.instahyre.com/job-445569-product-manager-at-doqfy-internet-bangalore/,INSTAHYRE
AppsForBharat,Senior Product Manager,Bangalore,https://www.instahyre.com/job-444673-senior-product-manager-at-appsforbharat-bangalore/,INSTAHYRE
Flywl,Founding Product Engineer,Bangalore,https://www.instahyre.com/job-443473-founding-product-engineer-at-flywl-bangalore/,INSTAHYRE
Tekion,Director - PM,Bangalore,https://www.instahyre.com/job-443578-director-pm-at-tekion-bangalore/,INSTAHYRE
Loop Health,Product Designer,Bangalore,https://www.instahyre.com/job-438957-product-designer-at-loop-health-bangalore/,INSTAHYRE
Zluri,Senior Product Manager,Bangalore,https://www.instahyre.com/job-408612-senior-product-manager-at-zluri-bangalore/,INSTAHYRE
PayU,Senior Product Manager,"Bangalore,Gurgaon",https://www.instahyre.com/job-416438-senior-product-manager-at-payu-bangalore-gurgaon/,INSTAHYRE
PayU,Senior Product Manager - UPI,Mumbai,https://www.instahyre.com/job-429787-senior-product-manager-upi-at-payu-mumbai/,INSTAHYRE
NuPlay AI,Product Designer,Bangalore,https://www.instahyre.com/job-444986-product-designer-at-nuplay-ai-bangalore/,INSTAHYRE
Doqfy Internet,Product Manager,Bangalore,https://www.instahyre.com/job-444630-product-manager-at-doqfy-internet-bangalore/,INSTAHYRE
Star Health and Allied Insurance,Product Manager,Chennai,https://www.instahyre.com/job-443624-product-manager-at-star-health-and-allied-insurance-chennai/,INSTAHYRE
SquadStack.ai,AI Agent Product Manager,Noida,https://www.instahyre.com/job-444949-ai-agent-product-manager-at-squadstack-noida/,INSTAHYRE
Supernova,Product Designer,Bangalore,https://www.instahyre.com/job-444010-product-designer-at-supernova-bangalore/,INSTAHYRE
Aris Infra,Product Manager,Bangalore,https://www.instahyre.com/job-420586-product-manager-at-aris-infra-bangalore/,INSTAHYRE
Bridgetown Research,Lead Product Designer,Bangalore,https://www.instahyre.com/job-442803-lead-product-designer-at-bridgetown-research-bangalore/,INSTAHYRE
Cognite,Principal Product Manager - AI / ML,Bangalore,https://www.instahyre.com/job-445174-principal-product-manager-ai-ml-at-cognite-bangalore/,INSTAHYRE
Birla Pivot,Senior Product Manager,Bangalore,https://www.instahyre.com/job-443496-senior-product-manager-at-birla-pivot-bangalore/,INSTAHYRE
Zeta,Product Manager II,Bangalore,https://www.instahyre.com/job-445251-product-manager-ii-at-zeta-bangalore/,INSTAHYRE
Arintra,Senior Product Manager,Bangalore,https://www.instahyre.com/job-432298-senior-product-manager-at-arintra-bangalore/,INSTAHYRE
Ram Fincorp,Technical Program Project Manager,Gurgaon,https://www.instahyre.com/job-445392-technical-program-project-manager-at-ram-fincorp-gurgaon/,INSTAHYRE
Star Health and Allied Insurance,Product Manager,Gurgaon,https://www.instahyre.com/job-443339-product-manager-at-star-health-and-allied-insurance-gurgaon/,INSTAHYRE
Birla Pivot,Group Product Manager,Bangalore,https://www.instahyre.com/job-415935-group-product-manager-at-birla-pivot-bangalore/,INSTAHYRE
Amazon,Product Manager,Bangalore,https://www.instahyre.com/job-414306-product-manager-at-amazon-bangalore/,INSTAHYRE
Pegasystems,Program Manager,"Bangalore,Hyderabad",https://www.instahyre.com/job-432136-program-manager-at-pegasystems-2-bangalore-hyderabad/,INSTAHYRE
ARADY,Senior UI / Product Designer,Bangalore,https://www.instahyre.com/job-442683-senior-ui-product-designer-at-arady-bangalore/,INSTAHYRE
Hyperface,Associate Product Manager,Bangalore,https://www.instahyre.com/job-442264-associate-product-manager-at-hyperface-bangalore/,INSTAHYRE
Zigly,CTO,Delhi,https://www.instahyre.com/job-445464-cto-at-zigly-delhi/,INSTAHYRE
SciSpace,AI Product Manager,Bangalore,https://www.instahyre.com/job-444682-ai-product-manager-at-scispace-bangalore/,INSTAHYRE
Komprise,UX Designer,Bangalore,https://www.instahyre.com/job-445363-ux-designer-at-komprise-bangalore/,INSTAHYRE
Zigly,Head of Engineering,Delhi,https://www.instahyre.com/job-445051-head-of-engineering-at-zigly-delhi/,INSTAHYRE
QDegrees Services,Product & IT Manager,Jaipur,https://www.instahyre.com/job-444766-product-it-manager-at-qdegrees-services-jaipur/,INSTAHYRE
Tekion,Manager - Product Management,Bangalore,https://www.instahyre.com/job-445376-manager-product-management-at-tekion-bangalore/,INSTAHYRE
Bridgetown Research,Senior Product Designer,Bangalore,https://www.instahyre.com/job-442801-senior-product-designer-at-bridgetown-research-bangalore/,INSTAHYRE
Purplle,Product Manager,Mumbai,https://www.instahyre.com/job-442037-product-manager-at-purplle-mumbai/,INSTAHYRE
Bright Money,Product Manager - Frontend,Bangalore,https://www.instahyre.com/job-440886-product-manager-frontend-at-bright-money-bangalore/,INSTAHYRE
Pibit.ai,Product Manager,Bangalore,https://www.instahyre.com/job-440454-product-manager-at-pibit-bangalore/,INSTAHYRE
Purplle,Product Manager,Mumbai,https://www.instahyre.com/job-442184-product-manager-at-purplle-mumbai/,INSTAHYRE
Tekion,Product Manager,Bangalore,https://www.instahyre.com/job-440884-product-manager-at-tekion-bangalore/,INSTAHYRE
DRIMCO GmbH,Product Manager,Germany,https://www.instahyre.com/job-428392-product-manager-at-drimco-gmbh-germany/,INSTAHYRE
Bigbasket.com,Product Manager - ML,Bangalore,https://www.instahyre.com/job-430452-product-manager-ml-at-bigbasket-bangalore/,INSTAHYRE
Arintra,Senior Product Manager,Bangalore,https://www.instahyre.com/job-445182-senior-product-manager-at-arintra-bangalore/,INSTAHYRE
Komprise,UX Designer,Bangalore,https://www.instahyre.com/job-439857-ux-designer-at-komprise-bangalore/,INSTAHYRE
Arintra,Senior Product Manager,Bangalore,https://www.instahyre.com/job-444969-senior-product-manager-at-arintra-bangalore/,INSTAHYRE
Birla Pivot,Senior Product Manager,Bangalore,https://www.instahyre.com/job-443733-senior-product-manager-at-birla-pivot-bangalore/,INSTAHYRE
SpotDraft,Product Manager,Bangalore,https://www.instahyre.com/job-404215-product-manager-at-spotdraft-bangalore/,INSTAHYRE
NuPlay AI,Product Manager,Bangalore,https://www.instahyre.com/job-432369-product-manager-at-nuplay-ai-bangalore/,INSTAHYRE
Reliance Jio,Senior Product Manager,Bangalore,https://www.instahyre.com/job-210609-senior-product-manager-at-reliance-jio-bangalore/,INSTAHYRE
MyNaksh,Business Manager,Bangalore,https://www.instahyre.com/job-443803-business-manager-at-mynaksh-bangalore/,INSTAHYRE
Neufin,Associate Product Manager,Bangalore,https://www.instahyre.com/job-435987-associate-product-manager-at-neufin-bangalore/,INSTAHYRE
Zenskar,Group Product Manager,"Bangalore,Gurgaon",https://www.instahyre.com/job-444426-group-product-manager-at-zenskar-2-bangalore-gurgaon/,INSTAHYRE
upGrad,Academic Counselor,"Bangalore,Gurgaon,Hyderabad",https://www.instahyre.com/job-401471-academic-counselor-at-upgrad-bangalore-gurgaon-hyderabad/,INSTAHYRE
GUS Global Services India,Marketing Manager - Content,Delhi,https://www.instahyre.com/job-441735-marketing-manager-content-at-gus-global-services-india-delhi/,INSTAHYRE
MVPRockets,Social Media Marketing Manager,Bangalore,https://www.instahyre.com/job-444155-social-media-marketing-manager-at-mvprockets-3-bangalore/,INSTAHYRE
EngiNeo Solutions,Marketing & Brand Specialist,Gurgaon,https://www.instahyre.com/job-445331-marketing-brand-specialist-at-engineo-solutions-gurgaon/,INSTAHYRE
Serendipity Arts Foundation,Assistant Brand Communication & PR Manager,Delhi,https://www.instahyre.com/job-444948-assistant-brand-communication-pr-manager-at-serendipity-arts-foundation-delhi/,INSTAHYRE
Phnk,Media & Communications Manager,Gurgaon,https://www.instahyre.com/job-444209-media-communications-manager-at-phnk-networks-gurgaon/,INSTAHYRE
Hike,Social Media Manager,Delhi,https://www.instahyre.com/job-443122-social-media-manager-at-hike-delhi/,INSTAHYRE
Ciper Analytics,Social Media - Senior Associate,Pune,https://www.instahyre.com/job-444498-social-media-senior-associate-at-ciper-analytics-pune/,INSTAHYRE
Bright Money,Growth Marketing Manager - Brand Creative,Bangalore,https://www.instahyre.com/job-439682-growth-marketing-manager-brand-creative-at-bright-money-bangalore/,INSTAHYRE
Plazza,Content Strategist,Bangalore,https://www.instahyre.com/job-445098-content-strategist-at-plazza-bangalore/,INSTAHYRE
Orvera AI,Performance Marketing Analyst,Pune,https://www.instahyre.com/job-444904-performance-marketing-analyst-at-orvera-ai-2-pune/,INSTAHYRE
YourStory Media,Social Media Manager,Bangalore,https://www.instahyre.com/job-445019-social-media-manager-at-yourstory-media-bangalore/,INSTAHYRE
Marzi by Primus,Brand and Content Lead,Bangalore,https://www.instahyre.com/job-444514-brand-and-content-lead-at-marzi-by-primus-bangalore/,INSTAHYRE
AppsForBharat,Performance Marketing Manager,Work From Home,https://www.instahyre.com/job-430796-performance-marketing-manager-at-appsforbharat-work-from-home/,INSTAHYRE
Vehant Technologies,Marketing Manager,Noida,https://www.instahyre.com/job-443938-marketing-manager-at-vehant-technologies-noida/,INSTAHYRE
PineGap.ai,Growth Marketing Manager,Bangalore,https://www.instahyre.com/job-438840-growth-marketing-manager-at-pinegap-bangalore/,INSTAHYRE
Ultraviolette Automotive,Social Media Manager,Bangalore,https://www.instahyre.com/job-444281-social-media-manager-at-ultraviolette-automotive-bangalore/,INSTAHYRE
Marzi by Primus,Social Media Manager,Bangalore,https://www.instahyre.com/job-425414-social-media-manager-at-marzi-by-primus-bangalore/,INSTAHYRE
Rocksport,Business Development Manager,"Delhi,Hyderabad,Mumbai",https://www.instahyre.com/job-441148-business-development-manager-at-rocksport-delhi-hyderabad-mumbai/,INSTAHYRE
VidCrunch,Publisher Partnerships Manager,Work From Home,https://www.instahyre.com/job-440110-publisher-partnerships-manager-at-vidcrunch-work-from-home/,INSTAHYRE
ZenStatement,GTM Lead,Bangalore,https://www.instahyre.com/job-425362-gtm-lead-at-zenstatement-bangalore/,INSTAHYRE
SOR Group,Social Media Intern,Hyderabad,https://www.instahyre.com/job-443697-social-media-intern-internship-at-sor-group-hyderabad/,INSTAHYRE
Excellent Global Endeavors,Key Account Manager - Media & Advertising Sales,Mumbai,https://www.instahyre.com/job-442957-key-account-manager-media-advertising-sales-at-excellent-global-endeavors-llp-mumbai/,INSTAHYRE
Ambrosia Botanicals,Graphic & Brand Designer,Gurgaon,https://www.instahyre.com/job-443686-graphic-brand-designer-at-ambrosia-botanicals-gurgaon/,INSTAHYRE
BioVeda Agro Ventures,Marketing Manager,Gurgaon,https://www.instahyre.com/job-442303-marketing-manager-at-bioveda-agro-ventures-gurgaon/,INSTAHYRE
Sukoon Health,Senior Marketing Manager,Gurgaon,https://www.instahyre.com/job-442256-senior-marketing-manager-at-sukoon-health-gurgaon/,INSTAHYRE
CynLr,Brand Solutions Intern,Noida,https://www.instahyre.com/job-442294-brand-solutions-intern-at-cynlr-noida/,INSTAHYRE
EngiNeo Solutions,Marketing & Brand Specialist,Gurgaon,https://www.instahyre.com/job-441625-marketing-brand-specialist-at-engineo-solutions-gurgaon/,INSTAHYRE
DocuPro,Growth Marketing Executive,Bangalore,https://www.instahyre.com/job-429149-growth-marketing-executive-at-docupro-bangalore/,INSTAHYRE
SocialChamps Media,Social Media & Influencer Marketing Intern,Pune,https://www.instahyre.com/job-440900-social-media-influencer-marketing-intern-internship-at-socialchamps-media-pune/,INSTAHYRE
Airtribe,Channel Sales Manager,Bangalore,https://www.instahyre.com/job-427941-channel-sales-manager-at-airtribe-2-bangalore/,INSTAHYRE
Pharmapoint Group,Marketing Manager,Mumbai,https://www.instahyre.com/job-439804-marketing-manager-at-pharmapoint-group-mumbai/,INSTAHYRE
NuPlay AI,Marketing Manager,Bangalore,https://www.instahyre.com/job-439689-marketing-manager-at-nuplay-ai-bangalore/,INSTAHYRE
Iris,Account Manager,Gurgaon,https://www.instahyre.com/job-351617-account-manager-at-iris-gurgaon/,INSTAHYRE
OSAA by Adarsh,Growth & Performance Marketing Manager (Core D2C),Kolkata,https://www.instahyre.com/job-434300-growth-performance-marketing-manager-core-d2c-at-osaa-by-adarsh-kolkata/,INSTAHYRE
Atomium Labs,Client Service Executive,Pune,https://www.instahyre.com/job-434315-client-service-executive-at-atomium-labs-pune/,INSTAHYRE
RentoMojo,SEO Manager,Bangalore,https://www.instahyre.com/job-417578-seo-manager-at-rentomojo-bangalore/,INSTAHYRE
The Ramco Cements,Digital Marketing Manager,Chennai,https://www.instahyre.com/job-438123-digital-marketing-manager-at-the-ramco-cements-chennai/,INSTAHYRE
Slikk,Head of Merchandising & Discovery,Bangalore,https://www.instahyre.com/job-437635-head-of-merchandising-discovery-at-slikk-bangalore/,INSTAHYRE
Knack Systems,Digital Marketing Head,Hyderabad,https://www.instahyre.com/job-436481-digital-marketing-head-at-knack-systems-hyderabad/,INSTAHYRE
AXS Solutions,Digital Marketing Intern,Mumbai,https://www.instahyre.com/job-395959-digital-marketing-intern-internship-at-axs-solutions-mumbai/,INSTAHYRE
Truva,Marketing Executive,Mumbai,https://www.instahyre.com/job-435820-marketing-executive-at-truva-mumbai/,INSTAHYRE
Airtribe,Performance Marketing Manager,Bangalore,https://www.instahyre.com/job-434064-performance-marketing-manager-at-airtribe-2-bangalore/,INSTAHYRE
Blue Meridian Advisory,Performance Marketing Specialist,Bangalore,https://www.instahyre.com/job-433743-performance-marketing-specialist-at-blue-meridian-advisory-bangalore/,INSTAHYRE
Evource,Growth Marketing Manager,Bangalore,https://www.instahyre.com/job-429187-growth-marketing-manager-at-evource-bangalore/,INSTAHYRE
Truva,Marketing Executive,Mumbai,https://www.instahyre.com/job-431096-marketing-executive-at-truva-mumbai/,INSTAHYRE
AblyWorks,Social Media Ambassador,"Delhi,Gurgaon,Noida",https://www.instahyre.com/job-435030-social-media-ambassador-internship-at-ablyworks-delhi-gurgaon-noida/,INSTAHYRE
Knack Systems,Head of Digital Marketing,Hyderabad,https://www.instahyre.com/job-435352-head-of-digital-marketing-at-knack-systems-hyderabad/,INSTAHYRE
Myntra,Product Manager,Bangalore,https://www.instahyre.com/job-404641-product-manager-at-myntra-3-bangalore/,INSTAHYRE
Truva,Associate Brand Manager,Mumbai,https://www.instahyre.com/job-432776-associate-brand-manager-at-truva-mumbai/,INSTAHYRE
Mobisy Technologies,FMCG Sales Cum Customer Success Manager,"Bangalore,Mumbai",https://www.instahyre.com/job-432070-fmcg-sales-cum-customer-success-manager-at-mobisy-technologies-bangalore-mumbai/,INSTAHYRE
Gounicrew,Digital Marketing Manager,Jabalpur,https://www.instahyre.com/job-429953-digital-marketing-manager-at-gounicrew-jabalpur/,INSTAHYRE
CashKaro.com,Talent Acquisition Specialist,Bangalore,https://www.instahyre.com/job-419085-talent-acquisition-specialist-at-cashkaro-bangalore/,INSTAHYRE
Sorta Famous,Senior Brand Manager,Mumbai,https://www.instahyre.com/job-433612-senior-brand-manager-at-sorta-famous-mumbai/,INSTAHYRE
Enigoal,Digital Marketing Executive,Noida,https://www.instahyre.com/job-434757-digital-marketing-executive-at-enigoal-noida/,INSTAHYRE
Brickwork India,Business Development Head,Bangalore,https://www.instahyre.com/job-413815-business-development-head-at-brickwork-india-bangalore/,INSTAHYRE
Autobit Software Service,Performance Marketing Manager,Noida,https://www.instahyre.com/job-434138-performance-marketing-manager-at-autobit-software-service-noida/,INSTAHYRE
Axe Consultancy Services,Social Media Executive,Dehradun,https://www.instahyre.com/job-433678-social-media-executive-at-axe-consultancy-services-dehradun/,INSTAHYRE
Axe Consultancy Services,Digital Marketing Manager,Dehradun,https://www.instahyre.com/job-433677-digital-marketing-manager-at-axe-consultancy-services-dehradun/,INSTAHYRE
Livspace.com,Graphic Designer,Bangalore,https://www.instahyre.com/job-429700-graphic-designer-at-livspace-bangalore/,INSTAHYRE
White Lotus Group,Head of Markting,Bangalore,https://www.instahyre.com/job-432864-head-of-markting-at-white-lotus-group-bangalore/,INSTAHYRE
BigBoost AI,Senior Paid Search Specialist,Chennai,https://www.instahyre.com/job-433178-senior-paid-search-specialist-at-bigboost-ai-chennai/,INSTAHYRE
GTF Technologies,Digital Marketing Head,Noida,https://www.instahyre.com/job-430641-digital-marketing-head-at-gtf-technologies-noida/,INSTAHYRE
AcadSync,Marketing & Business Development Manager,Work From Home,https://www.instahyre.com/job-430359-marketing-business-development-manager-at-acadsync-work-from-home/,INSTAHYRE
Zero Penny,Performance Marketing Manager - Restricted Niches,Work From Home,https://www.instahyre.com/job-431968-performance-marketing-manager-restricted-niches-at-zero-penny-work-from-home/,INSTAHYRE
Envigo,Meta Ads Expert,Gurgaon,https://www.instahyre.com/job-432448-meta-ads-expert-at-envigo-2-gurgaon/,INSTAHYRE
Buddhi Techno Logic,Marketing Manager - IT Infra. / Cybersecurity,Chennai,https://www.instahyre.com/job-430129-marketing-manager-it-infra-cybersecurity-at-buddhi-techno-logic-chennai/,INSTAHYRE
dataFloat,Digital Marketing Manager,Mangalore,https://www.instahyre.com/job-427286-digital-marketing-manager-at-datafloat-mangalore/,INSTAHYRE
Proof-of-Skill,Social Media Manager (Finance Focus),Mumbai,https://www.instahyre.com/job-428286-social-media-manager-finance-focus-at-proof-of-skill-mumbai/,INSTAHYRE
Alterest,Digital Marketing Manager,Bangalore,https://www.instahyre.com/job-373850-digital-marketing-manager-at-alterest-bangalore/,INSTAHYRE
Feed Fixx,Account Manager,Mumbai,https://www.instahyre.com/job-430526-account-manager-at-feed-fixx-mumbai/,INSTAHYRE
CreditMitra,Digital Marketing Specialist,Hyderabad,https://www.instahyre.com/job-430485-digital-marketing-specialist-at-creditmitra-hyderabad/,INSTAHYRE
LWYD Interactive,Senior Social Media Manager,Bangalore,https://www.instahyre.com/job-426352-senior-social-media-manager-at-lwyd-interactive-bangalore/,INSTAHYRE
Justdial,Marketing Executive,"Bangalore,Chennai,Coimbatore",https://www.instahyre.com/job-426613-marketing-executive-at-justdial-bangalore-chennai-coimbatore/,INSTAHYRE
LWYD Interactive,Associate Account Manager,Bangalore,https://www.instahyre.com/job-426354-associate-account-manager-at-lwyd-interactive-bangalore/,INSTAHYRE
Visys Cloud Technologies,Marketing Executive,Hyderabad,https://www.instahyre.com/job-430201-marketing-executive-at-visys-cloud-technologies-hyderabad/,INSTAHYRE
Truva,Social Media Executive,Mumbai,https://www.instahyre.com/job-429743-social-media-executive-at-truva-mumbai/,INSTAHYRE
Truva,Marketing Executive,Mumbai,https://www.instahyre.com/job-429742-marketing-executive-at-truva-mumbai/,INSTAHYRE
Grath Entertainment,Creator Management Executive,Mumbai,https://www.instahyre.com/job-423641-creator-management-executive-at-grath-entertainment-mumbai/,INSTAHYRE
Gumlet,Partner Engagement Manager,Bangalore,https://www.instahyre.com/job-429207-partner-engagement-manager-at-gumlet-bangalore/,INSTAHYRE
Uni Cards,Brand Manager,Bangalore,https://www.instahyre.com/job-419084-brand-manager-at-uni-cards-2-bangalore/,INSTAHYRE
VirtueS,Marketing Specialist,Hyderabad,https://www.instahyre.com/job-348232-marketing-specialist-at-virtues-hyderabad/,INSTAHYRE
DriveU,Marketing Manager,Bangalore,https://www.instahyre.com/job-427223-marketing-manager-at-driveu-bangalore/,INSTAHYRE
GrowWise,Social Media Marketing & Content Manager,Bangalore,https://www.instahyre.com/job-421187-social-media-marketing-content-manager-at-growwise-bangalore/,INSTAHYRE
Shiv Shakti Laminates,Brand Manager,Surat,https://www.instahyre.com/job-426179-brand-manager-at-shiv-shakti-laminates-surat/,INSTAHYRE
Sirohi,Creative Director,Delhi,https://www.instahyre.com/job-426561-creative-director-at-sirohi-delhi/,INSTAHYRE
Srev Evolution,Performance Marketer,Patna,https://www.instahyre.com/job-422338-performance-marketer-at-srev-evolution-patna/,INSTAHYRE
Prompt DairyTech,Marcom Executive,Ahmedabad,https://www.instahyre.com/job-427869-marcom-executive-at-prompt-dairytech-ahmedabad/,INSTAHYRE
Phoenix Branding,Social Media Manager,Bangalore,https://www.instahyre.com/job-424129-social-media-manager-at-phoenix-branding-bangalore/,INSTAHYRE
Antigravity,Creative Head,Mumbai,https://www.instahyre.com/job-427739-creative-head-at-antigravity-mumbai/,INSTAHYRE
Statcon Electronics India,Sales and Marketing Executive,Noida,https://www.instahyre.com/job-427725-sales-and-marketing-executive-at-statcon-electronics-india-noida/,INSTAHYRE
Phoenix Branding,Social Media Manager,Bangalore,https://www.instahyre.com/job-423154-social-media-manager-at-phoenix-branding-bangalore/,INSTAHYRE
Eco-Soap Bank,Senior Content Marketing Manager,Work From Home,https://www.instahyre.com/job-424961-senior-content-marketing-manager-at-eco-soap-bank-work-from-home/,INSTAHYRE
Hugosave,Visual Designer,Hyderabad,https://www.instahyre.com/job-410493-visual-designer-at-hugosave-hyderabad/,INSTAHYRE
LiteStore,Business Development Associate,Bangalore,https://www.instahyre.com/job-423373-business-development-associate-at-litestore-bangalore/,INSTAHYRE
Qentelli Solutions,Partnerships and Alliance Marketing Manager,Hyderabad,https://www.instahyre.com/job-391621-partnerships-and-alliance-marketing-manager-at-qentelli-solutions-hyderabad/,INSTAHYRE
SensiGo Technologies,Digital Marketing Expert,Chennai,https://www.instahyre.com/job-423914-digital-marketing-expert-at-sensigo-technologies-chennai/,INSTAHYRE
The Indian Express,Ad Sales Manager,Noida,https://www.instahyre.com/job-423632-ad-sales-manager-at-the-indian-express-2-noida/,INSTAHYRE
IntrLume,Founding GTM and Growth Intern,Noida,https://www.instahyre.com/job-422951-founding-gtm-and-growth-intern-at-intrlume-noida/,INSTAHYRE
Funly,Social Media Manager & Growth Specialist,Work From Home,https://www.instahyre.com/job-420902-social-media-manager-growth-specialist-internship-at-funly-work-from-home/,INSTAHYRE
Wakefit,Performance Specialist - D2C,Bangalore,https://www.instahyre.com/job-420863-performance-specialist-d2c-at-wakefit-bangalore/,INSTAHYRE
InSnap Technologies,Business Development Associate,Bangalore,https://www.instahyre.com/job-421060-business-development-associate-at-insnap-technologies-bangalore/,INSTAHYRE
Expert Dojo,CEO / COO,"Bangalore,Work From Home",https://www.instahyre.com/job-420464-ceo-coo-at-expert-dojo-bangalore-work-from-home/,INSTAHYRE
World Vision Softek,Account Delivery Partner,Bangalore,https://www.instahyre.com/job-444917-account-delivery-partner-at-world-vision-softek-bangalore/,INSTAHYRE
Pharmapoint Group,Founder Office Associate,Mumbai,https://www.instahyre.com/job-439802-founder-office-associate-at-pharmapoint-group-mumbai/,INSTAHYRE
MediBuddy,Regional Manager (Growth & Operations),"Mumbai,Navi Mumbai",https://www.instahyre.com/job-444141-regional-manager-growth-operations-at-medibuddy-mumbai-navi-mumbai/,INSTAHYRE
FrAIday,AI Business & Operations Analyst,Delhi,https://www.instahyre.com/job-444940-ai-business-operations-analyst-internship-at-fraiday-delhi/,INSTAHYRE
Klimb.io,Lead Program Manager,Bangalore,https://www.instahyre.com/job-437313-lead-program-manager-at-klimb-bangalore/,INSTAHYRE
Assurekit,Founder's Office,Mumbai,https://www.instahyre.com/job-431570-founders-office-at-assurekit-mumbai/,INSTAHYRE
Wonderful,Chief Technology Officer,Bangalore,https://www.instahyre.com/job-445265-chief-technology-officer-at-wonderful-bangalore/,INSTAHYRE
Indus Towers,Business Analyst,Gurgaon,https://www.instahyre.com/job-444999-business-analyst-at-indus-towers-gurgaon/,INSTAHYRE
Hirium,Chief Technical Officer,Noida,https://www.instahyre.com/job-444661-chief-technical-officer-at-hirium-noida/,INSTAHYRE
Goldcast,Founding Product Manager,Bangalore,https://www.instahyre.com/job-437126-founding-product-manager-at-goldcast-bangalore/,INSTAHYRE
Zepto,Partner Management Lead,Bangalore,https://www.instahyre.com/job-445083-partner-management-lead-at-zepto-bangalore/,INSTAHYRE
apna,Product Manager,Bangalore,https://www.instahyre.com/job-438452-product-manager-at-apna-bangalore/,INSTAHYRE
IMChip,Chief Operating Officer,Bangalore,https://www.instahyre.com/job-443898-chief-operating-officer-at-imchip-bangalore/,INSTAHYRE
Tekion,Product Manager - AI,Bangalore,https://www.instahyre.com/job-441207-product-manager-ai-at-tekion-bangalore/,INSTAHYRE
Tekion,Product Manager,Bangalore,https://www.instahyre.com/job-440977-product-manager-at-tekion-bangalore/,INSTAHYRE
Amazon,Head / Director Training & Development,Bangalore,https://www.instahyre.com/job-444138-head-director-training-development-at-amazon-bangalore/,INSTAHYRE
IDFC FIRST Bank,Senior Leader,Mumbai,https://www.instahyre.com/job-437968-senior-leader-at-idfc-first-bank-mumbai/,INSTAHYRE
Tekion,Director of Product Management,Bangalore,https://www.instahyre.com/job-442623-director-of-product-management-at-tekion-bangalore/,INSTAHYRE
Ekovits,Founders Office Associate - Intern,Pune,https://www.instahyre.com/job-441929-founders-office-associate-intern-internship-at-ekovits-pune/,INSTAHYRE
Accenture,Supply Planning Manager (AVP),Mumbai,https://www.instahyre.com/job-430104-supply-planning-manager-avp-at-accenture-2-mumbai/,INSTAHYRE
Accenture,VP of FPA Delivery,Gurgaon,https://www.instahyre.com/job-419615-vp-of-fpa-delivery-at-accenture-2-gurgaon/,INSTAHYRE
Hike,Head of Business Development & Corporate Sales,"Delhi,Gurgaon",https://www.instahyre.com/job-439733-head-of-business-development-corporate-sales-at-hike-delhi-gurgaon/,INSTAHYRE
CommerceIQ,Director of Product Management,Bangalore,https://www.instahyre.com/job-441467-director-of-product-management-at-commerceiq-bangalore/,INSTAHYRE
Island Computing Services,GTM Leader,Bangalore,https://www.instahyre.com/job-442975-gtm-leader-at-island-computing-services-bangalore/,INSTAHYRE
Highradius,AVP - Client Partnerships,Hyderabad,https://www.instahyre.com/job-436621-avp-client-partnerships-at-highradius-hyderabad/,INSTAHYRE
NSM Consultant,Co - Founder (Director and Investor),Work From Home,https://www.instahyre.com/job-434609-co-founder-director-and-investor-at-nsm-consultant-work-from-home/,INSTAHYRE
Meesho,Senior Manager,Bangalore,https://www.instahyre.com/job-438774-senior-manager-at-meesho-bangalore/,INSTAHYRE
Deutsche Telekom Digital Labs,Group Product Manager,Gurgaon,https://www.instahyre.com/job-424100-group-product-manager-at-deutsche-telekom-digital-labs-gurgaon/,INSTAHYRE
SDP Labs / ProofHub,Marketing Head,Chandigarh,https://www.instahyre.com/job-435974-marketing-head-at-sdp-labs-proofhub-chandigarh/,INSTAHYRE
OneShot AI,Senior Product Manager,Bangalore,https://www.instahyre.com/job-414319-senior-product-manager-at-oneshot-ai-bangalore/,INSTAHYRE
Accenture,AI Strategy Manager,"Bangalore,Gurgaon,Pune",https://www.instahyre.com/job-440748-ai-strategy-manager-at-accenture-2-bangalore-gurgaon-pune/,INSTAHYRE
apna,Senior Product Manager,Bangalore,https://www.instahyre.com/job-439189-senior-product-manager-at-apna-bangalore/,INSTAHYRE
Deutsche Telekom Digital Labs,Group Product Manager,Gurgaon,https://www.instahyre.com/job-422640-group-product-manager-at-deutsche-telekom-digital-labs-gurgaon/,INSTAHYRE
Deutsche Telekom Digital Labs,Director of Product,Gurgaon,https://www.instahyre.com/job-438518-director-of-product-at-deutsche-telekom-digital-labs-gurgaon/,INSTAHYRE
GreyOrange,Principal Product Manager,Gurgaon,https://www.instahyre.com/job-424561-principal-product-manager-at-greyorange-2-gurgaon/,INSTAHYRE
Deutsche Telekom Digital Labs,Principle Product Manager,Gurgaon,https://www.instahyre.com/job-432399-principle-product-manager-at-deutsche-telekom-digital-labs-gurgaon/,INSTAHYRE
Deutsche Telekom Digital Labs,Head of Product Management,Gurgaon,https://www.instahyre.com/job-432293-head-of-product-management-at-deutsche-telekom-digital-labs-gurgaon/,INSTAHYRE
Deutsche Telekom Digital Labs,Group Product Manager,Gurgaon,https://www.instahyre.com/job-422735-group-product-manager-at-deutsche-telekom-digital-labs-gurgaon/,INSTAHYRE
Deutsche Telekom Digital Labs,Group Product Manager,Gurgaon,https://www.instahyre.com/job-422481-group-product-manager-at-deutsche-telekom-digital-labs-gurgaon/,INSTAHYRE
Myntra,Product Manager,Bangalore,https://www.instahyre.com/job-440351-product-manager-at-myntra-3-bangalore/,INSTAHYRE
ICFAI University,Digital Marketing Head,Hyderabad,https://www.instahyre.com/job-437122-digital-marketing-head-at-icfai-university-hyderabad/,INSTAHYRE
Cleartrip,Engineering Manager,Bangalore,https://www.instahyre.com/job-438815-engineering-manager-at-cleartrip-bangalore/,INSTAHYRE
Meesho,Program Manager,Bangalore,https://www.instahyre.com/job-439394-program-manager-at-meesho-bangalore/,INSTAHYRE
Open Network For Digital Commerce,Principal Product Manager,Delhi,https://www.instahyre.com/job-438231-principal-product-manager-at-open-network-for-digital-commerce-delhi/,INSTAHYRE
AXS Solutions,Entrepreneur in Residence - 1,Mumbai,https://www.instahyre.com/job-428219-entrepreneur-in-residence-1-at-axs-solutions-mumbai/,INSTAHYRE
Meesho,Senior Manager - Commerce Platform,Bangalore,https://www.instahyre.com/job-438777-senior-manager-commerce-platform-at-meesho-bangalore/,INSTAHYRE
Meesho,Senior Manager - Programs,Bangalore,https://www.instahyre.com/job-438755-senior-manager-programs-at-meesho-bangalore/,INSTAHYRE
apna,Senior Product Manager,Bangalore,https://www.instahyre.com/job-438695-senior-product-manager-at-apna-bangalore/,INSTAHYRE
Nibav Home Lifts,Regional Sales Director,"Kolkata,Patna,Vijayawada",https://www.instahyre.com/job-418821-regional-sales-director-at-nibav-home-lifts-kolkata-patna-vijayawada/,INSTAHYRE
Alltex Exim,Founder's Associate,Surat,https://www.instahyre.com/job-423899-founders-associate-at-alltex-exim-surat/,INSTAHYRE
BCTVentures,Chief of Staff (COS A),Mumbai,https://www.instahyre.com/job-436429-chief-of-staff-cos-a-at-bctventures-mumbai/,INSTAHYRE
BCTVentures,Chief of Staff (COS B),Mumbai,https://www.instahyre.com/job-436433-chief-of-staff-cos-b-at-bctventures-mumbai/,INSTAHYRE
Pi42,Head of Product,Bangalore,https://www.instahyre.com/job-435557-head-of-product-at-pi42-bangalore/,INSTAHYRE
XEBO.ai,Head of Product,Noida,https://www.instahyre.com/job-435294-head-of-product-at-xebo-noida/,INSTAHYRE
Source.one,Entrepreneur in Residence,Pune,https://www.instahyre.com/job-434148-entrepreneur-in-residence-at-source-pune/,INSTAHYRE
Shaadi.com,Sevice Manager,Delhi,https://www.instahyre.com/job-434336-sevice-manager-at-shaadi-delhi/,INSTAHYRE
GreyOrange,Head Or Product,Gurgaon,https://www.instahyre.com/job-433880-head-or-product-at-greyorange-2-gurgaon/,INSTAHYRE
Arrowhead,Founder's Office,Bangalore,https://www.instahyre.com/job-433724-founders-office-at-arrowhead-bangalore/,INSTAHYRE
Nestaway,City Head,Hyderabad,https://www.instahyre.com/job-433636-city-head-at-nestaway-hyderabad/,INSTAHYRE
Assurekit,COO's Office Associate - Operations & Strategy,Mumbai,https://www.instahyre.com/job-430891-coos-office-associate-operations-strategy-at-assurekit-mumbai/,INSTAHYRE
Tartan,Sr. Manager - Enterprise Sales,"Bangalore,Mumbai",https://www.instahyre.com/job-431753-sr-manager-enterprise-sales-at-tartan-bangalore-mumbai/,INSTAHYRE
Arintra,Senior Product Manager,Bangalore,https://www.instahyre.com/job-414513-senior-product-manager-at-arintra-bangalore/,INSTAHYRE
OneStack,Management Trainee,Pune,https://www.instahyre.com/job-432614-management-trainee-at-onestack-pune/,INSTAHYRE
Accenture,Offering Development Associate - F&A,"Bangalore,Noida",https://www.instahyre.com/job-430101-offering-development-associate-fa-at-accenture-2-bangalore-noida/,INSTAHYRE
Klimb.io,Director of Product,Hyderabad,https://www.instahyre.com/job-428437-director-of-product-at-klimb-hyderabad/,INSTAHYRE
Deutsche Telekom Digital Labs,Group Product Manager,Gurgaon,https://www.instahyre.com/job-416954-group-product-manager-at-deutsche-telekom-digital-labs-gurgaon/,INSTAHYRE
Dify,Chief of Staff,Bangalore,https://www.instahyre.com/job-428319-chief-of-staff-at-dify-bangalore/,INSTAHYRE
Badili,Business Manager - D2C Lead,Delhi,https://www.instahyre.com/job-429150-business-manager-d2c-lead-at-badili-delhi/,INSTAHYRE
ICICI Prudential Life Insurance,Reinsurance Manager,Mumbai,https://www.instahyre.com/job-428721-reinsurance-manager-at-icici-prudential-life-insurance-mumbai/,INSTAHYRE
Coreworks AI,GTM Engineer,Bangalore,https://www.instahyre.com/job-419830-gtm-engineer-at-coreworks-ai-bangalore/,INSTAHYRE
XEBO.ai,VP of Product,Noida,https://www.instahyre.com/job-426416-vp-of-product-at-xebo-noida/,INSTAHYRE
myGate,Product Manager,Kochi,https://www.instahyre.com/job-418677-product-manager-at-mygate-kochi/,INSTAHYRE
Zolve,Chief of Staff,Bangalore,https://www.instahyre.com/job-424150-chief-of-staff-at-zolve-2-bangalore/,INSTAHYRE
Coreworks AI,Sales Lead,Bangalore,https://www.instahyre.com/job-420619-sales-lead-at-coreworks-ai-bangalore/,INSTAHYRE
Deutsche Telekom Digital Labs,Group Product Manager,Gurgaon,https://www.instahyre.com/job-417104-group-product-manager-at-deutsche-telekom-digital-labs-gurgaon/,INSTAHYRE
Creston Advisory,Manager M&A Strategy,Work From Home,https://www.instahyre.com/job-418650-manager-ma-strategy-at-creston-advisory-work-from-home/,INSTAHYRE
Xoxoday,Category Lead,Bangalore,https://www.instahyre.com/job-419972-category-lead-at-xoxoday-bangalore/,INSTAHYRE
Pure Nutrition,Head of Business & P&L (D2C Supplements),Mumbai,https://www.instahyre.com/job-445514-head-of-business-pl-d2c-supplements-at-pure-nutrition-mumbai/,INSTAHYRE
Knowl,Marketing Manager,Bangalore,https://www.instahyre.com/job-445399-marketing-manager-at-knowl-bangalore/,INSTAHYRE
XEBO.ai,Vice President of Marketing,Delhi,https://www.instahyre.com/job-445135-vice-president-of-marketing-at-xebo-delhi/,INSTAHYRE
SentiLink,Head of Marketing,Bangalore,https://www.instahyre.com/job-444361-head-of-marketing-at-sentilink-bangalore/,INSTAHYRE
Allure Security,Business Head Quantum & Cybersecurity,"Bangalore,Delhi,Gurgaon",https://www.instahyre.com/job-444360-business-head-quantum-cybersecurity-at-allure-security-bangalore-delhi-gurgaon/,INSTAHYRE
Dieture,Chief of Staff,Qatar,https://www.instahyre.com/job-443759-chief-of-staff-at-dieture-qatar/,INSTAHYRE
Accenture,Delivery Lead Manager,Mumbai,https://www.instahyre.com/job-443720-delivery-lead-manager-at-accenture-2-mumbai/,INSTAHYRE
Amazon,Business Head of Defense Cyber Security,"Delhi,Gurgaon",https://www.instahyre.com/job-443553-business-head-of-defense-cyber-security-at-amazon-delhi-gurgaon/,INSTAHYRE
Vanaa Tech,RCM Analytics Specialist,Mohali,https://www.instahyre.com/job-441556-rcm-analytics-specialist-at-vanaa-tech-mohali/,INSTAHYRE
Tata Capital,Cluster Manager - Wealth Management,"Ahmedabad,Bangalore,Delhi",https://www.instahyre.com/job-441391-cluster-manager-wealth-management-at-tata-capital-ahmedabad-bangalore-delhi/,INSTAHYRE
VoltSeal,Chief of Staff,Noida,https://www.instahyre.com/job-440993-chief-of-staff-at-voltseal-noida/,INSTAHYRE
GetSetYo,Creator Community Manager,Bangalore,https://www.instahyre.com/job-440233-creator-community-manager-at-getsetyo-2-bangalore/,INSTAHYRE
Bright Money,Senior Manager - Growth & Finance Intelligence,Bangalore,https://www.instahyre.com/job-439704-senior-manager-growth-finance-intelligence-at-bright-money-bangalore/,INSTAHYRE
Hydron,Business Development Manager,Bangalore,https://www.instahyre.com/job-433271-business-development-manager-at-hydron-bangalore/,INSTAHYRE
Livspace.com,Finance Manager,Bangalore,https://www.instahyre.com/job-431337-finance-manager-at-livspace-bangalore/,INSTAHYRE
DBS Global University,Admissions Head,Bangalore,https://www.instahyre.com/job-431329-admissions-head-at-dbs-global-university-bangalore/,INSTAHYRE
Eucloid Data Solutions,Senior Principal Data Consultant,Gurgaon,https://www.instahyre.com/job-437140-senior-principal-data-consultant-at-eucloid-data-solutions-gurgaon/,INSTAHYRE
Amazon,Business Analyst,"Delhi,Gurgaon,Noida",https://www.instahyre.com/job-445373-business-analyst-at-amazon-delhi-gurgaon-noida/,INSTAHYRE
Accellor,Delivery Manager,"Bangalore,Hyderabad",https://www.instahyre.com/job-430513-delivery-manager-at-accellor-3-bangalore-hyderabad/,INSTAHYRE
Klimb.io,Head of AI,Bangalore,https://www.instahyre.com/job-439157-head-of-ai-at-klimb-bangalore/,INSTAHYRE
Highradius,AVP of Consulting,Hyderabad,https://www.instahyre.com/job-442087-avp-of-consulting-at-highradius-hyderabad/,INSTAHYRE
Accenture,AI Architect Consultant,"Bangalore,Gurgaon,Pune",https://www.instahyre.com/job-443189-ai-architect-consultant-at-accenture-2-bangalore-gurgaon-pune/,INSTAHYRE
Accenture,Senior Genesys Manager,"Bangalore,Gurgaon,Pune",https://www.instahyre.com/job-442996-senior-genesys-manager-at-accenture-2-bangalore-gurgaon-pune/,INSTAHYRE
Accenture,Delivery Lead Manager,"Bangalore,Delhi,Mumbai",https://www.instahyre.com/job-442990-delivery-lead-manager-at-accenture-2-bangalore-delhi-mumbai/,INSTAHYRE
Convosight,Consumer Insights / Market Researcher,"Gurgaon,Mumbai",https://www.instahyre.com/job-442827-consumer-insights-market-researcher-at-convosight-gurgaon-mumbai/,INSTAHYRE
MyOperator,Business Consultant - SaaS,Noida,https://www.instahyre.com/job-398297-business-consultant-saas-at-myoperator-2-noida/,INSTAHYRE
KPMG,Pricing Consultant,"Bangalore,Gurgaon,Mumbai",https://www.instahyre.com/job-439096-pricing-consultant-at-kpmg-2-bangalore-gurgaon-mumbai/,INSTAHYRE
GobbleCube,Growth Manager,Gurgaon,https://www.instahyre.com/job-420533-growth-manager-at-gobblecube-gurgaon/,INSTAHYRE
Convosight,Consumer Insights Executive,"Gurgaon,Mumbai",https://www.instahyre.com/job-440829-consumer-insights-executive-at-convosight-gurgaon-mumbai/,INSTAHYRE
Deriv,Talent Partner,Malaysia,https://www.instahyre.com/job-436318-talent-partner-at-deriv-malaysia/,INSTAHYRE
Marzi by Primus,Associate - Founders Office,Bangalore,https://www.instahyre.com/job-440975-associate-founders-office-at-marzi-by-primus-bangalore/,INSTAHYRE
The Famous,Project Lead - Operational Excellence,Mumbai,https://www.instahyre.com/job-432605-project-lead-operational-excellence-at-the-famous-mumbai/,INSTAHYRE
Aditya Birla Group,Associate Product Manager,Bangalore,https://www.instahyre.com/job-437879-associate-product-manager-at-aditya-birla-group-bangalore/,INSTAHYRE
Zime.ai,Customer Strategist,Gurgaon,https://www.instahyre.com/job-425990-customer-strategist-at-zime-gurgaon/,INSTAHYRE
Accenture,Enterprise Operating Model Consultant,"Bangalore,Gurgaon,Mumbai",https://www.instahyre.com/job-437011-enterprise-operating-model-consultant-at-accenture-2-bangalore-gurgaon-mumbai/,INSTAHYRE
Clapgrow Technology,Business Consultant,Kolkata,https://www.instahyre.com/job-413584-business-consultant-at-clapgrow-technology-kolkata/,INSTAHYRE
Accenture,Change Management Functional Manager,"Bangalore,Gurgaon,Mumbai",https://www.instahyre.com/job-430108-change-management-functional-manager-at-accenture-2-bangalore-gurgaon-mumbai/,INSTAHYRE
SRKP Group,Chief of Staff To MD,Bangalore,https://www.instahyre.com/job-434378-chief-of-staff-to-md-at-srkp-group-bangalore/,INSTAHYRE
CommerceIQ,Technology Analyst,Bangalore,https://www.instahyre.com/job-430518-technology-analyst-at-commerceiq-bangalore/,INSTAHYRE
Bandhan Group,Domain Lead - BFSI (Techno - Functional SME),Bangalore,https://www.instahyre.com/job-426791-domain-lead-bfsi-techno-functional-sme-at-bandhan-group-bangalore/,INSTAHYRE
myGate,Product Manager,Bangalore,https://www.instahyre.com/job-429067-product-manager-at-mygate-bangalore/,INSTAHYRE
Accenture,HR Transformation Consultant,Bangalore,https://www.instahyre.com/job-430106-hr-transformation-consultant-at-accenture-2-bangalore/,INSTAHYRE
Inamo,Program Manager,"Bangalore,Mumbai",https://www.instahyre.com/job-428668-program-manager-at-inamo-bangalore-mumbai/,INSTAHYRE
DJXLabs,Business Development Consultant,Noida,https://www.instahyre.com/job-425001-business-development-consultant-at-djxlabs-noida/,INSTAHYRE
Growwth Partners,Financial Planning and Analysis Manager,Work From Home,https://www.instahyre.com/job-423942-financial-planning-and-analysis-manager-at-growwth-partners-2-work-from-home/,INSTAHYRE
Protiviti,Associate Director - Internal Audit (MA),Saudi Arabia,https://www.instahyre.com/job-391345-associate-director-internal-audit-ma-at-protiviti-saudi-arabia/,INSTAHYRE
Creston Advisory,Senior Associate M&A Strategy,Work From Home,https://www.instahyre.com/job-418651-senior-associate-ma-strategy-at-creston-advisory-work-from-home/,INSTAHYRE
ZOOP,Enterprise Sales Manager,Pune,https://www.instahyre.com/job-444252-enterprise-sales-manager-at-zoop-pune/,INSTAHYRE
Conversive,Onboarding & Implementation Specialist,Pune,https://www.instahyre.com/job-442430-onboarding-implementation-specialist-at-conversive-pune/,INSTAHYRE
Florzy,Product Manager,Bangalore,https://www.instahyre.com/job-435851-product-manager-at-florzy-bangalore/,INSTAHYRE
Kenovate Solutions,Market Research Consultant,Gurgaon,https://www.instahyre.com/job-435590-market-research-consultant-at-kenovate-solutions-gurgaon/,INSTAHYRE
Tata Consultancy Services,Principal Supply Chain Consultant,Bangalore,https://www.instahyre.com/job-433212-principal-supply-chain-consultant-at-tata-consultancy-services-bangalore/,INSTAHYRE
Accenture,Human Resource Transformation - Senior Manager,"Bangalore,Hyderabad,Mumbai",https://www.instahyre.com/job-430102-human-resource-transformation-senior-manager-at-accenture-2-bangalore-hyderabad-mumbai/,INSTAHYRE
Klimb.io,Strategy and Transformation Associate,Abu Dhabi,https://www.instahyre.com/job-427856-strategy-and-transformation-associate-at-klimb-abu-dhabi/,INSTAHYRE
melyn,Business Analyst,Canada,https://www.instahyre.com/job-425628-business-analyst-at-melyn-canada/,INSTAHYRE
Fractal Analytics,Engagement Manager,"Bangalore,Gurgaon,Mumbai",https://www.instahyre.com/job-424956-engagement-manager-at-fractal-analytics-bangalore-gurgaon-mumbai/,INSTAHYRE
KPMG,Assistant Manager,Gurgaon,https://www.instahyre.com/job-420828-assistant-manager-at-kpmg-2-gurgaon/,INSTAHYRE
Accenture,SAP MDM Analyst,Bangalore,https://www.instahyre.com/job-445721-sap-mdm-analyst-at-accenture-2-bangalore/,INSTAHYRE
Girman Technologies,Tally Consultant,Work From Home,https://www.instahyre.com/job-444223-tally-consultant-at-girman-technologies-work-from-home/,INSTAHYRE
Hexaware Technologies,SAP EHS Consultant,"Bangalore,Mumbai",https://www.instahyre.com/job-444602-sap-ehs-consultant-at-hexaware-technologies-bangalore-mumbai/,INSTAHYRE
ArcelorMittal,Senior SAP MM Consultant,Hyderabad,https://www.instahyre.com/job-445134-senior-sap-mm-consultant-at-arcelormittal-hyderabad/,INSTAHYRE
Veraxion,Senior Murex Functional Consultant,Work From Home,https://www.instahyre.com/job-445375-senior-murex-functional-consultant-at-veraxion-work-from-home/,INSTAHYRE
ArcelorMittal,Senior Engineer (Ivalua) - Integration,"Hyderabad,Pune",https://www.instahyre.com/job-445133-senior-engineer-ivalua-integration-at-arcelormittal-hyderabad-pune/,INSTAHYRE
Shelorve,Salesforce Techno - Functional Consultant,Work From Home,https://www.instahyre.com/job-440540-salesforce-techno-functional-consultant-at-shelorve-work-from-home/,INSTAHYRE
Celigo,Senior Developer,Hyderabad,https://www.instahyre.com/job-445017-senior-developer-at-celigo-hyderabad/,INSTAHYRE
EVA Equity Partners,Functional Analyst,Work From Home,https://www.instahyre.com/job-444471-functional-analyst-at-eva-equity-partners-work-from-home/,INSTAHYRE
Cloudify,Business Integration Specialist,Work From Home,https://www.instahyre.com/job-444104-business-integration-specialist-at-cloudify-work-from-home/,INSTAHYRE
Hexaware Technologies,SAP WM / LE Functional Consultant,"Bangalore,Mumbai",https://www.instahyre.com/job-444664-sap-wm-le-functional-consultant-at-hexaware-technologies-bangalore-mumbai/,INSTAHYRE
Marlabs,SAP WM EWM Consultant,Bangalore,https://www.instahyre.com/job-444695-sap-wm-ewm-consultant-at-marlabs-bangalore/,INSTAHYRE
ScaleOrange Technologies,NetSuite Architect,Hyderabad,https://www.instahyre.com/job-444090-netsuite-architect-at-scaleorange-technologies-hyderabad/,INSTAHYRE
In4velocity,Senior Implementation Consultant,"Bangalore,Delhi,Mumbai",https://www.instahyre.com/job-444520-senior-implementation-consultant-at-in4velocity-bangalore-delhi-mumbai/,INSTAHYRE
Infosys,Business Systems Analyst,"Gurgaon,Hyderabad,Noida",https://www.instahyre.com/job-442980-business-systems-analyst-at-infosys-4-gurgaon-hyderabad-noida/,INSTAHYRE
Infosys,Business Analyst,Pune,https://www.instahyre.com/job-444396-business-analyst-at-infosys-4-pune/,INSTAHYRE
Infosys,Senior Consultant,Pune,https://www.instahyre.com/job-444370-senior-consultant-at-infosys-4-pune/,INSTAHYRE
ACL Digital,SAP SD Consultant,Bangalore,https://www.instahyre.com/job-426098-sap-sd-consultant-at-acl-digital-bangalore/,INSTAHYRE
Accenture,R2R Practice Lead,"Bangalore,Gurgaon,Mumbai",https://www.instahyre.com/job-442989-r2r-practice-lead-at-accenture-2-bangalore-gurgaon-mumbai/,INSTAHYRE
Accellor,Senior Salesforce Business Analyst,Hyderabad,https://www.instahyre.com/job-443824-senior-salesforce-business-analyst-at-accellor-3-hyderabad/,INSTAHYRE
Accenture,SAP SuccessFactors Learning Consultant (LMS),"Bangalore,Gurgaon,Pune",https://www.instahyre.com/job-443883-sap-successfactors-learning-consultant-lms-at-accenture-2-bangalore-gurgaon-pune/,INSTAHYRE
Accenture,SAP TM Lead,"Bangalore,Gurgaon,Kolkata",https://www.instahyre.com/job-443873-sap-tm-lead-at-accenture-2-bangalore-gurgaon-kolkata/,INSTAHYRE
MeeTri Infotech,SAP HCM Consultant,Bhopal,https://www.instahyre.com/job-443776-sap-hcm-consultant-at-meetri-infotech-bhopal/,INSTAHYRE
Samsung,SAP MM Consultant,"Delhi,Gurgaon,Noida",https://www.instahyre.com/job-441369-sap-mm-consultant-at-samsung-delhi-gurgaon-noida/,INSTAHYRE
Tech Mahindra,Senior SAP HCM Consultant,"Bangalore,Mumbai,Pune",https://www.instahyre.com/job-443542-senior-sap-hcm-consultant-at-tech-mahindra-2-bangalore-mumbai-pune/,INSTAHYRE
Finisar Corporation,Oracle SCM Functional Consultant,Hyderabad,https://www.instahyre.com/job-443333-oracle-scm-functional-consultant-at-finisar-corporation-hyderabad/,INSTAHYRE
Accenture,Deployment Lead - Workday Core Integrations,"Gurgaon,Hyderabad,Mumbai",https://www.instahyre.com/job-443095-deployment-lead-workday-core-integrations-at-accenture-2-gurgaon-hyderabad-mumbai/,INSTAHYRE
Redwood Software,Workday Transformation Analyst,Hyderabad,https://www.instahyre.com/job-418143-workday-transformation-analyst-at-redwood-software-hyderabad/,INSTAHYRE
Wipro,SAP FICA Consultant - BRIM,Bangalore,https://www.instahyre.com/job-442900-sap-fica-consultant-brim-at-wipro-bangalore/,INSTAHYRE
Highradius,Functional Support Consultant,"Bangalore,Gurgaon,Pune",https://www.instahyre.com/job-441811-functional-support-consultant-at-highradius-bangalore-gurgaon-pune/,INSTAHYRE
Accenture,Custom Software Engineer,"Delhi,Kolkata,Pune",https://www.instahyre.com/job-441132-custom-software-engineer-at-accenture-2-delhi-kolkata-pune/,INSTAHYRE
Accenture,Application Support Engineer,"Bangalore,Hyderabad,Kolkata",https://www.instahyre.com/job-442978-application-support-engineer-at-accenture-2-bangalore-hyderabad-kolkata/,INSTAHYRE
Infosys BPM,SAP Functional Testing Consultant,Bangalore,https://www.instahyre.com/job-442963-sap-functional-testing-consultant-at-infosys-bpm-bangalore/,INSTAHYRE
Fintellix,Business Analyst - Risk,Mumbai,https://www.instahyre.com/job-442834-business-analyst-risk-at-fintellix-2-mumbai/,INSTAHYRE
Wipro,Salesforce Administrator,Bangalore,https://www.instahyre.com/job-442627-salesforce-administrator-at-wipro-bangalore/,INSTAHYRE
Infosys BPM,SAP GRC Consultant,Mysuru,https://www.instahyre.com/job-442628-sap-grc-consultant-at-infosys-bpm-mysuru/,INSTAHYRE
Visionet Systems,Lead ServiceNow Functional Consultant,Work From Home,https://www.instahyre.com/job-438378-lead-servicenow-functional-consultant-at-visionet-systems-work-from-home/,INSTAHYRE
Samsung,SAP CI - DS Consultant,"Delhi,Gurgaon,Noida",https://www.instahyre.com/job-441428-sap-ci-ds-consultant-at-samsung-delhi-gurgaon-noida/,INSTAHYRE
Accenture,Custom Software Engineer,"Ahmedabad,Bangalore,Indore",https://www.instahyre.com/job-442564-custom-software-engineer-at-accenture-2-ahmedabad-bangalore-indore/,INSTAHYRE
Samsung,SAP CIDS Consultant,Delhi,https://www.instahyre.com/job-440331-sap-cids-consultant-at-samsung-delhi/,INSTAHYRE
Infosys BPM,Oracle EBS Finance Manager,"Bangalore,Chennai",https://www.instahyre.com/job-442396-oracle-ebs-finance-manager-at-infosys-bpm-bangalore-chennai/,INSTAHYRE
Value Health,Senior Business Analyst / Product Owner,Coimbatore,https://www.instahyre.com/job-433143-senior-business-analyst-product-owner-at-value-health-coimbatore/,INSTAHYRE
Snap,SAP PP / QM Consultant,"Bangalore,Hyderabad",https://www.instahyre.com/job-440451-sap-pp-qm-consultant-at-snap-bangalore-hyderabad/,INSTAHYRE
Slipstream Life Sciences,Veeva CRM Consultant,Work From Home,https://www.instahyre.com/job-439424-veeva-crm-consultant-at-slipstream-life-sciences-work-from-home/,INSTAHYRE
Tata Consultancy Services,SAP R2R Implementation Lead,Bangalore,https://www.instahyre.com/job-441946-sap-r2r-implementation-lead-at-tata-consultancy-services-bangalore/,INSTAHYRE
Infosys BPM,Senior Business Consultant (Life Insurance),Pune,https://www.instahyre.com/job-434743-senior-business-consultant-life-insurance-at-infosys-bpm-pune/,INSTAHYRE
Finisar Corporation,Oracle SCM Techno Functional Consultant,Hyderabad,https://www.instahyre.com/job-441699-oracle-scm-techno-functional-consultant-at-finisar-corporation-hyderabad/,INSTAHYRE
Albertsons Companies,Senior Technical Project Specialist,Bangalore,https://www.instahyre.com/job-441243-senior-technical-project-specialist-at-albertsons-companies-bangalore/,INSTAHYRE
Accenture,Custom Software Engineer,"Bangalore,Gurgaon,Mumbai",https://www.instahyre.com/job-441130-custom-software-engineer-at-accenture-2-bangalore-gurgaon-mumbai/,INSTAHYRE
Accenture,SAP EWM Consultant,"Bangalore,Kolkata,Pune",https://www.instahyre.com/job-441115-sap-ewm-consultant-at-accenture-2-bangalore-kolkata-pune/,INSTAHYRE
Samsung,Sr. Business Systems Analyst - SAP EWM,"Delhi,Gurgaon,Noida",https://www.instahyre.com/job-441123-sr-business-systems-analyst-sap-ewm-at-samsung-delhi-gurgaon-noida/,INSTAHYRE
Roche,ERP Business Analyst,Hyderabad,https://www.instahyre.com/job-440813-erp-business-analyst-at-roche-hyderabad/,INSTAHYRE
Dify,Workflow Implementation Manager,Bangalore,https://www.instahyre.com/job-426974-workflow-implementation-manager-at-dify-bangalore/,INSTAHYRE
Chegg,Business System Analyst,Delhi,https://www.instahyre.com/job-424466-business-system-analyst-at-chegg-delhi/,INSTAHYRE
Snap,SAP ABAP Developer,"Bangalore,Chennai,Hyderabad",https://www.instahyre.com/job-437004-sap-abap-developer-at-snap-bangalore-chennai-hyderabad/,INSTAHYRE
Cognizant,Workday Functional Consultant,"Bangalore,Chennai,Pune",https://www.instahyre.com/job-434452-workday-functional-consultant-at-cognizant-bangalore-chennai-pune/,INSTAHYRE
Syensqo,Application Management Specialist - Successfactors,Pune,https://www.instahyre.com/job-440937-application-management-specialist-successfactors-at-syensqo-pune/,INSTAHYRE
Airtribe,Implementation Consultant,Bangalore,https://www.instahyre.com/job-417967-implementation-consultant-at-airtribe-2-bangalore/,INSTAHYRE
Armanino,Senior Functional Consultant D365 (Finance),"Hyderabad,Pune",https://www.instahyre.com/job-440222-senior-functional-consultant-d365-finance-at-armanino-hyderabad-pune/,INSTAHYRE
MUFG,Business Analyst - Payments Domain,Bangalore,https://www.instahyre.com/job-440705-business-analyst-payments-domain-at-mufg-bangalore/,INSTAHYRE
Accellor,Senior Business Analyst - Salesforce,Hyderabad,https://www.instahyre.com/job-440229-senior-business-analyst-salesforce-at-accellor-3-hyderabad/,INSTAHYRE
Accellor,Salesforce Business Analyst,Hyderabad,https://www.instahyre.com/job-440250-salesforce-business-analyst-at-accellor-3-hyderabad/,INSTAHYRE
Snap,Data Governance Consultant,"Bangalore,Gurgaon,Hyderabad",https://www.instahyre.com/job-438810-data-governance-consultant-at-snap-bangalore-gurgaon-hyderabad/,INSTAHYRE
Accenture,Deployment Lead - SAP Vendor Invoice,Bangalore,https://www.instahyre.com/job-439025-deployment-lead-sap-vendor-invoice-at-accenture-2-bangalore/,INSTAHYRE
KPMG,SAP PM Consultant,Mumbai,https://www.instahyre.com/job-438920-sap-pm-consultant-at-kpmg-2-mumbai/,INSTAHYRE
Miracle Software Systems,SAP FI / ABAP Support Consultant,"Hyderabad,Visakhapatnam",https://www.instahyre.com/job-438219-sap-fi-abap-support-consultant-at-miracle-software-systems-hyderabad-visakhapatnam/,INSTAHYRE
HDFC Credila Financial Services,Product Manager - Lending Solutions,Mumbai,https://www.instahyre.com/job-438046-product-manager-lending-solutions-at-hdfc-credila-financial-services-2-mumbai/,INSTAHYRE
Infosys BPM,SAP ABAP Consultant,Pune,https://www.instahyre.com/job-438343-sap-abap-consultant-at-infosys-bpm-pune/,INSTAHYRE
Newron,Business Analyst - AI Lending Platform,Bangalore,https://www.instahyre.com/job-435578-business-analyst-ai-lending-platform-at-newron-bangalore/,INSTAHYRE
Miracle Software Systems,SAP FICO Consultant,"Hyderabad,Visakhapatnam",https://www.instahyre.com/job-438189-sap-fico-consultant-at-miracle-software-systems-hyderabad-visakhapatnam/,INSTAHYRE
HCL Enterprise,Oracle Fusion SCM Consultant,"Bangalore,Chennai",https://www.instahyre.com/job-436778-oracle-fusion-scm-consultant-at-hcl-enterprise-bangalore-chennai/,INSTAHYRE
Accenture,Deployment Lead,Bangalore,https://www.instahyre.com/job-437832-deployment-lead-at-accenture-2-bangalore/,INSTAHYRE
Cognizant,SAP SuccessFactors Consultant,"Bangalore,Chennai,Hyderabad",https://www.instahyre.com/job-429878-sap-successfactors-consultant-at-cognizant-bangalore-chennai-hyderabad/,INSTAHYRE
Alfazance Consulting,Technical Consultant - Msd365 F&O,"Delhi,Noida",https://www.instahyre.com/job-435253-technical-consultant-msd365-fo-at-alfazance-consulting-delhi-noida/,INSTAHYRE
Tata Consultancy Services,Consultant,Mumbai,https://www.instahyre.com/job-436834-consultant-at-tata-consultancy-services-mumbai/,INSTAHYRE
ABC,Analyst - Salesforce,Bangalore,https://www.instahyre.com/job-435504-analyst-salesforce-at-abc-10-bangalore/,INSTAHYRE
Klimb.io,Corporate Credit Analyst,"Abu Dhabi,Dubai",https://www.instahyre.com/job-434304-corporate-credit-analyst-at-klimb-abu-dhabi-dubai/,INSTAHYRE
Huron,Workday Integration Specialist,Bangalore,https://www.instahyre.com/job-433808-workday-integration-specialist-at-huron-bangalore/,INSTAHYRE
Avon Quality Management,Computer System Validation Specialist,Delhi,https://www.instahyre.com/job-362449-computer-system-validation-specialist-at-avon-quality-management-delhi/,INSTAHYRE
Accenture,MS Dynamics Consultant,"Bangalore,Hyderabad,Mumbai",https://www.instahyre.com/job-434239-ms-dynamics-consultant-at-accenture-2-bangalore-hyderabad-mumbai/,INSTAHYRE
Creatif Technologies,ERP Functional Consultant,Navi Mumbai,https://www.instahyre.com/job-431395-erp-functional-consultant-at-creatif-technologies-navi-mumbai/,INSTAHYRE
Sterlite Technologies,SAP MM Consultant,Mumbai,https://www.instahyre.com/job-433822-sap-mm-consultant-at-sterlite-technologies-mumbai/,INSTAHYRE
MOBEDO Consulting,SAP FI Consultant,Hyderabad,https://www.instahyre.com/job-433663-sap-fi-consultant-at-mobedo-consulting-hyderabad/,INSTAHYRE
EngiNeo Solutions,Implementation Consultant (Travel & Expenses),Gurgaon,https://www.instahyre.com/job-431924-implementation-consultant-travel-expenses-at-engineo-solutions-gurgaon/,INSTAHYRE
Virtuoso Consulting & Technology,SAP CRM IS - U Consultant,"Hyderabad,Noida",https://www.instahyre.com/job-431491-sap-crm-is-u-consultant-at-virtuoso-consulting-technology-hyderabad-noida/,INSTAHYRE
NeoSOFT Technologies,Business Analyst,Thane,https://www.instahyre.com/job-431554-business-analyst-at-neosoft-technologies-thane/,INSTAHYRE
Snap,Associate Consultant - SAP Successfators Onboarding,Work From Home,https://www.instahyre.com/job-427736-associate-consultant-sap-successfators-onboarding-at-snap-work-from-home/,INSTAHYRE
Biyani Technologies,SAGE X3 Functional Analyst - O2C,"Bangalore,Hyderabad",https://www.instahyre.com/job-427728-sage-x3-functional-analyst-o2c-at-biyani-technologies-bangalore-hyderabad/,INSTAHYRE
Tata Consultancy Services,SAP Finance and Procurement Specialist - AI,Work From Home,https://www.instahyre.com/job-431369-sap-finance-and-procurement-specialist-ai-at-tata-consultancy-services-work-from-home/,INSTAHYRE
Accenture,Genesys Consultant,"Bangalore,Gurgaon,Pune",https://www.instahyre.com/job-430589-genesys-consultant-at-accenture-2-bangalore-gurgaon-pune/,INSTAHYRE
ACL Digital,Oracle EBS Functional Consultant,"Bangalore,Hyderabad",https://www.instahyre.com/job-429748-oracle-ebs-functional-consultant-at-acl-digital-bangalore-hyderabad/,INSTAHYRE
BDO,Microsoft D365 F&O & SCM Functional Consultant,"Bangalore,Hyderabad",https://www.instahyre.com/job-409216-microsoft-d365-fo-scm-functional-consultant-at-bdo-2-bangalore-hyderabad/,INSTAHYRE
ACL Digital,SAP FICO Consultant,Bangalore,https://www.instahyre.com/job-427651-sap-fico-consultant-at-acl-digital-bangalore/,INSTAHYRE
Raha,Product Owner,Hyderabad,https://www.instahyre.com/job-424498-product-owner-at-raha-hyderabad/,INSTAHYRE
ACL Digital,SAP MM Consultant,Bangalore,https://www.instahyre.com/job-427413-sap-mm-consultant-at-acl-digital-bangalore/,INSTAHYRE
Lumendata,Informatica MDM Saas Consultant,Bangalore,https://www.instahyre.com/job-425310-informatica-mdm-saas-consultant-at-lumendata-bangalore/,INSTAHYRE
ACL Digital,Microsoft Dynamic 365 Central Functional Consultant,Bangalore,https://www.instahyre.com/job-425790-microsoft-dynamic-365-central-functional-consultant-at-acl-digital-bangalore/,INSTAHYRE
KPMG,SAP CO Consultant,Bangalore,https://www.instahyre.com/job-425853-sap-co-consultant-at-kpmg-2-bangalore/,INSTAHYRE
Flipkart,Technical Architect,Bangalore,https://www.instahyre.com/job-415127-technical-architect-at-flipkart-bangalore/,INSTAHYRE
DataArt,Accessibility QA Engineer,Hyderabad,https://www.instahyre.com/job-445312-accessibility-qa-engineer-at-dataart-hyderabad/,INSTAHYRE
Infosys BPM,Technical Support Engineer - Adobe,Bangalore,https://www.instahyre.com/job-445479-technical-support-engineer-adobe-at-infosys-bpm-bangalore/,INSTAHYRE
Tata Consultancy Services,SSDLC Manager,Navi Mumbai,https://www.instahyre.com/job-445809-ssdlc-manager-at-tata-consultancy-services-navi-mumbai/,INSTAHYRE
Tata Consultancy Services,Backend Developer,Bangalore,https://www.instahyre.com/job-445324-backend-developer-at-tata-consultancy-services-bangalore/,INSTAHYRE
Accenture,Application Support Engineer - Cloud Vertex AI,Bangalore,https://www.instahyre.com/job-444112-application-support-engineer-cloud-vertex-ai-at-accenture-2-bangalore/,INSTAHYRE
Aperam,Identity Access Management Lead,Hyderabad,https://www.instahyre.com/job-445088-identity-access-management-lead-at-aperam-hyderabad/,INSTAHYRE
ShortLoop,Forward Deployed Engineer,Bangalore,https://www.instahyre.com/job-443489-forward-deployed-engineer-at-shortloop-bangalore/,INSTAHYRE
ShortLoop,Forward Deployed Engineer,Bangalore,https://www.instahyre.com/job-443934-forward-deployed-engineer-at-shortloop-bangalore/,INSTAHYRE
NICE,AI Chatbots Engineer,Pune,https://www.instahyre.com/job-445692-ai-chatbots-engineer-at-nice-pune/,INSTAHYRE
Flipkart,Forward Deployed Engineer,Bangalore,https://www.instahyre.com/job-440738-forward-deployed-engineer-at-flipkart-bangalore/,INSTAHYRE
Snap,SAP EWM Technical Consultant,"Bangalore,Chennai,Hyderabad",https://www.instahyre.com/job-445512-sap-ewm-technical-consultant-at-snap-bangalore-chennai-hyderabad/,INSTAHYRE
Marlabs,Oracle APEX Developer,Bangalore,https://www.instahyre.com/job-445448-oracle-apex-developer-at-marlabs-bangalore/,INSTAHYRE
WaayuPay,Software Engineer,Bangalore,https://www.instahyre.com/job-444114-software-engineer-at-waayupay-bangalore/,INSTAHYRE
Nike,Principal Information Security Engineer,Bangalore,https://www.instahyre.com/job-444864-principal-information-security-engineer-at-nike-bangalore/,INSTAHYRE
Seekfactory,Sales Engineer - Trainee,Delhi,https://www.instahyre.com/job-444527-sales-engineer-trainee-internship-at-seekfactory-delhi/,INSTAHYRE
Planview,Sr. Managed Services Consultant I - PPM,Bangalore,https://www.instahyre.com/job-442121-sr-managed-services-consultant-i-ppm-at-planview-bangalore/,INSTAHYRE
CashFlo,SAP Project Manager,"Mumbai,Work From Home",https://www.instahyre.com/job-440514-sap-project-manager-at-cashflo-mumbai-work-from-home/,INSTAHYRE
Mobile Programming,Senior Salesforce Developer,"Bangalore,Hyderabad,Mumbai",https://www.instahyre.com/job-445203-senior-salesforce-developer-at-mobile-programming-2-bangalore-hyderabad-mumbai/,INSTAHYRE
Persistence,Forward Deployed Engineer,Bangalore,https://www.instahyre.com/job-445253-forward-deployed-engineer-at-persistence-bangalore/,INSTAHYRE
Klimb.io,Customer Success Manager,"Bangalore,Pune",https://www.instahyre.com/job-439967-customer-success-manager-at-klimb-bangalore-pune/,INSTAHYRE
Engineering Square,Salesforce Developer,Hyderabad,https://www.instahyre.com/job-445307-salesforce-developer-at-engineering-square-hyderabad/,INSTAHYRE
Enable Technologies,Implementation Engineer,Work From Home,https://www.instahyre.com/job-442457-implementation-engineer-at-enable-technologies-work-from-home/,INSTAHYRE
WonDRx,Technical Product Manager,Mumbai,https://www.instahyre.com/job-445000-technical-product-manager-at-wondrx-mumbai/,INSTAHYRE
Timepay.ai,Forward Deployment Engineer,"Bangalore,Mumbai,Work From Home",https://www.instahyre.com/job-442269-forward-deployment-engineer-at-timepay-3-bangalore-mumbai-work-from-home/,INSTAHYRE
GreyLabs AI,FDE Lead,Mumbai,https://www.instahyre.com/job-444803-fde-lead-at-greylabs-ai-mumbai/,INSTAHYRE
Airowire Networks,Presales Executive,Delhi,https://www.instahyre.com/job-444804-presales-executive-at-airowire-networks-delhi/,INSTAHYRE
Piramal Finance Limited,Technical Program Manager II,Mumbai,https://www.instahyre.com/job-424745-technical-program-manager-ii-at-piramal-finance-limited-mumbai/,INSTAHYRE
SymphonyAI,AI Engineer,Bangalore,https://www.instahyre.com/job-436755-ai-engineer-at-symphonyai-bangalore/,INSTAHYRE
Wooqer,Product Manager,Bangalore,https://www.instahyre.com/job-442434-product-manager-at-wooqer-2-bangalore/,INSTAHYRE
Accenture,SnapLogic Developer,"Chennai,Delhi,Hyderabad",https://www.instahyre.com/job-444724-snaplogic-developer-at-accenture-2-chennai-delhi-hyderabad/,INSTAHYRE
Accenture,Technical Lead - ServiceNow,"Bangalore,Gurgaon,Hyderabad",https://www.instahyre.com/job-444557-technical-lead-servicenow-at-accenture-2-bangalore-gurgaon-hyderabad/,INSTAHYRE
HackerRank,Customer Experience Engineer - L1 / L2,Bangalore,https://www.instahyre.com/job-441587-customer-experience-engineer-l1-l2-at-hackerrank-bangalore/,INSTAHYRE
IDFC FIRST Bank,Lead Business Analyst,Mumbai,https://www.instahyre.com/job-423816-lead-business-analyst-at-idfc-first-bank-mumbai/,INSTAHYRE
ZOOP,Key Account Manager (Data & Market Intelligence),Pune,https://www.instahyre.com/job-444256-key-account-manager-data-market-intelligence-at-zoop-pune/,INSTAHYRE
Accenture,AI LLM Technology Architecture Manager,"Bangalore,Gurgaon,Pune",https://www.instahyre.com/job-444251-ai-llm-technology-architecture-manager-at-accenture-2-bangalore-gurgaon-pune/,INSTAHYRE
Accenture,AI Architect Consultant,"Bangalore,Gurgaon,Hyderabad",https://www.instahyre.com/job-443194-ai-architect-consultant-at-accenture-2-bangalore-gurgaon-hyderabad/,INSTAHYRE
Infosys,Solution Integrator - IMS,"Bangalore,Gurgaon,Noida",https://www.instahyre.com/job-444400-solution-integrator-ims-at-infosys-4-bangalore-gurgaon-noida/,INSTAHYRE
Olive Intelligence,Senior DPDP Consultant,Hyderabad,https://www.instahyre.com/job-443832-senior-dpdp-consultant-at-olive-intelligence-hyderabad/,INSTAHYRE
Infosys,SAP Basis Consultant,"Bangalore,Chennai,Pune",https://www.instahyre.com/job-442885-sap-basis-consultant-at-infosys-4-bangalore-chennai-pune/,INSTAHYRE
Infosys,SAP Basis Consultant,"Bangalore,Chennai,Hyderabad",https://www.instahyre.com/job-433381-sap-basis-consultant-at-infosys-4-bangalore-chennai-hyderabad/,INSTAHYRE
DataNimbus,Data Architect,Work From Home,https://www.instahyre.com/job-438496-data-architect-at-datanimbus-work-from-home/,INSTAHYRE
Atoll Solutions,Technical Sales Engineer,Bangalore,https://www.instahyre.com/job-441685-technical-sales-engineer-at-atoll-solutions-bangalore/,INSTAHYRE
Pegasystems,Senior / Lead Technical Architect,Bangalore,https://www.instahyre.com/job-431886-senior-lead-technical-architect-at-pegasystems-2-bangalore/,INSTAHYRE
Accenture,Deployment Lead,"Bangalore,Chennai,Hyderabad",https://www.instahyre.com/job-443982-deployment-lead-at-accenture-2-bangalore-chennai-hyderabad/,INSTAHYRE
VinChip Systems,IP Sales Engineer,Chennai,https://www.instahyre.com/job-417768-ip-sales-engineer-at-vinchip-systems-chennai/,INSTAHYRE
FreJun,Strategic Partnerships Associate,Work From Home,https://www.instahyre.com/job-442076-strategic-partnerships-associate-at-frejun-work-from-home/,INSTAHYRE
WorkOnGrid,Data Analyst,Bangalore,https://www.instahyre.com/job-287635-data-analyst-at-workongrid-bangalore/,INSTAHYRE
Zepto,Microsoft Dynamics 365 Consultant,Bangalore,https://www.instahyre.com/job-443837-microsoft-dynamics-365-consultant-at-zepto-bangalore/,INSTAHYRE
Zingly,Senior Solutions Architect,Bangalore,https://www.instahyre.com/job-443651-senior-solutions-architect-at-zingly-bangalore/,INSTAHYRE
Gsoft Cloud,Business Development Manager,"Bangalore,Chennai,Kochi",https://www.instahyre.com/job-443386-business-development-manager-at-gsoft-cloud-bangalore-chennai-kochi/,INSTAHYRE
GoComet,Fullstack AI Engineer,"Bangalore,Noida",https://www.instahyre.com/job-422266-fullstack-ai-engineer-at-gocomet-3-bangalore-noida/,INSTAHYRE
Infosys BPM,NFVI Integration Engineer,"Gurgaon,Noida",https://www.instahyre.com/job-443692-nfvi-integration-engineer-at-infosys-bpm-gurgaon-noida/,INSTAHYRE
NuPlay AI,Lead Enterprise Delivery Engineer,Bangalore,https://www.instahyre.com/job-443433-lead-enterprise-delivery-engineer-at-nuplay-ai-bangalore/,INSTAHYRE
SquadStack.ai,AI Product Engineer,Noida,https://www.instahyre.com/job-441903-ai-product-engineer-at-squadstack-noida/,INSTAHYRE
Accenture,Custom Software Engineer,Bangalore,https://www.instahyre.com/job-443376-custom-software-engineer-at-accenture-2-bangalore/,INSTAHYRE
KodeKloud,Technical Content Engineer,Work From Home,https://www.instahyre.com/job-435277-technical-content-engineer-at-kodekloud-work-from-home/,INSTAHYRE
DataNimbus,Senior Data Engineer - Databricks,Bangalore,https://www.instahyre.com/job-439797-senior-data-engineer-databricks-at-datanimbus-bangalore/,INSTAHYRE
HackerRank,Customer Experience Engineer,Bangalore,https://www.instahyre.com/job-441423-customer-experience-engineer-at-hackerrank-bangalore/,INSTAHYRE
Accenture,Deployment Lead - Workday Integration,Hyderabad,https://www.instahyre.com/job-443401-deployment-lead-workday-integration-at-accenture-2-hyderabad/,INSTAHYRE
NuPlay AI,Solution Consultant,Bangalore,https://www.instahyre.com/job-443434-solution-consultant-at-nuplay-ai-bangalore/,INSTAHYRE
Wonderful,Forward Deployed Engineer,"Bangalore,Mumbai",https://www.instahyre.com/job-441216-forward-deployed-engineer-at-wonderful-bangalore-mumbai/,INSTAHYRE
GreyOrange,Senior Software Implementation Engineer,Bangalore,https://www.instahyre.com/job-442421-senior-software-implementation-engineer-at-greyorange-2-bangalore/,INSTAHYRE
Accenture,Custom Software Engineer,Bangalore,https://www.instahyre.com/job-442984-custom-software-engineer-at-accenture-2-bangalore/,INSTAHYRE
Accenture,Genesys Manager,"Bangalore,Gurgaon,Mumbai",https://www.instahyre.com/job-442985-genesys-manager-at-accenture-2-bangalore-gurgaon-mumbai/,INSTAHYRE
Accenture,Solution Design Manager - Genesys Agentic AI,"Bangalore,Gurgaon,Pune",https://www.instahyre.com/job-442973-solution-design-manager-genesys-agentic-ai-at-accenture-2-bangalore-gurgaon-pune/,INSTAHYRE
Accenture,Amazon Connect Consultant,"Bangalore,Gurgaon,Mumbai",https://www.instahyre.com/job-434215-amazon-connect-consultant-at-accenture-2-bangalore-gurgaon-mumbai/,INSTAHYRE
Accenture,Custom Software Engineer,Bangalore,https://www.instahyre.com/job-442762-custom-software-engineer-at-accenture-2-bangalore/,INSTAHYRE
Kore.ai,Forward Deployement Engineer,"Bangalore,Mumbai",https://www.instahyre.com/job-441336-forward-deployement-engineer-at-kore-bangalore-mumbai/,INSTAHYRE
Wonderful,Forward Deployed Engineer (AI),"Bangalore,Mumbai",https://www.instahyre.com/job-437217-forward-deployed-engineer-ai-at-wonderful-bangalore-mumbai/,INSTAHYRE
GreyOrange,Senior Software Implementation Engineer,Bangalore,https://www.instahyre.com/job-442143-senior-software-implementation-engineer-at-greyorange-2-bangalore/,INSTAHYRE
Cognizant,Vistex V4 Consultant - SAP,"Hyderabad,Kolkata,Pune",https://www.instahyre.com/job-430537-vistex-v4-consultant-sap-at-cognizant-hyderabad-kolkata-pune/,INSTAHYRE
Wissen Technology,RPA Developer - Automation Anywhere,Bangalore,https://www.instahyre.com/job-432513-rpa-developer-automation-anywhere-at-wissen-technology-bangalore/,INSTAHYRE
Samsung,Senior Developer - Microsoft Dynamics CE,Delhi,https://www.instahyre.com/job-441108-senior-developer-microsoft-dynamics-ce-at-samsung-delhi/,INSTAHYRE
Accenture,DevOps Engineer,"Bangalore,Chennai,Hyderabad",https://www.instahyre.com/job-442293-devops-engineer-at-accenture-2-bangalore-chennai-hyderabad/,INSTAHYRE
SeedlingLabs,Project Manager,Bangalore,https://www.instahyre.com/job-437855-project-manager-at-seedlinglabs-bangalore/,INSTAHYRE
The Agency Fund,Technical Product Manager,Work From Home,https://www.instahyre.com/job-439680-technical-product-manager-at-the-agency-fund-work-from-home/,INSTAHYRE
Adobe,Technical Support Consultant,Noida,https://www.instahyre.com/job-367791-technical-support-consultant-at-adobe-noida/,INSTAHYRE
GreyOrange,Senior Software Implementation Engineer,Bangalore,https://www.instahyre.com/job-442149-senior-software-implementation-engineer-at-greyorange-2-bangalore/,INSTAHYRE
Arintra,Security Lead,Bangalore,https://www.instahyre.com/job-436947-security-lead-at-arintra-bangalore/,INSTAHYRE
American Airlines,QE Consultant,Hyderabad,https://www.instahyre.com/job-442090-qe-consultant-at-american-airlines-hyderabad/,INSTAHYRE
Accenture,Digital Project Management Executive,Mumbai,https://www.instahyre.com/job-445707-digital-project-management-executive-at-accenture-2-mumbai/,INSTAHYRE
Truva,Social Media Manager,Mumbai,https://www.instahyre.com/job-433266-social-media-manager-at-truva-mumbai/,INSTAHYRE
iCureIN Healthtech,Marketing & Business Development Manager,Dehradun,https://www.instahyre.com/job-445495-marketing-business-development-manager-at-icurein-healthtech-dehradun/,INSTAHYRE
Baxture,US Marketing Associate - (SaaS Sales),Pune,https://www.instahyre.com/job-441882-us-marketing-associate-saas-sales-at-baxture-pune/,INSTAHYRE
Truva,Social Media Manager,Bangalore,https://www.instahyre.com/job-439276-social-media-manager-at-truva-bangalore/,INSTAHYRE
Gumlet,Performance Marketing Specialist,Bangalore,https://www.instahyre.com/job-441606-performance-marketing-specialist-at-gumlet-bangalore/,INSTAHYRE
Gameberry Labs,Performance Marketing Manager,Bangalore,https://www.instahyre.com/job-437542-performance-marketing-manager-at-gameberry-labs-bangalore/,INSTAHYRE
Pavans Group,Digital Marketing and SEO Specialist,Vadodara,https://www.instahyre.com/job-445193-digital-marketing-and-seo-specialist-at-pavans-group-vadodara/,INSTAHYRE
Accenture,Performance Marketing Manager - B2B / B2C Sales,"Bangalore,Hyderabad,Pune",https://www.instahyre.com/job-445201-performance-marketing-manager-b2b-b2c-sales-at-accenture-2-bangalore-hyderabad-pune/,INSTAHYRE
Accenture,Inside Sales Representative,"Bangalore,Chennai,Hyderabad",https://www.instahyre.com/job-445254-inside-sales-representative-at-accenture-2-bangalore-chennai-hyderabad/,INSTAHYRE
RedCube Digital Media,Senior Social Media Executive,Delhi,https://www.instahyre.com/job-442210-senior-social-media-executive-at-redcube-digital-media-delhi/,INSTAHYRE
Ultraviolette Automotive,Senior Executive - Social Media (International),Bangalore,https://www.instahyre.com/job-444286-senior-executive-social-media-international-at-ultraviolette-automotive-bangalore/,INSTAHYRE
Advance Technologies,SEO & Digital Marketing Associate,Bangalore,https://www.instahyre.com/job-442906-seo-digital-marketing-associate-at-advance-technologies-bangalore/,INSTAHYRE
Grip Invest,Digital Marketing Manager,Work From Home,https://www.instahyre.com/job-444844-digital-marketing-manager-at-grip-invest-work-from-home/,INSTAHYRE
ZenStatement,Content Marketer,Bangalore,https://www.instahyre.com/job-409061-content-marketer-at-zenstatement-bangalore/,INSTAHYRE
Dentsu Creative,Business Development Manager,Pune,https://www.instahyre.com/job-440462-business-development-manager-at-dentsu-creative-pune/,INSTAHYRE
BukuWarung,Growth Marketing Lead,"Bangalore,Delhi,Mumbai",https://www.instahyre.com/job-444459-growth-marketing-lead-at-bukuwarung-bangalore-delhi-mumbai/,INSTAHYRE
Ditto Insurance,Copy Writer,Bangalore,https://www.instahyre.com/job-444644-copy-writer-at-ditto-insurance-bangalore/,INSTAHYRE
Truva,Performance Marketing Manager,Mumbai,https://www.instahyre.com/job-430782-performance-marketing-manager-at-truva-mumbai/,INSTAHYRE
Nuvoretail Enlytical Technologies,E - Commerce Team Lead,Delhi,https://www.instahyre.com/job-444200-e-commerce-team-lead-at-nuvoretail-enlytical-technologies-delhi/,INSTAHYRE
Marzi by Primus,Brand & Content Manager,Bangalore,https://www.instahyre.com/job-444356-brand-content-manager-at-marzi-by-primus-bangalore/,INSTAHYRE
Publive,Marketing Specialist,Gurgaon,https://www.instahyre.com/job-440118-marketing-specialist-at-publive-gurgaon/,INSTAHYRE
Kenovate Solutions,Ecommerce Executive (SEA),Gurgaon,https://www.instahyre.com/job-443318-ecommerce-executive-sea-at-kenovate-solutions-gurgaon/,INSTAHYRE
Maino.ai,Assistant Manager - Performance Marketing,Bangalore,https://www.instahyre.com/job-441437-assistant-manager-performance-marketing-at-maino-bangalore/,INSTAHYRE
mandirvandana,Growth and Marketing Manager,Work From Home,https://www.instahyre.com/job-443215-growth-and-marketing-manager-at-mandirvandana-work-from-home/,INSTAHYRE
Traviyo,Digital Marketing Manager,Noida,https://www.instahyre.com/job-430989-digital-marketing-manager-at-traviyo-noida/,INSTAHYRE
Big Rattle Technologies,Digital Marketing Executive,Mumbai,https://www.instahyre.com/job-441629-digital-marketing-executive-at-big-rattle-technologies-mumbai/,INSTAHYRE
AdYogi,Sr. Performance Marketing Associate,Bangalore,https://www.instahyre.com/job-424049-sr-performance-marketing-associate-at-adyogi-bangalore/,INSTAHYRE
D Mentors Dance Company,Video Editor & Content Creator,Bangalore,https://www.instahyre.com/job-443108-video-editor-content-creator-internship-at-d-mentors-dance-company-bangalore/,INSTAHYRE
Digituall,Sales Associate,Bhubaneshwar,https://www.instahyre.com/job-440723-sales-associate-at-digituall-bhubaneshwar/,INSTAHYRE
Affinity Wealth Management,Performance Marketer,"Bangalore,Delhi,Work From Home",https://www.instahyre.com/job-441046-performance-marketer-at-affinity-wealth-management-bangalore-delhi-work-from-home/,INSTAHYRE
AppViewX,Sr. Product Marketing Manager,"Bangalore,Work From Home",https://www.instahyre.com/job-442137-sr-product-marketing-manager-at-appviewx-bangalore-work-from-home/,INSTAHYRE
MagTapp Technologies,Growth Manager,Bangalore,https://www.instahyre.com/job-439071-growth-manager-at-magtapp-technologies-bangalore/,INSTAHYRE
Entain India,Product Manager - Adtech,Hyderabad,https://www.instahyre.com/job-423867-product-manager-adtech-at-entain-india-hyderabad/,INSTAHYRE
Accenture,Salesforce Marketing Cloud Lead,"Bangalore,Delhi,Noida",https://www.instahyre.com/job-442569-salesforce-marketing-cloud-lead-at-accenture-2-bangalore-delhi-noida/,INSTAHYRE
Aspire Proptech,Social Media Specialist,"Bangalore,Work From Home",https://www.instahyre.com/job-341816-social-media-specialist-at-aspire-proptech-2-bangalore-work-from-home/,INSTAHYRE
EFY Group,Search & Content Performance Lead,Delhi,https://www.instahyre.com/job-439151-search-content-performance-lead-at-efy-group-delhi/,INSTAHYRE
Tacnik Technology,Creative Copywriter,Mumbai,https://www.instahyre.com/job-442364-creative-copywriter-at-tacnik-technology-mumbai/,INSTAHYRE
ixigo,Content Writer,Hyderabad,https://www.instahyre.com/job-442490-content-writer-internship-at-ixigo-hyderabad/,INSTAHYRE
EFY Group,Audience Engagement Lead,Delhi,https://www.instahyre.com/job-439153-audience-engagement-lead-at-efy-group-delhi/,INSTAHYRE
Agaram Technologies,Pre - Sales Executive,Chennai,https://www.instahyre.com/job-439649-pre-sales-executive-at-agaram-technologies-chennai/,INSTAHYRE
JustBaat.AI,Business Development Manager,Gurgaon,https://www.instahyre.com/job-440109-business-development-manager-at-justbaat-gurgaon/,INSTAHYRE
Infrasity,Reddit Associate,Delhi,https://www.instahyre.com/job-441367-reddit-associate-at-infrasity-delhi/,INSTAHYRE
KuberBox,E - Commerce Catalogue Operations Executive,Jaipur,https://www.instahyre.com/job-89325-e-commerce-catalogue-operations-executive-at-kuberbox-jaipur/,INSTAHYRE
Digital Info India,Performance Marketer,"Delhi,Gurgaon",https://www.instahyre.com/job-441136-performance-marketer-at-digital-info-india-delhi-gurgaon/,INSTAHYRE
Northstar Digital,SEO & AEO Manager,Work From Home,https://www.instahyre.com/job-441743-seo-aeo-manager-at-northstar-digital-work-from-home/,INSTAHYRE
Gumlet,Digital Marketing Manager,Bangalore,https://www.instahyre.com/job-441598-digital-marketing-manager-at-gumlet-bangalore/,INSTAHYRE
Articore Group,Performance Marketing Manager (Shopping and Search Campaign),Gurgaon,https://www.instahyre.com/job-440352-performance-marketing-manager-shopping-and-search-campaign-at-articore-group-gurgaon/,INSTAHYRE
Indian Terrain Fashions,Performance Marketing Lead,Chennai,https://www.instahyre.com/job-440597-performance-marketing-lead-at-indian-terrain-fashions-chennai/,INSTAHYRE
St. Fox,Sr. Lead AI Growth Manager,Pune,https://www.instahyre.com/job-429584-sr-lead-ai-growth-manager-at-st-3-pune/,INSTAHYRE
NeuralGarage,Business Head - Growth & Digital Marketing,Bangalore,https://www.instahyre.com/job-438751-business-head-growth-digital-marketing-at-neuralgarage-bangalore/,INSTAHYRE
Articore Group,Performance Marketing Manager,Gurgaon,https://www.instahyre.com/job-440343-performance-marketing-manager-at-articore-group-gurgaon/,INSTAHYRE
Deutsche Telekom Digital Labs,Group Product Manager,Gurgaon,https://www.instahyre.com/job-422753-group-product-manager-at-deutsche-telekom-digital-labs-gurgaon/,INSTAHYRE
Moonfrog Labs,Senior Marketing Graphic Designer,Bangalore,https://www.instahyre.com/job-426874-senior-marketing-graphic-designer-at-moonfrog-labs-bangalore/,INSTAHYRE
Biz4Group,Assistant Manager,Jaipur,https://www.instahyre.com/job-440956-assistant-manager-at-biz4group-jaipur/,INSTAHYRE
First Web Development,SEO Executive,Jaipur,https://www.instahyre.com/job-292297-seo-executive-at-first-web-development-jaipur/,INSTAHYRE
Corpus,Growth and Content Generalist,Bangalore,https://www.instahyre.com/job-436536-growth-and-content-generalist-at-corpus-bangalore/,INSTAHYRE
CreditAccess Grameen,Performance Marketing Manager,Bangalore,https://www.instahyre.com/job-435357-performance-marketing-manager-at-creditaccess-grameen-bangalore/,INSTAHYRE
Prismforce,Demand Generation Executive (B2B),"Bangalore,Mumbai",https://www.instahyre.com/job-438253-demand-generation-executive-b2b-at-prismforce-bangalore-mumbai/,INSTAHYRE
Klimb.io,Product Marketing Manager,Mumbai,https://www.instahyre.com/job-436993-product-marketing-manager-at-klimb-mumbai/,INSTAHYRE
Trevel,Performance Marketing Manager,Gurgaon,https://www.instahyre.com/job-436464-performance-marketing-manager-at-trevel-gurgaon/,INSTAHYRE
Articore Group,Performance Marketing Analyst - Paid Social,Gurgaon,https://www.instahyre.com/job-437908-performance-marketing-analyst-paid-social-at-articore-group-gurgaon/,INSTAHYRE
Kontrah Labs,Performance Marketing Executive,Hubli,https://www.instahyre.com/job-440214-performance-marketing-executive-at-kontrah-labs-hubli/,INSTAHYRE
Nihilent,Performance Marketing Analyst,Bangalore,https://www.instahyre.com/job-440186-performance-marketing-analyst-at-nihilent-2-bangalore/,INSTAHYRE
Swiggy,Sr. Product Manager,Bangalore,https://www.instahyre.com/job-414902-sr-product-manager-at-swiggy-bangalore/,INSTAHYRE
Trevel,Performance Marketing Manager,Gurgaon,https://www.instahyre.com/job-433403-performance-marketing-manager-at-trevel-gurgaon/,INSTAHYRE
Reddway Hyperspace Systems,Performance Marketing & SEO Executive,Delhi,https://www.instahyre.com/job-434331-performance-marketing-seo-executive-at-reddway-hyperspace-systems-delhi/,INSTAHYRE
dataFloat,SEO Content Specialist,Mangalore,https://www.instahyre.com/job-439357-seo-content-specialist-at-datafloat-mangalore/,INSTAHYRE
Infosys,Techincal Consultant,"Bangalore,Hyderabad,Pune",https://www.instahyre.com/job-439058-techincal-consultant-at-infosys-4-bangalore-hyderabad-pune/,INSTAHYRE
Klimb.io,Technical SEO Expert,Work From Home,https://www.instahyre.com/job-438340-technical-seo-expert-at-klimb-work-from-home/,INSTAHYRE
GrowthSchool,Performance Marketing Manager,Bangalore,https://www.instahyre.com/job-421444-performance-marketing-manager-at-growthschool-bangalore/,INSTAHYRE
LeadFreak,Process Associate - LinkedIn Outreach,Jaipur,https://www.instahyre.com/job-372479-process-associate-linkedin-outreach-at-leadfreak-jaipur/,INSTAHYRE
Hindu Sacred Journeys,Digital Marketing Executive,"Dehradun,Haldwani",https://www.instahyre.com/job-438740-digital-marketing-executive-at-hindu-sacred-journeys-dehradun-haldwani/,INSTAHYRE
SigSigma,Organic Lead Generation Executive,Indore,https://www.instahyre.com/job-432496-organic-lead-generation-executive-at-sigsigma-indore/,INSTAHYRE
Securitas India,Inside Sales Lead,Gurgaon,https://www.instahyre.com/job-427127-inside-sales-lead-at-securitas-india-gurgaon/,INSTAHYRE
Truva,Valuation Analyst,Mumbai,https://www.instahyre.com/job-444599-valuation-analyst-at-truva-mumbai/,INSTAHYRE
Angel One,Wealth Management Associate,Gurgaon,https://www.instahyre.com/job-405578-wealth-management-associate-at-angel-one-gurgaon/,INSTAHYRE
Humyn Labs,Founding Member of GTM,Bangalore,https://www.instahyre.com/job-441707-founding-member-of-gtm-at-humyn-labs-bangalore/,INSTAHYRE
Rajneethi,Sales and Marketing Executive,"Gandhinagar,Panaji,Pune",https://www.instahyre.com/job-437393-sales-and-marketing-executive-at-rajneethi-gandhinagar-panaji-pune/,INSTAHYRE
MeeTri Infotech,Lead Generation Specialist,Delhi,https://www.instahyre.com/job-436614-lead-generation-specialist-at-meetri-infotech-delhi/,INSTAHYRE
Albertsons Companies,Digital Product Analyst II,Bangalore,https://www.instahyre.com/job-440996-digital-product-analyst-ii-at-albertsons-companies-bangalore/,INSTAHYRE
Delta,Senior Insights Specialist,Bangalore,https://www.instahyre.com/job-439949-senior-insights-specialist-at-delta-bangalore/,INSTAHYRE
Playsimple Games,UX Research Lead,Bangalore,https://www.instahyre.com/job-437901-ux-research-lead-at-playsimple-games-bangalore/,INSTAHYRE
ALLEN Digital,User Research Analyst,Bangalore,https://www.instahyre.com/job-438212-user-research-analyst-at-allen-digital-bangalore/,INSTAHYRE
Albertsons Companies,Senior Data Insight Analyst,Bangalore,https://www.instahyre.com/job-435669-senior-data-insight-analyst-at-albertsons-companies-bangalore/,INSTAHYRE
LeanSummits,Business Development Associate,Work From Home,https://www.instahyre.com/job-437860-business-development-associate-at-leansummits-work-from-home/,INSTAHYRE
Delta Air Lines,Senior Analytics Specialist,Bangalore,https://www.instahyre.com/job-437603-senior-analytics-specialist-at-delta-air-lines-bangalore/,INSTAHYRE
BuildForGeeks,BDE Intern,Delhi,https://www.instahyre.com/job-436505-bde-intern-internship-at-buildforgeeks-delhi/,INSTAHYRE
Hashtag Infosystem,SEO Executive,Surat,https://www.instahyre.com/job-428962-seo-executive-at-hashtag-infosystem-surat/,INSTAHYRE
Albertsons Companies,Senior Data Insight Analyst,Bangalore,https://www.instahyre.com/job-435295-senior-data-insight-analyst-at-albertsons-companies-bangalore/,INSTAHYRE
Diyos Infotech,Sales Executive,Hyderabad,https://www.instahyre.com/job-435887-sales-executive-at-diyos-infotech-hyderabad/,INSTAHYRE
Sketch Brahma Technologies,UX Researcher,Bangalore,https://www.instahyre.com/job-435711-ux-researcher-at-sketch-brahma-technologies-bangalore/,INSTAHYRE
TechChefz Digital,Business Development Intern,Noida,https://www.instahyre.com/job-434755-business-development-intern-internship-at-techchefz-digital-noida/,INSTAHYRE
Tata Capital,Sr. Relationship / Cluster Manager,"Bangalore,Chennai,Hyderabad",https://www.instahyre.com/job-433927-sr-relationship-cluster-manager-at-tata-capital-bangalore-chennai-hyderabad/,INSTAHYRE
Monsoon CreditTech,Digital Marketing Associate,Gurgaon,https://www.instahyre.com/job-431723-digital-marketing-associate-at-monsoon-credittech-gurgaon/,INSTAHYRE
Finch IT Solutions,Business Development Executive (Sales),Bangalore,https://www.instahyre.com/job-432683-business-development-executive-sales-internship-at-finch-it-solutions-bangalore/,INSTAHYRE
WowPe,Business Development Associate,Bangalore,https://www.instahyre.com/job-413360-business-development-associate-at-wowpe-bangalore/,INSTAHYRE
SS Innovations International,Management Trainee - Sales,Work From Home,https://www.instahyre.com/job-429583-management-trainee-sales-at-ss-innovations-international-work-from-home/,INSTAHYRE
Revv,Sr. Product Manager,Gurgaon,https://www.instahyre.com/job-426424-sr-product-manager-at-revv-gurgaon/,INSTAHYRE
Pearl,Senior Digital Marketing Analyst,Work From Home,https://www.instahyre.com/job-431264-senior-digital-marketing-analyst-at-pearl-work-from-home/,INSTAHYRE
BestoSys,Business Development Specialist,Pune,https://www.instahyre.com/job-413275-business-development-specialist-at-bestosys-pune/,INSTAHYRE
Climate Connect Digital,Growth & Outreach Specialist,Work From Home,https://www.instahyre.com/job-430730-growth-outreach-specialist-at-climate-connect-digital-work-from-home/,INSTAHYRE
Big Assets Infra,Growth Marketer,Bangalore,https://www.instahyre.com/job-430048-growth-marketer-at-big-assets-infra-bangalore/,INSTAHYRE
dataFloat,Customer Support Manager,Manipal,https://www.instahyre.com/job-428483-customer-support-manager-at-datafloat-manipal/,INSTAHYRE
G2,Senior SEO Specialist,Bangalore,https://www.instahyre.com/job-424317-senior-seo-specialist-at-g2-bangalore/,INSTAHYRE
Amazon Store,Category Marketing Manager - Electronics,Bangalore,https://www.instahyre.com/job-425314-category-marketing-manager-electronics-at-amazon-store-bangalore/,INSTAHYRE
Coreworks AI,Performance Marketing Manager,Bangalore,https://www.instahyre.com/job-419069-performance-marketing-manager-at-coreworks-ai-bangalore/,INSTAHYRE
ALLEN Digital,Senior User Researcher,Bangalore,https://www.instahyre.com/job-425677-senior-user-researcher-at-allen-digital-bangalore/,INSTAHYRE
CoverSure,Senior Performance Marketing Lead,Mumbai,https://www.instahyre.com/job-427640-senior-performance-marketing-lead-at-coversure-mumbai/,INSTAHYRE
Sukoon Health,Sales Data Analyst,"Bangalore,Delhi,Noida",https://www.instahyre.com/job-423072-sales-data-analyst-at-sukoon-health-bangalore-delhi-noida/,INSTAHYRE
LiteStore,Marketing Associate,Bangalore,https://www.instahyre.com/job-423365-marketing-associate-at-litestore-bangalore/,INSTAHYRE
Nibav Home Lifts,Business Development Manager,Bangalore,https://www.instahyre.com/job-419677-business-development-manager-at-nibav-home-lifts-bangalore/,INSTAHYRE
Agrim Wholesale,Business Analyst,Gurgaon,https://www.instahyre.com/job-415413-business-analyst-at-agrim-wholesale-gurgaon/,INSTAHYRE
Vijesha IT Services,Business Development Associate,Bangalore,https://www.instahyre.com/job-420782-business-development-associate-at-vijesha-it-services-bangalore/,INSTAHYRE
Qualhon Informatics,Business Development Trainee,Mohali,https://www.instahyre.com/job-423339-business-development-trainee-at-qualhon-informatics-mohali/,INSTAHYRE
EduFund,Sr. Research Analyst,"Ahmedabad,Mumbai,Pune",https://www.instahyre.com/job-422221-sr-research-analyst-at-edufund-ahmedabad-mumbai-pune/,INSTAHYRE
Fyield,Agribusiness Research & Operations Intern,Gurgaon,https://www.instahyre.com/job-445530-agribusiness-research-operations-intern-internship-at-fyield-gurgaon/,INSTAHYRE
Binocs.co,Associate Product Manager,Bangalore,https://www.instahyre.com/job-442713-associate-product-manager-at-binocs-2-bangalore/,INSTAHYRE
ACI Worldwide,Digital Product Analyst,Bangalore,https://www.instahyre.com/job-441009-digital-product-analyst-at-aci-worldwide-bangalore/,INSTAHYRE
Scaler Academy,Lead Marketing Analyst,Bangalore,https://www.instahyre.com/job-440367-lead-marketing-analyst-at-scaler-academy-bangalore/,INSTAHYRE
Money Forward,Bilateral Communication Specialist,"Chennai,Pune",https://www.instahyre.com/job-438073-bilateral-communication-specialist-at-money-forward-chennai-pune/,INSTAHYRE
ZeroHarm Sciences,Senior Google Ad Analyst (Ads | D2C),"Amaravati,Hyderabad,Visakhapatnam",https://www.instahyre.com/job-437159-senior-google-ad-analyst-ads-d2c-at-zeroharm-sciences-amaravati-hyderabad-visakhapatnam/,INSTAHYRE
ZeroHarm Sciences,Senior Meta Ad Analyst ( (Meta Ads D2C),Hyderabad,https://www.instahyre.com/job-437153-senior-meta-ad-analyst-meta-ads-d2c-at-zeroharm-sciences-hyderabad/,INSTAHYRE
ZeroHarm Sciences,"Flipkart Ad Specialist (D2C, Indian Market)",Hyderabad,https://www.instahyre.com/job-437152-flipkart-ad-specialist-d2c-indian-market-at-zeroharm-sciences-hyderabad/,INSTAHYRE
Trevel,Brand & Growth Manager,Gurgaon,https://www.instahyre.com/job-433374-brand-growth-manager-at-trevel-gurgaon/,INSTAHYRE
Decofice,Business Development Intern,Noida,https://www.instahyre.com/job-431817-business-development-intern-at-decofice-noida/,INSTAHYRE
Truva,Marketing Executive,"Mumbai,Work From Home",https://www.instahyre.com/job-431135-marketing-executive-at-truva-mumbai-work-from-home/,INSTAHYRE
Exponents Insta,Director - Marketing Strategy,Mumbai,https://www.instahyre.com/job-430834-director-marketing-strategy-at-exponents-insta-mumbai/,INSTAHYRE
Exponents Insta,Content Marketing Leader - B2B,Mumbai,https://www.instahyre.com/job-430797-content-marketing-leader-b2b-at-exponents-insta-mumbai/,INSTAHYRE
Delta Air Lines,Lead Analyst,Bangalore,https://www.instahyre.com/job-429914-lead-analyst-at-delta-air-lines-bangalore/,INSTAHYRE
Antinorm,Performance Marketing Manager,Delhi,https://www.instahyre.com/job-429356-performance-marketing-manager-at-antinorm-delhi/,INSTAHYRE
StepOut,Business Development Intern,Bangalore,https://www.instahyre.com/job-427420-business-development-intern-internship-at-stepout-bangalore/,INSTAHYRE
AlgoUniversity,Digital Marketing Manager,Hyderabad,https://www.instahyre.com/job-422213-digital-marketing-manager-at-algouniversity-2-hyderabad/,INSTAHYRE
