job_key,company,role,location,link,first_seen
"hdfc securities|product manager|mumbai, maharashtra, india",HDFC securities,Product Manager,"Mumbai, Maharashtra, India",https://in.linkedin.com/jobs/view/product-manager-at-hdfc-securities-4433053112?position=1&pageNum=0&refId=pd7N9mmnIkKrbDg24NNqlg%3D%3D&trackingId=BHtIy0R%2F1VBqB529oW7WoQ%3D%3D,2026-07-17
"meril|product manager|mumbai, maharashtra, india",Meril,Product Manager,"Mumbai, Maharashtra, India",https://in.linkedin.com/jobs/view/product-manager-at-meril-4430460012?position=2&pageNum=0&refId=pd7N9mmnIkKrbDg24NNqlg%3D%3D&trackingId=3vW6Kyj%2FWYsmbtIgYrSbaw%3D%3D,2026-07-17
"noon|product manager|gurugram, haryana, india",noon,Product Manager,"Gurugram, Haryana, India",https://in.linkedin.com/jobs/view/product-manager-at-noon-4434929862?position=4&pageNum=0&refId=pd7N9mmnIkKrbDg24NNqlg%3D%3D&trackingId=NR9EllI3pmEGbqW1dYIPlg%3D%3D,2026-07-17
"nykaa|product manager ii - customer fulfillment & post-order experience|gurugram, haryana, india",Nykaa,Product Manager II - Customer Fulfillment & Post-Order Experience,"Gurugram, Haryana, India",https://in.linkedin.com/jobs/view/product-manager-ii-customer-fulfillment-post-order-experience-at-nykaa-4440662097?position=7&pageNum=0&refId=pd7N9mmnIkKrbDg24NNqlg%3D%3D&trackingId=eAJ%2BlHnYzct4Gab%2BStoTcg%3D%3D,2026-07-17
"airtel digital|associate product manager|gurugram, haryana, india",Airtel Digital,Associate Product Manager,"Gurugram, Haryana, India",https://in.linkedin.com/jobs/view/associate-product-manager-at-airtel-digital-4430882803?position=8&pageNum=0&refId=pd7N9mmnIkKrbDg24NNqlg%3D%3D&trackingId=0DSY%2BU%2BVFVE2SVWnEGtLgQ%3D%3D,2026-07-17
"pivotree|product manager|mumbai, maharashtra, india",Pivotree,Product Manager,"Mumbai, Maharashtra, India",https://in.linkedin.com/jobs/view/product-manager-at-pivotree-4367455184?position=2&pageNum=2&refId=KnUto4RqwP%2Fag3z3EeJAdg%3D%3D&trackingId=l4eWeuQkVjZnTwxgXtXyMQ%3D%3D,2026-07-17
"syook|product manager|noida, uttar pradesh, india",Syook,Product Manager,"Noida, Uttar Pradesh, India",https://in.linkedin.com/jobs/view/product-manager-at-syook-4436944607?position=5&pageNum=2&refId=KnUto4RqwP%2Fag3z3EeJAdg%3D%3D&trackingId=%2Bq7bFoXCJXE7abdbIvtjKA%3D%3D,2026-07-17
"atlys|product manager|delhi, india",Atlys,Product Manager,"Delhi, India",https://in.linkedin.com/jobs/view/product-manager-at-atlys-4437357961?position=10&pageNum=2&refId=KnUto4RqwP%2Fag3z3EeJAdg%3D%3D&trackingId=dmICg8OfsAHPonfVhmkwkw%3D%3D,2026-07-17
"meril life sciences|product manager|delhi, india",Meril Life Sciences,Product Manager,"Delhi, India",https://in.linkedin.com/jobs/view/product-manager-4438634667?position=1&pageNum=5&refId=kYcdkjUkhvWRssoaVDajGg%3D%3D&trackingId=Rg%2BeJG2nPitANOJdyxXbYw%3D%3D&trk=public_jobs_jserp-result_search-card,2026-07-17
"cvent|senior product manager|gurugram, haryana, india",Cvent,Senior Product Manager,"Gurugram, Haryana, India",https://in.linkedin.com/jobs/view/senior-product-manager-at-cvent-4439194498?position=8&pageNum=5&refId=kYcdkjUkhvWRssoaVDajGg%3D%3D&trackingId=xf6lXxU9avzi7flqXG45hw%3D%3D,2026-07-17
"tata consultancy services|product manager|mumbai, maharashtra, india",Tata Consultancy Services,Product Manager,"Mumbai, Maharashtra, India",https://in.linkedin.com/jobs/view/product-manager-at-tata-consultancy-services-4439871893?position=10&pageNum=5&refId=kYcdkjUkhvWRssoaVDajGg%3D%3D&trackingId=2Glqw%2B7KviZfgSQ%2FBJNyVA%3D%3D,2026-07-17
"spinny|senior product manager|gurugram, haryana, india",Spinny,Senior Product Manager,"Gurugram, Haryana, India",https://in.linkedin.com/jobs/view/senior-product-manager-at-spinny-4434988516?position=3&pageNum=7&refId=YeqQJERtu4uHlxbPWEvhdg%3D%3D&trackingId=RMunrQ1mqAbepm4nKm0q5Q%3D%3D,2026-07-17
"airtel digital|product manager - platforms|gurugram, haryana, india",Airtel Digital,Product Manager - Platforms,"Gurugram, Haryana, India",https://in.linkedin.com/jobs/view/product-manager-platforms-at-airtel-digital-4434834303?position=10&pageNum=7&refId=YeqQJERtu4uHlxbPWEvhdg%3D%3D&trackingId=Cw%2B4oFC4Os3PBSTu28PStw%3D%3D,2026-07-17
"luxasia|product manager intern|delhi, india",LUXASIA,Product Manager Intern,"Delhi, India",https://in.linkedin.com/jobs/view/product-manager-intern-at-luxasia-4392329301?position=4&pageNum=2&refId=4ca8NgNjc3aPOZIq%2BCUjnw%3D%3D&trackingId=u64cHrm8BTC5mgR8B81AJQ%3D%3D,2026-07-17
"the sleep company|assistant product manager - ai|mumbai, maharashtra, india",The Sleep Company,Assistant Product Manager - Ai,"Mumbai, Maharashtra, India",https://in.linkedin.com/jobs/view/assistant-product-manager-ai-at-the-sleep-company-4436526409?position=1&pageNum=5&refId=Apva%2BI8Fdhv45SIsPlu1Fg%3D%3D&trackingId=MkU1TNkTpwnI46VygeiUpw%3D%3D,2026-07-17
"sustainiam|associate product manager|noida, uttar pradesh, india",Sustainiam,Associate Product Manager,"Noida, Uttar Pradesh, India",https://in.linkedin.com/jobs/view/associate-product-manager-at-sustainiam-4432147011?position=2&pageNum=5&refId=Apva%2BI8Fdhv45SIsPlu1Fg%3D%3D&trackingId=dGHbp2w6tCqSee6SRKWdcQ%3D%3D,2026-07-17
"travclan|product manager|new delhi, delhi, india",TravClan,Product Manager,"New Delhi, Delhi, India",https://in.linkedin.com/jobs/view/product-manager-at-travclan-4439408203?position=6&pageNum=5&refId=Apva%2BI8Fdhv45SIsPlu1Fg%3D%3D&trackingId=wJH3MrwXk5AxafRambAt0A%3D%3D,2026-07-17
"tartanhq|product manager|gurugram, haryana, india",TartanHQ,Product Manager,"Gurugram, Haryana, India",https://in.linkedin.com/jobs/view/product-manager-at-tartanhq-4437051453?position=7&pageNum=5&refId=Apva%2BI8Fdhv45SIsPlu1Fg%3D%3D&trackingId=gBOXVSleeygQkBw7AYnivw%3D%3D,2026-07-17
"olx india|product manager|gurugram, haryana, india",OLX India,Product Manager,"Gurugram, Haryana, India",https://in.linkedin.com/jobs/view/product-manager-at-olx-india-4435951476?position=1&pageNum=7&refId=wjxytE8aA3Bi6s9V408Blg%3D%3D&trackingId=BjwhAc7aRVDwEX7VRh2JBw%3D%3D,2026-07-17
"vetic|product manager|gurugram, haryana, india",Vetic,Product Manager,"Gurugram, Haryana, India",https://in.linkedin.com/jobs/view/product-manager-at-vetic-4437975069?position=2&pageNum=7&refId=wjxytE8aA3Bi6s9V408Blg%3D%3D&trackingId=%2Fy6tOEGLom6Y1%2Bcp7ntJIw%3D%3D,2026-07-17
"somo media|associate product manager in delhi|delhi, india",Somo Media,Associate Product Manager in Delhi,"Delhi, India",https://in.linkedin.com/jobs/view/associate-product-manager-in-delhi-at-somo-media-4434056675?position=3&pageNum=7&refId=wjxytE8aA3Bi6s9V408Blg%3D%3D&trackingId=hYZUHuD7Fq7%2Bf7H6UyBEJw%3D%3D,2026-07-17
"policybazaar.com|product manager|gurugram, haryana, india",Policybazaar.com,Product Manager,"Gurugram, Haryana, India",https://in.linkedin.com/jobs/view/product-manager-at-policybazaar-com-4433931508?position=4&pageNum=7&refId=wjxytE8aA3Bi6s9V408Blg%3D%3D&trackingId=7n3YwW0X5hBFG5ZhaUYCpA%3D%3D,2026-07-17
"edme insurance brokers|associate product manager (apm)|mumbai, maharashtra, india",Edme Insurance Brokers,Associate Product Manager (APM),"Mumbai, Maharashtra, India",https://in.linkedin.com/jobs/view/associate-product-manager-apm-at-edme-insurance-brokers-4432099543?position=5&pageNum=7&refId=wjxytE8aA3Bi6s9V408Blg%3D%3D&trackingId=6X%2B5Pl2lH8G%2F56PzDKp24w%3D%3D,2026-07-17
"kite|associate product manager — credit & lending platform|gurgaon, haryana, india",Kite,Associate Product Manager — Credit & Lending Platform,"Gurgaon, Haryana, India",https://in.linkedin.com/jobs/view/associate-product-manager-%E2%80%94-credit-lending-platform-at-kite-4437485428?position=7&pageNum=7&refId=wjxytE8aA3Bi6s9V408Blg%3D%3D&trackingId=9AVbqPgc8idE6JDZCQ8izg%3D%3D,2026-07-17
"the whole truth foods|product manager|mumbai, maharashtra, india",The Whole Truth Foods,Product Manager,"Mumbai, Maharashtra, India",https://in.linkedin.com/jobs/view/product-manager-at-the-whole-truth-foods-4438706990?position=10&pageNum=7&refId=wjxytE8aA3Bi6s9V408Blg%3D%3D&trackingId=v1mE3kWrO1rvKmM1W3bPLg%3D%3D,2026-07-17
"birdeye|senior product manager|gurugram, haryana, india",Birdeye,Senior Product Manager,"Gurugram, Haryana, India",https://in.linkedin.com/jobs/view/senior-product-manager-at-birdeye-4416853480?position=4&pageNum=0&refId=xv%2BjBLv9YaajkvkVcu79tA%3D%3D&trackingId=xDveWFnDclEQNdHMN%2FAP9w%3D%3D,2026-07-17
cloudeagle.ai|senior product manager|mumbai metropolitan region,CloudEagle.ai,Senior Product Manager,Mumbai Metropolitan Region,https://in.linkedin.com/jobs/view/senior-product-manager-at-cloudeagle-ai-4377658101?position=6&pageNum=0&refId=xv%2BjBLv9YaajkvkVcu79tA%3D%3D&trackingId=0yahB4YKOof1jjDX7RGupg%3D%3D,2026-07-17
"disco|senior product manager - india|gurugram, haryana, india",DISCO,Senior Product Manager - India,"Gurugram, Haryana, India",https://in.linkedin.com/jobs/view/senior-product-manager-india-at-disco-4426617242?position=1&pageNum=2&refId=ZefeVL0knF%2B4z3P7Bcv8Pw%3D%3D&trackingId=r4S8sNUDRPs3NAiMJLS5kA%3D%3D,2026-07-17
"adobe|senior product manager|noida, uttar pradesh, india",Adobe,Senior Product Manager,"Noida, Uttar Pradesh, India",https://in.linkedin.com/jobs/view/senior-product-manager-at-adobe-4418269916?position=2&pageNum=2&refId=ZefeVL0knF%2B4z3P7Bcv8Pw%3D%3D&trackingId=TJwMw4sMYTJqMKAfk7ucKw%3D%3D,2026-07-17
"vutto|senior product manager|dwarka, delhi, india",Vutto,Senior Product Manager,"Dwarka, Delhi, India",https://in.linkedin.com/jobs/view/senior-product-manager-at-vutto-4424428673?position=3&pageNum=2&refId=ZefeVL0knF%2B4z3P7Bcv8Pw%3D%3D&trackingId=0f04031Sa%2B1Mu6SAe2YLLw%3D%3D,2026-07-17
"hownow|senior product manager - hybrid|mumbai, maharashtra, india",HowNow,Senior Product Manager - Hybrid,"Mumbai, Maharashtra, India",https://in.linkedin.com/jobs/view/senior-product-manager-hybrid-at-hownow-4432524792?position=5&pageNum=2&refId=ZefeVL0knF%2B4z3P7Bcv8Pw%3D%3D&trackingId=4I%2BGIv5tYwNmAtF7pv042g%3D%3D,2026-07-17
"the souled store|senior product manager – business & tech|mumbai, maharashtra, india",The Souled Store,Senior Product Manager – Business & Tech,"Mumbai, Maharashtra, India",https://in.linkedin.com/jobs/view/senior-product-manager-%E2%80%93-business-tech-at-the-souled-store-4429664105?position=9&pageNum=2&refId=ZefeVL0knF%2B4z3P7Bcv8Pw%3D%3D&trackingId=fT2a79Pn2v7HDRGKBQhauw%3D%3D,2026-07-17
"mintifi|senior product manager|mumbai, maharashtra, india",Mintifi,Senior Product Manager,"Mumbai, Maharashtra, India",https://in.linkedin.com/jobs/view/senior-product-manager-at-mintifi-4432571574?position=10&pageNum=5&refId=hOl7p0DtoC42YWD9VDVQ4g%3D%3D&trackingId=EWrJw%2BLcfPeHCHZWybmrPw%3D%3D,2026-07-17
"optum|lead digital product manager|gurugram, haryana, india",Optum,Lead Digital Product Manager,"Gurugram, Haryana, India",https://in.linkedin.com/jobs/view/lead-digital-product-manager-at-optum-4431823976?position=10&pageNum=0&refId=3XgcGfFF8eUDHViuVllabA%3D%3D&trackingId=a%2BXv%2B%2BZU0ShAdflXgfyS2g%3D%3D,2026-07-17
"battery smart|lead product manager|gurugram, haryana, india",Battery Smart,Lead Product Manager,"Gurugram, Haryana, India",https://in.linkedin.com/jobs/view/lead-product-manager-at-battery-smart-4440211736?position=1&pageNum=2&refId=OAAnSBH%2B6dA0PqhzSJ6lwQ%3D%3D&trackingId=514P4LkuodS7bTOU8Ar11g%3D%3D,2026-07-17
icici lombard|icici lombard - lead product manager - mobile app|mumbai metropolitan region,ICICI Lombard,ICICI Lombard - Lead Product Manager - Mobile App,Mumbai Metropolitan Region,https://in.linkedin.com/jobs/view/icici-lombard-lead-product-manager-mobile-app-at-icici-lombard-4441692722?position=8&pageNum=2&refId=OAAnSBH%2B6dA0PqhzSJ6lwQ%3D%3D&trackingId=rhG42X2cm3HjRxyPXbWYlw%3D%3D,2026-07-17
"pepper|senior product manager (ai)|mumbai, maharashtra, india",Pepper,Senior Product Manager (AI),"Mumbai, Maharashtra, India",https://in.linkedin.com/jobs/view/senior-product-manager-ai-at-pepper-4433468804?position=4&pageNum=5&refId=yRqPswRVMB5YQqs4mO6Xyg%3D%3D&trackingId=EL5%2B9ZTP8kgkPebaZD8k1w%3D%3D,2026-07-17
solytics partners|product manager|mumbai metropolitan region,Solytics Partners,Product Manager,Mumbai Metropolitan Region,https://in.linkedin.com/jobs/view/product-manager-at-solytics-partners-4369182899?position=1&pageNum=7&refId=HNKujlBY026JvfJgxkXmCg%3D%3D&trackingId=Ut2NJSngBIICq2IpWfFxTw%3D%3D,2026-07-17
"pluxee|local lead product manager|mumbai, maharashtra, india",Pluxee,Local Lead Product Manager,"Mumbai, Maharashtra, India",https://in.linkedin.com/jobs/view/local-lead-product-manager-at-pluxee-4427376604?position=3&pageNum=7&refId=HNKujlBY026JvfJgxkXmCg%3D%3D&trackingId=tM1xaIenKQDeQoCXANtdOA%3D%3D,2026-07-17
"adobe|principal product manager|noida, uttar pradesh, india",Adobe,Principal Product Manager,"Noida, Uttar Pradesh, India",https://in.linkedin.com/jobs/view/principal-product-manager-at-adobe-4389578010?position=4&pageNum=7&refId=HNKujlBY026JvfJgxkXmCg%3D%3D&trackingId=jqjX6s1tQmvUTDYXneo7Bw%3D%3D,2026-07-17
nasdaq|lead product manager|mumbai metropolitan region,Nasdaq,Lead Product Manager,Mumbai Metropolitan Region,https://in.linkedin.com/jobs/view/lead-product-manager-at-nasdaq-4405640348?position=5&pageNum=7&refId=HNKujlBY026JvfJgxkXmCg%3D%3D&trackingId=t4aKDONgj9w2YN0qfX22DA%3D%3D,2026-07-17
"saarthee|product manager|mumbai, maharashtra, india",Saarthee,Product Manager,"Mumbai, Maharashtra, India",https://in.linkedin.com/jobs/view/product-manager-at-saarthee-4432665830?position=10&pageNum=7&refId=HNKujlBY026JvfJgxkXmCg%3D%3D&trackingId=tehkCMrjzDgd%2F%2BREFZnrWw%3D%3D,2026-07-17
"idfc first bank|product manager-cash management|mumbai, maharashtra, india",IDFC FIRST Bank,Product Manager-Cash Management,"Mumbai, Maharashtra, India",https://in.linkedin.com/jobs/view/product-manager-cash-management-at-idfc-first-bank-4411314631?position=2&pageNum=7&refId=1S2NN0aMjLmWV5RjJzbxQw%3D%3D&trackingId=OBwGauZekylIc5RYdj9%2FYQ%3D%3D,2026-07-17
sun pharma|group product manager - cns (synastra)|mumbai metropolitan region,SUN PHARMA,Group Product Manager - CNS (Synastra),Mumbai Metropolitan Region,https://in.linkedin.com/jobs/view/group-product-manager-cns-synastra-at-sun-pharma-4426854563?position=8&pageNum=7&refId=1S2NN0aMjLmWV5RjJzbxQw%3D%3D&trackingId=9hSkd5BRhBDlDlWaWBaGWw%3D%3D,2026-07-17
"attentive.ai|associate product manager|noida, uttar pradesh, india",Attentive.ai,Associate Product Manager,"Noida, Uttar Pradesh, India",https://in.linkedin.com/jobs/view/associate-product-manager-at-attentive-ai-4439863243?position=2&pageNum=2&refId=Xea1twYSUBWs9GVAAiipYQ%3D%3D&trackingId=6WG%2FXuLywjDC7sMhaytFRA%3D%3D,2026-07-17
"airtel payments bank|product manager ( analytics background )|gurugram, haryana, india",Airtel Payments Bank,Product Manager ( Analytics Background ),"Gurugram, Haryana, India",https://in.linkedin.com/jobs/view/product-manager-analytics-background-at-airtel-payments-bank-4438620227?position=3&pageNum=2&refId=Xea1twYSUBWs9GVAAiipYQ%3D%3D&trackingId=CjdDaY9IKHtxyvdelm%2Fcvw%3D%3D,2026-07-17
"indmoney|associate product manager – growth|gurugram, haryana, india",INDmoney,Associate Product Manager – Growth,"Gurugram, Haryana, India",https://in.linkedin.com/jobs/view/associate-product-manager-%E2%80%93-growth-at-indmoney-4436703686?position=5&pageNum=2&refId=Xea1twYSUBWs9GVAAiipYQ%3D%3D&trackingId=NezdiJIzAF7jKgX%2B5Lj8Ag%3D%3D,2026-07-17
purplle.com|associate product manager - retail operations|mumbai metropolitan region,Purplle.com,Associate Product Manager - Retail Operations,Mumbai Metropolitan Region,https://in.linkedin.com/jobs/view/associate-product-manager-retail-operations-at-purplle-com-4405642418?position=8&pageNum=2&refId=Xea1twYSUBWs9GVAAiipYQ%3D%3D&trackingId=EoTWuLtABFC3K3o2zcY7Ag%3D%3D,2026-07-17
recro|product manager|mumbai metropolitan region,Recro,Product Manager,Mumbai Metropolitan Region,https://in.linkedin.com/jobs/view/product-manager-at-recro-4440773177?position=2&pageNum=7&refId=yBsBy%2FnyOYA1J1U%2BUJnRdw%3D%3D&trackingId=ESn02DSNNptA22VX1vNv0Q%3D%3D,2026-07-17
"revolut|product marketing manager (credit)|gurgaon, haryana, india",Revolut,Product Marketing Manager (Credit),"Gurgaon, Haryana, India",https://in.linkedin.com/jobs/view/product-marketing-manager-credit-at-revolut-4439868029?position=7&pageNum=7&refId=yBsBy%2FnyOYA1J1U%2BUJnRdw%3D%3D&trackingId=BhSOpYMU6%2BaIMpzbReSDsg%3D%3D,2026-07-17
"bennett coleman & co. ltd. (the times of india)|brand manager|new delhi, delhi, india",Bennett Coleman & Co. Ltd. (The Times of India),Brand Manager,"New Delhi, Delhi, India",https://in.linkedin.com/jobs/view/brand-manager-at-bennett-coleman-co-ltd-the-times-of-india-4436536483?position=7&pageNum=2&refId=ihXV3TaIUun4O%2BstY%2Bgi8A%3D%3D&trackingId=RXhthbF0Q8Z9OnyKO4HOrQ%3D%3D,2026-07-17
"carrier|product marketing manager – totaline & aftermarket|gurgaon, haryana, india",Carrier,Product Marketing Manager – Totaline & Aftermarket,"Gurgaon, Haryana, India",https://in.linkedin.com/jobs/view/product-marketing-manager-%E2%80%93-totaline-aftermarket-at-carrier-4440768577?position=10&pageNum=7&refId=0GO1%2FO334WzfT6cYpjFKIA%3D%3D&trackingId=nQldGgGbdTIoOK1jCcEsMw%3D%3D,2026-07-17
"albatrot|brand manager|mumbai, maharashtra, india",Albatrot,Brand Manager,"Mumbai, Maharashtra, India",https://in.linkedin.com/jobs/view/brand-manager-at-albatrot-4433930025?position=4&pageNum=2&refId=tz1INLsqIbgtZLLqz0Gs%2BA%3D%3D&trackingId=FCpHLOv2WNvJUtPCehBfYQ%3D%3D,2026-07-17
the house of abhinandan lodha|brand manager|mumbai metropolitan region,The House of Abhinandan Lodha,Brand Manager,Mumbai Metropolitan Region,https://in.linkedin.com/jobs/view/brand-manager-at-the-house-of-abhinandan-lodha-4432959917?position=6&pageNum=2&refId=tz1INLsqIbgtZLLqz0Gs%2BA%3D%3D&trackingId=ym4dDVkZFTldbcyVeCX1zA%3D%3D,2026-07-17
abbott|brand manager - pediatric nutrition strategy & execution|mumbai metropolitan region,Abbott,Brand Manager - Pediatric Nutrition Strategy & Execution,Mumbai Metropolitan Region,https://in.linkedin.com/jobs/view/brand-manager-pediatric-nutrition-strategy-execution-at-abbott-4440958374?position=8&pageNum=2&refId=tz1INLsqIbgtZLLqz0Gs%2BA%3D%3D&trackingId=p%2B5cLMHzgv6iuYsiAYqzPA%3D%3D,2026-07-17
"unison international consulting (the recruitment company)|brand manager/merchandiser|mumbai, maharashtra, india",UNISON INTERNATIONAL CONSULTING (The Recruitment Company),Brand Manager/Merchandiser,"Mumbai, Maharashtra, India",https://in.linkedin.com/jobs/view/brand-manager-merchandiser-at-unison-international-consulting-the-recruitment-company-4439406315?position=9&pageNum=2&refId=tz1INLsqIbgtZLLqz0Gs%2BA%3D%3D&trackingId=FMVlBLw6%2Bv4VYNy4px%2BKZw%3D%3D,2026-07-17
"pernod ricard india|senior brand manager|gurugram, haryana, india",Pernod Ricard India,Senior Brand Manager,"Gurugram, Haryana, India",https://in.linkedin.com/jobs/view/senior-brand-manager-at-pernod-ricard-india-4437348712?position=1&pageNum=0&refId=FWUpNMjzLoQLbb2VZ96iJQ%3D%3D&trackingId=F7c7Qx%2FiPEbKfMp4WMiV1w%3D%3D,2026-07-17
rebel foods|senior brand manager|mumbai metropolitan region,Rebel Foods,Senior Brand Manager,Mumbai Metropolitan Region,https://in.linkedin.com/jobs/view/senior-brand-manager-at-rebel-foods-4437171377?position=2&pageNum=0&refId=FWUpNMjzLoQLbb2VZ96iJQ%3D%3D&trackingId=a5cw1A%2BwdMLJkNX9JXrSeQ%3D%3D,2026-07-17
"google|product marketing manager, brand and reputation|gurugram, haryana, india",Google,"Product Marketing Manager, Brand and Reputation","Gurugram, Haryana, India",https://in.linkedin.com/jobs/view/product-marketing-manager-brand-and-reputation-at-google-4424586619?position=4&pageNum=0&refId=FWUpNMjzLoQLbb2VZ96iJQ%3D%3D&trackingId=Sdor6Y1FOlv%2BBXDEc%2BP9tg%3D%3D,2026-07-17
"google|product marketing manager, brand and reputation|mumbai, maharashtra, india",Google,"Product Marketing Manager, Brand and Reputation","Mumbai, Maharashtra, India",https://in.linkedin.com/jobs/view/product-marketing-manager-brand-and-reputation-at-google-4424589654?position=5&pageNum=0&refId=FWUpNMjzLoQLbb2VZ96iJQ%3D%3D&trackingId=%2Bt5dnjGMMJ0Yxl54ni0UuQ%3D%3D,2026-07-17
"mars cosmetics|brand manager|delhi, india",MARS Cosmetics,Brand Manager,"Delhi, India",https://in.linkedin.com/jobs/view/brand-manager-at-mars-cosmetics-4440019987?position=6&pageNum=0&refId=FWUpNMjzLoQLbb2VZ96iJQ%3D%3D&trackingId=ze32HFjv%2BKMicN3ul8EhWQ%3D%3D,2026-07-17
the magnum ice cream company|brand manager - ice cream|mumbai metropolitan region,The Magnum Ice Cream Company,Brand Manager - Ice Cream,Mumbai Metropolitan Region,https://in.linkedin.com/jobs/view/brand-manager-ice-cream-at-the-magnum-ice-cream-company-4439166019?position=7&pageNum=0&refId=FWUpNMjzLoQLbb2VZ96iJQ%3D%3D&trackingId=mEojj9ji7C65%2BIZ%2FvyEfVw%3D%3D,2026-07-17
"traya|brand manager|mumbai, maharashtra, india",Traya,Brand Manager,"Mumbai, Maharashtra, India",https://in.linkedin.com/jobs/view/brand-manager-at-traya-4437272474?position=10&pageNum=0&refId=FWUpNMjzLoQLbb2VZ96iJQ%3D%3D&trackingId=5RmQWQkXQBEZDMPVj555wA%3D%3D,2026-07-17
dr. reddy's laboratories|group brand manager - caris|mumbai metropolitan region,Dr. Reddy's Laboratories,Group Brand Manager - CARIS,Mumbai Metropolitan Region,https://in.linkedin.com/jobs/view/group-brand-manager-caris-at-dr-reddy-s-laboratories-4440386991?position=9&pageNum=5&refId=82Hi9D3ncyNMbH6VgakQ8A%3D%3D&trackingId=DHOHs4wZ%2BCOIH9SS1ERwrw%3D%3D,2026-07-17
sun pharma|product manager - branded products (emerging markets)|mumbai metropolitan region,SUN PHARMA,Product Manager - Branded Products (Emerging Markets),Mumbai Metropolitan Region,https://in.linkedin.com/jobs/view/product-manager-branded-products-emerging-markets-at-sun-pharma-4341878440?position=7&pageNum=7&refId=WExXLaV8o8sCoihckhidng%3D%3D&trackingId=enLrpu87a30jP5d501uU3A%3D%3D,2026-07-17
"havells india ltd|strategy manager/senior manager:cables|noida, uttar pradesh, india",Havells India Ltd,Strategy Manager/Senior Manager:Cables,"Noida, Uttar Pradesh, India",https://in.linkedin.com/jobs/view/strategy-manager-senior-manager-cables-at-havells-india-ltd-4419229359?position=5&pageNum=0&refId=u%2FDQ6QjsPKiym8Klb77UuQ%3D%3D&trackingId=pO9J0xhwtVT%2FsBhjMEC0qA%3D%3D,2026-07-17
"traya|business strategy manager|mumbai, maharashtra, india",Traya,Business Strategy Manager,"Mumbai, Maharashtra, India",https://in.linkedin.com/jobs/view/business-strategy-manager-at-traya-4430690543?position=7&pageNum=0&refId=u%2FDQ6QjsPKiym8Klb77UuQ%3D%3D&trackingId=RJ1lhP2BfSI%2F5u%2FS%2FV1e9A%3D%3D,2026-07-17
route mobile limited|strategy manager|mumbai metropolitan region,Route Mobile Limited,Strategy Manager,Mumbai Metropolitan Region,https://in.linkedin.com/jobs/view/strategy-manager-at-route-mobile-limited-4440783120?position=10&pageNum=0&refId=u%2FDQ6QjsPKiym8Klb77UuQ%3D%3D&trackingId=kl6VTZzGGy0ZJUIH3lXBSQ%3D%3D,2026-07-17
"aramco|sr. strategy & market consultant ( relocation required to saudi arabia )|gurugram, haryana, india",aramco,Sr. Strategy & Market Consultant ( Relocation required to Saudi Arabia ),"Gurugram, Haryana, India",https://in.linkedin.com/jobs/view/sr-strategy-market-consultant-relocation-required-to-saudi-arabia-at-aramco-4432946180?position=2&pageNum=2&refId=ovzyS%2FLjqjNtAyeXZKxURQ%3D%3D&trackingId=cd6NJKNCSPF0zZXeWZ15ig%3D%3D,2026-07-17
"glenmark pharmaceuticals|senior strategy manager|mumbai, maharashtra, india",Glenmark Pharmaceuticals,Senior Strategy Manager,"Mumbai, Maharashtra, India",https://in.linkedin.com/jobs/view/senior-strategy-manager-at-glenmark-pharmaceuticals-4437256199?position=5&pageNum=2&refId=ovzyS%2FLjqjNtAyeXZKxURQ%3D%3D&trackingId=FPGH8dyUYNhAokWRqynpPw%3D%3D,2026-07-17
"leadership talent hunters|strategy manager|mumbai, maharashtra, india",Leadership Talent Hunters,Strategy Manager,"Mumbai, Maharashtra, India",https://in.linkedin.com/jobs/view/strategy-manager-at-leadership-talent-hunters-4439784859?position=4&pageNum=5&refId=vJgyvE%2Fxcx0ldf1p5xixeA%3D%3D&trackingId=0wRgFKrxe1aHcpMWuy6SAg%3D%3D,2026-07-17
"walplast products pvt. ltd.|strategy manager - navi mumbai|navi mumbai, maharashtra, india",Walplast Products Pvt. Ltd.,Strategy Manager - Navi Mumbai,"Navi Mumbai, Maharashtra, India",https://in.linkedin.com/jobs/view/strategy-manager-navi-mumbai-at-walplast-products-pvt-ltd-4432764408?position=7&pageNum=2&refId=gN0qGIxeJ5BfMJ3d8ZCzFQ%3D%3D&trackingId=lSgJfGSfiySV3XxgitvUYw%3D%3D,2026-07-17
"interactive avenues|senior strategy manager|mumbai, maharashtra, india",Interactive Avenues,Senior Strategy Manager,"Mumbai, Maharashtra, India",https://in.linkedin.com/jobs/view/senior-strategy-manager-at-interactive-avenues-4430958699?position=7&pageNum=7&refId=9ChyqJ2ZXQYQwSfFHyvp6w%3D%3D&trackingId=Q6inZxL0yxnnDti5k96Qzg%3D%3D,2026-07-17
"tata consultancy services|banner consultant|new delhi, delhi, india",Tata Consultancy Services,Banner Consultant,"New Delhi, Delhi, India",https://in.linkedin.com/jobs/view/banner-consultant-at-tata-consultancy-services-4440207353?position=2&pageNum=5&refId=%2BvxFbikkgwl5p%2Bgfaubf5A%3D%3D&trackingId=pnhDzPDM3vhMAli7RF1DIQ%3D%3D,2026-07-17
"axtria - ingenious insights|consultant|gurugram, haryana, india",Axtria - Ingenious Insights,Consultant,"Gurugram, Haryana, India",https://in.linkedin.com/jobs/view/consultant-at-axtria-ingenious-insights-4428208580?position=3&pageNum=5&refId=%2BvxFbikkgwl5p%2Bgfaubf5A%3D%3D&trackingId=KZQoeQ5Eh%2Bvi%2F74Z6BXzrg%3D%3D,2026-07-17
black & veatch|consultant (infrastructure advisory)|mumbai metropolitan region,Black & Veatch,Consultant (Infrastructure Advisory),Mumbai Metropolitan Region,https://in.linkedin.com/jobs/view/consultant-infrastructure-advisory-at-black-veatch-4441436931?position=8&pageNum=5&refId=%2BvxFbikkgwl5p%2Bgfaubf5A%3D%3D&trackingId=ptCbw%2BOLCZoN2GFoHMsg2Q%3D%3D,2026-07-17
"deccan ai experts|management consultant (freelancer)|noida, uttar pradesh, india",Deccan AI Experts,Management Consultant (Freelancer),"Noida, Uttar Pradesh, India",https://in.linkedin.com/jobs/view/management-consultant-freelancer-at-deccan-ai-experts-4436478593?position=8&pageNum=7&refId=tRQ4QMpM810aY9gFKtpDfw%3D%3D&trackingId=7jB1BSgN3eU96v%2Bjhc9dUA%3D%3D,2026-07-17
"iqvia|associate consultant - patient analytics|delhi, india",IQVIA,Associate Consultant - Patient Analytics,"Delhi, India",https://in.linkedin.com/jobs/view/associate-consultant-patient-analytics-at-iqvia-4438998513?position=9&pageNum=7&refId=tRQ4QMpM810aY9gFKtpDfw%3D%3D&trackingId=%2BBL0YMGM%2FLy312vprbt%2Fug%3D%3D,2026-07-17
"ukg|sr user adoption consultant|noida, uttar pradesh, india",UKG,Sr User Adoption Consultant,"Noida, Uttar Pradesh, India",https://in.linkedin.com/jobs/view/sr-user-adoption-consultant-at-ukg-4440221752?position=3&pageNum=2&refId=KJOQV2L1EECxmYu%2BUcUJvA%3D%3D&trackingId=WZcyX9njUgSUmJ55G2eKFA%3D%3D,2026-07-17
"accenture in india|s&c - gn - sc&e - bpm - consultant|gurugram, haryana, india",Accenture in India,S&C - GN - SC&E - BPM - Consultant,"Gurugram, Haryana, India",https://in.linkedin.com/jobs/view/s-c-gn-sc-e-bpm-consultant-at-accenture-in-india-4422740017?position=4&pageNum=2&refId=KJOQV2L1EECxmYu%2BUcUJvA%3D%3D&trackingId=iCItulpiy7jg%2FvBoRpdijA%3D%3D,2026-07-17
"arcadis|consultant/senior consultant – investment advisory (part of business advisory)|navi mumbai, maharashtra, india",Arcadis,Consultant/Senior Consultant – Investment Advisory (Part of Business Advisory),"Navi Mumbai, Maharashtra, India",https://in.linkedin.com/jobs/view/consultant-senior-consultant-%E2%80%93-investment-advisory-part-of-business-advisory-at-arcadis-4351224960?position=8&pageNum=2&refId=KJOQV2L1EECxmYu%2BUcUJvA%3D%3D&trackingId=yQh8w7pgPn92%2F5U%2BQYs6dw%3D%3D,2026-07-17
"kpmg india|consultant – value creation|gurgaon, haryana, india",KPMG India,Consultant – Value Creation,"Gurgaon, Haryana, India",https://in.linkedin.com/jobs/view/consultant-%E2%80%93-value-creation-at-kpmg-india-4405319054?position=1&pageNum=5&refId=a6umH07J0pf1FIoSXSXuAQ%3D%3D&trackingId=Xz7YwcAAzQi0CSLXk0RBGQ%3D%3D,2026-07-17
"deutsche bank|management consulting consultant , avp|mumbai, maharashtra, india",Deutsche Bank,"Management Consulting Consultant , AVP","Mumbai, Maharashtra, India",https://in.linkedin.com/jobs/view/management-consulting-consultant-avp-at-deutsche-bank-4427064314?position=1&pageNum=0&refId=KPKn3V6EGmdXKCQKRfBZbA%3D%3D&trackingId=Iy%2FXTGsSSGx%2FqxkAMaiQLA%3D%3D,2026-07-17
"transganization|management consultant|mumbai, maharashtra, india",TransGanization,Management Consultant,"Mumbai, Maharashtra, India",https://in.linkedin.com/jobs/view/management-consultant-at-transganization-4429010521?position=10&pageNum=0&refId=KPKn3V6EGmdXKCQKRfBZbA%3D%3D&trackingId=eMWb1UI9J2AB05wXJ7%2Ba2g%3D%3D,2026-07-17
"exl|consultant-consulting-business consulting|noida, uttar pradesh, india",EXL,Consultant-Consulting-Business Consulting,"Noida, Uttar Pradesh, India",https://in.linkedin.com/jobs/view/consultant-consulting-business-consulting-at-exl-4338986235?position=6&pageNum=5&refId=Kh9HSymPOn5tKkst7SAaAg%3D%3D&trackingId=Y%2FDdFQTLfm6SA3spjf1WdA%3D%3D,2026-07-17
"accenture in india|#acn s&c - gn - strategy - corporate strategy & growth - consultant|gurugram, haryana, india",Accenture in India,#ACN S&C - GN - Strategy - Corporate Strategy & Growth - Consultant,"Gurugram, Haryana, India",https://in.linkedin.com/jobs/view/%23acn-s-c-gn-strategy-corporate-strategy-growth-consultant-at-accenture-in-india-4356643964?position=1&pageNum=7&refId=HWQRfLtZk8SQB1gORcef9A%3D%3D&trackingId=U29dOvEpexp8ZI8TaBv2aQ%3D%3D,2026-07-17
"putnam|global consultant, lifesciences|gurugram, haryana, india",Putnam,"Global Consultant, Lifesciences","Gurugram, Haryana, India",https://in.linkedin.com/jobs/view/global-consultant-lifesciences-at-putnam-4435849018?position=1&pageNum=2&refId=03WrnG6TdhOwabFex302mw%3D%3D&trackingId=RF6bO0qLTBpVK%2B8m9F2hSA%3D%3D,2026-07-17
"inizio ignite|global consultant, lifesciences|gurugram, haryana, india",Inizio Ignite,"Global Consultant, Lifesciences","Gurugram, Haryana, India",https://in.linkedin.com/jobs/view/global-consultant-lifesciences-at-inizio-ignite-4379773196?position=8&pageNum=2&refId=03WrnG6TdhOwabFex302mw%3D%3D&trackingId=MCoBbY%2FLKAcrYJbSMLTgCA%3D%3D,2026-07-17
"icanheal|consultant / sr. consultant - client & patient solutions|mumbai, maharashtra, india",iCanHeal,Consultant / Sr. Consultant - Client & Patient Solutions,"Mumbai, Maharashtra, India",https://in.linkedin.com/jobs/view/consultant-sr-consultant-client-patient-solutions-at-icanheal-4438787458?position=3&pageNum=5&refId=6m1ncRY2t60fFaZkhlnm3A%3D%3D&trackingId=hXql7iWoZBu9sQ4T563yzw%3D%3D,2026-07-17
"crunchyroll|cx program manager, apac|mumbai, maharashtra, india",Crunchyroll,"CX Program Manager, APAC","Mumbai, Maharashtra, India",https://in.linkedin.com/jobs/view/cx-program-manager-apac-at-crunchyroll-4439840769?position=7&pageNum=0&refId=venLauFXUSZwi2MbahyVKQ%3D%3D&trackingId=lSttHVwILLTsCozOK852Fg%3D%3D,2026-07-17
"capgemini invent|data strategy program manager|mumbai, maharashtra, india",Capgemini Invent,Data strategy program manager,"Mumbai, Maharashtra, India",https://in.linkedin.com/jobs/view/data-strategy-program-manager-at-capgemini-invent-4431956680?position=6&pageNum=2&refId=8lim%2BZ2jiTugmPYr2XpDKw%3D%3D&trackingId=bKQWn5yABan9OUkt8NbrKw%3D%3D,2026-07-17
"indusind bank|technology program manager|mumbai, maharashtra, india",IndusInd Bank,Technology Program Manager,"Mumbai, Maharashtra, India",https://in.linkedin.com/jobs/view/technology-program-manager-at-indusind-bank-4433919716?position=8&pageNum=2&refId=8lim%2BZ2jiTugmPYr2XpDKw%3D%3D&trackingId=GJvF0bFPF8raoal7%2FTm5SA%3D%3D,2026-07-17
"reliance industries limited|program manager – new product development|navi mumbai, maharashtra, india",Reliance Industries Limited,Program Manager – New Product Development,"Navi Mumbai, Maharashtra, India",https://in.linkedin.com/jobs/view/program-manager-%E2%80%93-new-product-development-at-reliance-industries-limited-4418981179?position=9&pageNum=2&refId=8lim%2BZ2jiTugmPYr2XpDKw%3D%3D&trackingId=vusLkVV03hfPZ9Ta%2FFWkIw%3D%3D,2026-07-17
"glanbia|program manager, asia & china|gurgaon, haryana, india",Glanbia,"Program Manager, Asia & China","Gurgaon, Haryana, India",https://in.linkedin.com/jobs/view/program-manager-asia-china-at-glanbia-4440393850?position=1&pageNum=7&refId=7gCP8L1wEJsnufanFfmA8Q%3D%3D&trackingId=Ddi3kwLW0GzWJn4dBKb%2BoQ%3D%3D,2026-07-17
"google operations center|program manager lead - marketing|gurgaon, haryana, india",Google Operations Center,Program Manager Lead - Marketing,"Gurgaon, Haryana, India",https://in.linkedin.com/jobs/view/program-manager-lead-marketing-at-google-operations-center-4371796723?position=5&pageNum=7&refId=7gCP8L1wEJsnufanFfmA8Q%3D%3D&trackingId=9aEcdmtKty9NDJMzfb%2FpBw%3D%3D,2026-07-17
procter & gamble|senior brand manager|mumbai metropolitan region,Procter & Gamble,Senior Brand Manager,Mumbai Metropolitan Region,https://in.linkedin.com/jobs/view/senior-brand-manager-at-procter-gamble-4434498389?position=1&pageNum=5&refId=Pg8hs8wXgS%2BlGr%2BkA7RiSA%3D%3D&trackingId=89DZNqlQm7fydsGQY2GZMg%3D%3D,2026-07-17
procter & gamble|brand manager|mumbai metropolitan region,Procter & Gamble,Brand Manager,Mumbai Metropolitan Region,https://in.linkedin.com/jobs/view/brand-manager-at-procter-gamble-4403723068?position=7&pageNum=5&refId=Pg8hs8wXgS%2BlGr%2BkA7RiSA%3D%3D&trackingId=RYWpzvBKzV7E63PiM9hW6w%3D%3D,2026-07-17
"accenture services pvt ltd|imu-song strategy consultant|delhi, delhi, india",Accenture services Pvt Ltd,IMU-SONG Strategy Consultant,"Delhi, Delhi, India",https://in.linkedin.com/jobs/view/imu-song-strategy-consultant-at-accenture-services-pvt-ltd-4426214979?position=3&pageNum=5&refId=AzER7yFTluLVQIuZyhXvrg%3D%3D&trackingId=IHVyhFZk9l5QAVyuY76blw%3D%3D,2026-07-17
"web jeevan|productivity consultant|delhi, india",Web Jeevan,Productivity Consultant,"Delhi, India",https://in.linkedin.com/jobs/view/productivity-consultant-at-web-jeevan-4434314722?position=10&pageNum=5&refId=uBjI7t52jlQCHQNC5X9a2g%3D%3D&trackingId=0lNUpq6GPLfjYpwd8TsU%2FA%3D%3D,2026-07-17
"attentive.ai|product manager|noida, uttar pradesh, india",Attentive.ai,Product Manager,"Noida, Uttar Pradesh, India",https://in.linkedin.com/jobs/view/product-manager-at-attentive-ai-4379481496?position=2&pageNum=7&refId=1ZW7q%2FyBuJgEwecwyBbGEA%3D%3D&trackingId=5rx2P50UczseyoBjuWH85g%3D%3D,2026-07-17
"pratham international|product manager, digital|mumbai metropolitan region",Pratham International,"Product Manager, Digital",Mumbai Metropolitan Region,https://in.linkedin.com/jobs/view/product-manager-digital-at-pratham-international-4416246507?position=7&pageNum=7&refId=1ZW7q%2FyBuJgEwecwyBbGEA%3D%3D&trackingId=1fmcOD0LcmRkjpe95qapZw%3D%3D,2026-07-17
"aurora energy research|associate product manager|gurugram, haryana, india",Aurora Energy Research,Associate Product Manager,"Gurugram, Haryana, India",https://in.linkedin.com/jobs/view/associate-product-manager-at-aurora-energy-research-4400761802?position=5&pageNum=2&refId=eBT4j6Aldacp6Mgabu%2Fd%2FA%3D%3D&trackingId=hpXQGqo3inTcnmSGiYz9AQ%3D%3D,2026-07-17
"soti|product manager|gurgaon, haryana, india",SOTI,Product Manager,"Gurgaon, Haryana, India",https://in.linkedin.com/jobs/view/product-manager-at-soti-4414915600?position=7&pageNum=2&refId=eBT4j6Aldacp6Mgabu%2Fd%2FA%3D%3D&trackingId=3jcVENW3UadRZqvAlky8%2FQ%3D%3D,2026-07-17
grexa ai|product manager|mumbai metropolitan region,Grexa AI,Product Manager,Mumbai Metropolitan Region,https://in.linkedin.com/jobs/view/product-manager-at-grexa-ai-4406861245?position=8&pageNum=2&refId=eBT4j6Aldacp6Mgabu%2Fd%2FA%3D%3D&trackingId=zktowUdYoXSeD40HKqIq5Q%3D%3D,2026-07-17
"makemytrip|associate product manager (quest2travel)|gurgaon, haryana, india",MakeMyTrip,Associate Product Manager (Quest2Travel),"Gurgaon, Haryana, India",https://in.linkedin.com/jobs/view/associate-product-manager-quest2travel-at-makemytrip-4424702259?position=2&pageNum=5&refId=mEGQG8kNEebomlRd3jehdw%3D%3D&trackingId=AWa8amiCSfP6mtTto3tyMw%3D%3D,2026-07-17
yes bank|product manager|mumbai metropolitan region,YES BANK,Product Manager,Mumbai Metropolitan Region,https://in.linkedin.com/jobs/view/product-manager-at-yes-bank-4379565496?position=3&pageNum=5&refId=mEGQG8kNEebomlRd3jehdw%3D%3D&trackingId=DZpE7KMI%2FfyjPjL1VIAEGw%3D%3D,2026-07-17
"scoutit|associate product manager|new delhi, delhi, india",Scoutit,Associate Product Manager,"New Delhi, Delhi, India",https://in.linkedin.com/jobs/view/associate-product-manager-at-scoutit-4440679715?position=4&pageNum=5&refId=mEGQG8kNEebomlRd3jehdw%3D%3D&trackingId=xd0B6gInBawC%2FO7hGDiezA%3D%3D,2026-07-17
"ongrid|associate product manager|gurugram, haryana, india",OnGrid,Associate Product Manager,"Gurugram, Haryana, India",https://in.linkedin.com/jobs/view/associate-product-manager-at-ongrid-4426310243?position=10&pageNum=5&refId=mEGQG8kNEebomlRd3jehdw%3D%3D&trackingId=lKbrPMbUU9cgcNwZKdvSNQ%3D%3D,2026-07-17
"bdo india|product manager-ai|mumbai, maharashtra, india",BDO India,Product Manager-AI,"Mumbai, Maharashtra, India",https://in.linkedin.com/jobs/view/product-manager-ai-at-bdo-india-4436193443?position=2&pageNum=7&refId=0hRXfKi6uhpDTgBdFEJeFA%3D%3D&trackingId=7c78p%2FLezIDNJVxirQPkBQ%3D%3D,2026-07-17
"nykaa|group product manager - fulfillment|gurugram, haryana, india",Nykaa,Group Product Manager - Fulfillment,"Gurugram, Haryana, India",https://in.linkedin.com/jobs/view/group-product-manager-fulfillment-at-nykaa-4437358101?position=1&pageNum=0&refId=i7pwp75WTJlrpiC350fSTw%3D%3D&trackingId=PDAn6y1GaUXnfqWcb3bEvQ%3D%3D,2026-07-17
"airtel digital|senior product manager|gurugram, haryana, india",Airtel Digital,Senior Product Manager,"Gurugram, Haryana, India",https://in.linkedin.com/jobs/view/senior-product-manager-at-airtel-digital-4428216970?position=5&pageNum=0&refId=i7pwp75WTJlrpiC350fSTw%3D%3D&trackingId=WsLY%2Fn2wQ5ErLIOIQ1v79w%3D%3D,2026-07-17
"aristo pharmaceuticals pvt. ltd.|senior product manager|mumbai, maharashtra, india",Aristo Pharmaceuticals Pvt. Ltd.,Senior Product Manager,"Mumbai, Maharashtra, India",https://in.linkedin.com/jobs/view/senior-product-manager-at-aristo-pharmaceuticals-pvt-ltd-4436303818?position=6&pageNum=7&refId=bsmWfT8QJgRFLEU%2FVwkPhg%3D%3D&trackingId=A8BERvxBgjGzER0AI4HEVw%3D%3D,2026-07-17
sun pharma|group product manager - nutri|mumbai metropolitan region,SUN PHARMA,Group Product Manager - Nutri,Mumbai Metropolitan Region,https://in.linkedin.com/jobs/view/group-product-manager-nutri-at-sun-pharma-4419225944?position=7&pageNum=7&refId=bsmWfT8QJgRFLEU%2FVwkPhg%3D%3D&trackingId=%2BF5kJPkiZVYCqo41726ueg%3D%3D,2026-07-17
playlist|principal product manager|mumbai metropolitan region,Playlist,Principal Product Manager,Mumbai Metropolitan Region,https://in.linkedin.com/jobs/view/principal-product-manager-at-playlist-4413633520?position=6&pageNum=5&refId=z5vtHI7AmzNdCzVRrkbNxA%3D%3D&trackingId=eSqkGIv6YNYgPGCqqUbYwQ%3D%3D,2026-07-17
"zydus group|group product manager|mumbai, maharashtra, india",Zydus Group,Group Product Manager,"Mumbai, Maharashtra, India",https://in.linkedin.com/jobs/view/group-product-manager-at-zydus-group-4440548661?position=5&pageNum=0&refId=yotNzHn%2BBYLUP4rWd7VPQg%3D%3D&trackingId=si2QuI1ZFaoby6nK5iDMWA%3D%3D,2026-07-17
sun pharma|group product manager - cvd|mumbai metropolitan region,SUN PHARMA,Group Product Manager - CVD,Mumbai Metropolitan Region,https://in.linkedin.com/jobs/view/group-product-manager-cvd-at-sun-pharma-4401946118?position=10&pageNum=5&refId=JBScBQg9ug2USvNWyp41FQ%3D%3D&trackingId=tJ1qbo4n3qwXSMMayjDlLA%3D%3D,2026-07-17
"emeritus|product manager growth|mumbai, maharashtra, india",Emeritus,Product Manager Growth,"Mumbai, Maharashtra, India",https://in.linkedin.com/jobs/view/product-manager-growth-at-emeritus-4430503450?position=3&pageNum=0&refId=v5QbwFrH3CWMgJj62C5acg%3D%3D&trackingId=AjoxVLSbxeaPQ2cuePlUdw%3D%3D,2026-07-17
"atlys|senior product manager - growth|delhi, india",Atlys,Senior Product Manager - Growth,"Delhi, India",https://in.linkedin.com/jobs/view/senior-product-manager-growth-at-atlys-4434668418?position=7&pageNum=0&refId=v5QbwFrH3CWMgJj62C5acg%3D%3D&trackingId=YD1WkdTUEZFkYwiasZlFJg%3D%3D,2026-07-17
"swiss beauty|product manager|gurugram, haryana, india",Swiss Beauty,Product Manager,"Gurugram, Haryana, India",https://in.linkedin.com/jobs/view/product-manager-at-swiss-beauty-4415009876?position=1&pageNum=2&refId=RYvwMzVjC%2BngXKQkIDzv4A%3D%3D&trackingId=OwQwQPvwRmCK6RaifLPWNw%3D%3D,2026-07-17
nua|product manager|mumbai metropolitan region,Nua,Product Manager,Mumbai Metropolitan Region,https://in.linkedin.com/jobs/view/product-manager-at-nua-4438459761?position=2&pageNum=2&refId=RYvwMzVjC%2BngXKQkIDzv4A%3D%3D&trackingId=c4vhQKqieXV2ydSkyTm%2BSA%3D%3D,2026-07-17
"idfc first bank|product manager-nri|mumbai, maharashtra, india",IDFC FIRST Bank,Product Manager-NRI,"Mumbai, Maharashtra, India",https://in.linkedin.com/jobs/view/product-manager-nri-at-idfc-first-bank-4415769208?position=4&pageNum=2&refId=RYvwMzVjC%2BngXKQkIDzv4A%3D%3D&trackingId=WMqaH27mFurjv0MzLacvLg%3D%3D,2026-07-17
"studyin|senior product manager, websites|delhi, delhi, india",StudyIn,"Senior Product Manager, Websites","Delhi, Delhi, India",https://in.linkedin.com/jobs/view/senior-product-manager-websites-at-studyin-4429241905?position=10&pageNum=2&refId=RYvwMzVjC%2BngXKQkIDzv4A%3D%3D&trackingId=92T2gpoKkOA0etN2hDgJQg%3D%3D,2026-07-17
"plush|brand manager|mumbai, maharashtra, india",Plush,Brand Manager,"Mumbai, Maharashtra, India",https://in.linkedin.com/jobs/view/brand-manager-at-plush-4434478508?position=8&pageNum=0&refId=fpXC46CuehutqoKlFMSGTg%3D%3D&trackingId=WfcOnKeilx1MnmYrTp8ETA%3D%3D,2026-07-17
feedspot|product marketing manager|mumbai metropolitan region,Feedspot,Product Marketing Manager,Mumbai Metropolitan Region,https://in.linkedin.com/jobs/view/product-marketing-manager-at-feedspot-4437209853?position=3&pageNum=2&refId=gvCgOwmQaWEGmUxJkhQTsQ%3D%3D&trackingId=yHIVhQJypytB8Ug2dI%2Fevg%3D%3D,2026-07-17
"infeedo ai|product marketing manager|gurugram, haryana, india",inFeedo AI,Product Marketing Manager,"Gurugram, Haryana, India",https://in.linkedin.com/jobs/view/product-marketing-manager-at-infeedo-ai-4433636891?position=6&pageNum=2&refId=gvCgOwmQaWEGmUxJkhQTsQ%3D%3D&trackingId=0ct1SNI7oPfroJRJnAdJ%2FA%3D%3D,2026-07-17
"authbridge|product marketing manager|gurugram, haryana, india",AuthBridge,Product Marketing Manager,"Gurugram, Haryana, India",https://in.linkedin.com/jobs/view/product-marketing-manager-at-authbridge-4437634017?position=10&pageNum=2&refId=gvCgOwmQaWEGmUxJkhQTsQ%3D%3D&trackingId=j%2Br%2FqfF%2F8NJn9itGnp0jOA%3D%3D,2026-07-17
"1cell.ai inc.|product marketing manager|mumbai, maharashtra, india",1Cell.Ai Inc.,Product Marketing Manager,"Mumbai, Maharashtra, India",https://in.linkedin.com/jobs/view/product-marketing-manager-at-1cell-ai-inc-4440523347?position=2&pageNum=5&refId=qzloIYpHYeMbKRiv5kvKNw%3D%3D&trackingId=6y9hSsvHdBWhhDfqIFdJFw%3D%3D,2026-07-17
"hclsoftware|product marketing manager|noida, uttar pradesh, india",HCLSoftware,Product Marketing Manager,"Noida, Uttar Pradesh, India",https://in.linkedin.com/jobs/view/product-marketing-manager-at-hclsoftware-4439008174?position=8&pageNum=5&refId=qzloIYpHYeMbKRiv5kvKNw%3D%3D&trackingId=YOsGll%2Fu6yf7NH2eEU2nkA%3D%3D,2026-07-17
"ozone group|brand manager|gurugram, haryana, india",Ozone Group,Brand Manager,"Gurugram, Haryana, India",https://in.linkedin.com/jobs/view/brand-manager-at-ozone-group-4427833316?position=8&pageNum=7&refId=LcJ18VQ6WzZG9Q%2F6TobyVw%3D%3D&trackingId=6uQgr69%2F3ghgIeZSnhUSBg%3D%3D,2026-07-17
"godrej industries group|brand manager - international sales|mumbai, maharashtra, india",Godrej Industries Group,Brand Manager - International Sales,"Mumbai, Maharashtra, India",https://in.linkedin.com/jobs/view/brand-manager-international-sales-at-godrej-industries-group-4431769131?position=10&pageNum=7&refId=LcJ18VQ6WzZG9Q%2F6TobyVw%3D%3D&trackingId=pwOd5dea1PYGK%2Ft%2Bj1HEbA%3D%3D,2026-07-17
"vvf group|brand manager – integrated marketing|mumbai, maharashtra, india",VVF Group,Brand Manager – Integrated Marketing,"Mumbai, Maharashtra, India",https://in.linkedin.com/jobs/view/brand-manager-%E2%80%93-integrated-marketing-at-vvf-group-4436321209?position=7&pageNum=7&refId=ubfsEZzNANFaholAKm9EWg%3D%3D&trackingId=mELauo6bRfL2R47zElG51A%3D%3D,2026-07-17
"healthkart|senior brand manager|gurugram, haryana, india",HealthKart,Senior Brand Manager,"Gurugram, Haryana, India",https://in.linkedin.com/jobs/view/senior-brand-manager-at-healthkart-4438786675?position=9&pageNum=7&refId=ubfsEZzNANFaholAKm9EWg%3D%3D&trackingId=XfmsBeIhlPGxCt2AM31NTA%3D%3D,2026-07-17
sun pharma|assistant product manager|mumbai metropolitan region,SUN PHARMA,Assistant Product Manager,Mumbai Metropolitan Region,https://in.linkedin.com/jobs/view/assistant-product-manager-at-sun-pharma-4428932492?position=10&pageNum=2&refId=Szkd%2BiF3yXd%2Br2JjDzyc%2Fw%3D%3D&trackingId=9Ii0S4%2F40HlxyIYXzMBNTQ%3D%3D,2026-07-17
"zafify|brand manager - product launches d2c|delhi, india",Zafify,Brand Manager - Product Launches D2C,"Delhi, India",https://in.linkedin.com/jobs/view/brand-manager-product-launches-d2c-at-zafify-4435950681?position=10&pageNum=5&refId=SBf97O%2FHbJE1f6sPzRNCXA%3D%3D&trackingId=cmFi6Vl7yzvixUpJ98O1%2FQ%3D%3D,2026-07-17
"amazon|sales operations and strategy manager, amazon ad sales|mumbai metropolitan region",Amazon,"Sales Operations and Strategy Manager, Amazon Ad Sales",Mumbai Metropolitan Region,https://in.linkedin.com/jobs/view/sales-operations-and-strategy-manager-amazon-ad-sales-at-amazon-4416266920?position=8&pageNum=7&refId=nsiFuPlAbjCr60aukOUhxA%3D%3D&trackingId=0cUPxP4s%2BBxh7b%2FY%2FvpAgw%3D%3D,2026-07-17
"strada|workday consultant|navi mumbai, maharashtra, india",Strada,Workday Consultant,"Navi Mumbai, Maharashtra, India",https://in.linkedin.com/jobs/view/workday-consultant-at-strada-4435693097?position=5&pageNum=0&refId=DKwr9zHRsr%2Ft40YARtadSg%3D%3D&trackingId=YIDaVv3GyLQrrA%2BqC6Wq3A%3D%3D,2026-07-17
"accenture in india|s&c gn - mc - industry x – capital projects – consultant|gurugram, haryana, india",Accenture in India,S&C GN - MC - Industry X – Capital Projects – Consultant,"Gurugram, Haryana, India",https://in.linkedin.com/jobs/view/s-c-gn-mc-industry-x-%E2%80%93-capital-projects-%E2%80%93-consultant-at-accenture-in-india-4384770831?position=6&pageNum=0&refId=DKwr9zHRsr%2Ft40YARtadSg%3D%3D&trackingId=%2BZyFgouSbhSOrp3VMcRjsA%3D%3D,2026-07-17
"asian hires|epm consultant|mumbai, maharashtra, india",Asian Hires,EPM Consultant,"Mumbai, Maharashtra, India",https://in.linkedin.com/jobs/view/epm-consultant-at-asian-hires-4438938060?position=7&pageNum=0&refId=DKwr9zHRsr%2Ft40YARtadSg%3D%3D&trackingId=IQfW53FLeTl3zjurZs8rww%3D%3D,2026-07-17
"mercer|senior consultant - compensation consulting|mumbai, maharashtra, india",Mercer,Senior Consultant - Compensation Consulting,"Mumbai, Maharashtra, India",https://in.linkedin.com/jobs/view/senior-consultant-compensation-consulting-at-mercer-4440689320?position=10&pageNum=0&refId=DKwr9zHRsr%2Ft40YARtadSg%3D%3D&trackingId=8jxgkviMA8R%2Fp58poTG95A%3D%3D,2026-07-17
"kpmg india|consultant/am - market risk|gurugram, haryana, india",KPMG India,Consultant/AM - Market Risk,"Gurugram, Haryana, India",https://in.linkedin.com/jobs/view/consultant-am-market-risk-at-kpmg-india-4441467124?position=1&pageNum=2&refId=Cjf5r1CW254FBYCcc5ne3w%3D%3D&trackingId=g4JGM6Eoah84O0Spq0wmgQ%3D%3D,2026-07-17
"pwc india|senior consultant|noida, uttar pradesh, india",PwC India,Senior Consultant,"Noida, Uttar Pradesh, India",https://in.linkedin.com/jobs/view/senior-consultant-at-pwc-india-4439426231?position=5&pageNum=2&refId=Cjf5r1CW254FBYCcc5ne3w%3D%3D&trackingId=bz8LozxBU%2F8I%2BE2piq8AoA%3D%3D,2026-07-17
"e-hireo|growth consultant|delhi, india",e-Hireo,Growth Consultant,"Delhi, India",https://in.linkedin.com/jobs/view/growth-consultant-at-e-hireo-4440002446?position=10&pageNum=2&refId=Cjf5r1CW254FBYCcc5ne3w%3D%3D&trackingId=8DF2l2xmmX5%2Bxh0CkQAO%2FA%3D%3D,2026-07-17
"pwc india|senior consultant|mumbai, maharashtra, india",PwC India,Senior Consultant,"Mumbai, Maharashtra, India",https://in.linkedin.com/jobs/view/senior-consultant-at-pwc-india-4439345022?position=1&pageNum=0&refId=%2FxYgCnt2Nme4sSS0BKv6Pw%3D%3D&trackingId=e0CFO5cTwbb%2B6TxJ6cVuKg%3D%3D,2026-07-17
"atos|senior consultant|navi mumbai, maharashtra, india",Atos,SENIOR CONSULTANT,"Navi Mumbai, Maharashtra, India",https://in.linkedin.com/jobs/view/senior-consultant-at-atos-4437691334?position=3&pageNum=0&refId=%2FxYgCnt2Nme4sSS0BKv6Pw%3D%3D&trackingId=hHrRvzBhn9e9GX1jy3ulYQ%3D%3D,2026-07-17
"wipro|senior consultant - tech & impl l1|gurugram, haryana, india",Wipro,SENIOR CONSULTANT - TECH & IMPL L1,"Gurugram, Haryana, India",https://in.linkedin.com/jobs/view/senior-consultant-tech-impl-l1-at-wipro-4434411506?position=7&pageNum=0&refId=%2FxYgCnt2Nme4sSS0BKv6Pw%3D%3D&trackingId=5xnHxn68jUApDy6uWKQTeg%3D%3D,2026-07-17
"pwc india|senior consultant|delhi, india",PwC India,Senior Consultant,"Delhi, India",https://in.linkedin.com/jobs/view/senior-consultant-at-pwc-india-4432618600?position=4&pageNum=7&refId=gKFlrKvJaZAXyQVyvxdo9w%3D%3D&trackingId=5IOOPFXzdJKe0LE4V8UnNQ%3D%3D,2026-07-17
"capgemini|program manager|gurgaon, haryana, india",Capgemini,Program Manager,"Gurgaon, Haryana, India",https://in.linkedin.com/jobs/view/program-manager-at-capgemini-4438272035?position=10&pageNum=2&refId=I3UaziH1MTuiymJt4i%2FNdQ%3D%3D&trackingId=Kfw4h8eg%2BgyyoVBqza42uw%3D%3D,2026-07-17
"crompton greaves consumer electricals limited|product manager|mumbai, maharashtra, india",Crompton Greaves Consumer Electricals Limited,Product Manager,"Mumbai, Maharashtra, India",https://in.linkedin.com/jobs/view/product-manager-at-crompton-greaves-consumer-electricals-limited-4435945393?position=7&pageNum=2&refId=RphaJc2e%2BjY2Lo%2FPddQzJg%3D%3D&trackingId=ojkTjntE0BV0agYVf9rAwg%3D%3D,2026-07-17
"sumo logic|product manager|noida, uttar pradesh, india",Sumo Logic,Product Manager,"Noida, Uttar Pradesh, India",https://in.linkedin.com/jobs/view/product-manager-at-sumo-logic-4416608223?position=8&pageNum=2&refId=RphaJc2e%2BjY2Lo%2FPddQzJg%3D%3D&trackingId=1AaLIfopNtVQIU5U%2B3h7Dw%3D%3D,2026-07-17
"bullet microdrama ott|product manager|new delhi, delhi, india",Bullet Microdrama OTT,Product Manager,"New Delhi, Delhi, India",https://in.linkedin.com/jobs/view/product-manager-at-bullet-microdrama-ott-4435767282?position=8&pageNum=5&refId=QiEbkNQcuebZNm2D%2FQRG5g%3D%3D&trackingId=jI36Mn1ZKqw6IjZiHUIuoQ%3D%3D,2026-07-17
"nuclei|associate product manager|delhi, delhi, india",Nuclei,Associate Product Manager,"Delhi, Delhi, India",https://in.linkedin.com/jobs/view/associate-product-manager-at-nuclei-4440607453?position=2&pageNum=0&refId=ZgI%2B8gOr90ukKCxv%2FAbjCg%3D%3D&trackingId=WqcxcEy90zMIIbAgZv3S1Q%3D%3D,2026-07-17
"skeps|associate product manager|gurgaon, haryana, india",Skeps,Associate Product Manager,"Gurgaon, Haryana, India",https://in.linkedin.com/jobs/view/associate-product-manager-at-skeps-4436959009?position=3&pageNum=0&refId=ZgI%2B8gOr90ukKCxv%2FAbjCg%3D%3D&trackingId=HPgWV1%2BRI7bqtYVURUwIhA%3D%3D,2026-07-17
"flick2know|associate product manager | gurgaon|gurugram, haryana, india",Flick2Know,Associate Product Manager | Gurgaon,"Gurugram, Haryana, India",https://in.linkedin.com/jobs/view/associate-product-manager-gurgaon-at-flick2know-4416164362?position=4&pageNum=0&refId=ZgI%2B8gOr90ukKCxv%2FAbjCg%3D%3D&trackingId=wnVmfINKcgPXHY5%2FpPcqfw%3D%3D,2026-07-17
"aisensy|associate product manager|gurugram, haryana, india",AiSensy,Associate Product Manager,"Gurugram, Haryana, India",https://in.linkedin.com/jobs/view/associate-product-manager-at-aisensy-4430696335?position=6&pageNum=0&refId=ZgI%2B8gOr90ukKCxv%2FAbjCg%3D%3D&trackingId=ScfXZI21jo%2BRbKOX037v1w%3D%3D,2026-07-17
"shaadi.com|associate product manager|mumbai, maharashtra, india",Shaadi.com,Associate Product Manager,"Mumbai, Maharashtra, India",https://in.linkedin.com/jobs/view/associate-product-manager-at-shaadi-com-4432193642?position=9&pageNum=0&refId=ZgI%2B8gOr90ukKCxv%2FAbjCg%3D%3D&trackingId=NNKAPDZh30KTUdTWIWtxNA%3D%3D,2026-07-17
"spinny|group product manager|gurugram, haryana, india",Spinny,Group Product Manager,"Gurugram, Haryana, India",https://in.linkedin.com/jobs/view/group-product-manager-at-spinny-4434986415?position=1&pageNum=2&refId=2skiuf%2FMX12cppOo%2Bpz0dw%3D%3D&trackingId=FFgNVZYcE1ZANuld5SWSgg%3D%3D,2026-07-17
"cvent|senior product manager (integrations)|gurugram, haryana, india",Cvent,Senior Product Manager (Integrations),"Gurugram, Haryana, India",https://in.linkedin.com/jobs/view/senior-product-manager-integrations-at-cvent-4437376800?position=4&pageNum=2&refId=2skiuf%2FMX12cppOo%2Bpz0dw%3D%3D&trackingId=ji9MYmZCgwVtc1Q5zqXaMw%3D%3D,2026-07-17
revv|product manager|gurgaon,Revv,Product Manager,Gurgaon,https://www.instahyre.com/job-430983-product-manager-at-revv-gurgaon/,2026-07-17
urban harvest|associate product manager|noida,Urban Harvest,Associate Product Manager,Noida,https://www.instahyre.com/job-424858-associate-product-manager-at-urban-harvest-noida/,2026-07-17
deutsche telekom digital labs|senior product manager 1|gurgaon,Deutsche Telekom Digital Labs,Senior Product Manager 1,Gurgaon,https://www.instahyre.com/job-427511-senior-product-manager-1-at-deutsche-telekom-digital-labs-gurgaon/,2026-07-17
deutsche telekom digital labs|product manager - ai|gurgaon,Deutsche Telekom Digital Labs,Product Manager - AI,Gurgaon,https://www.instahyre.com/job-425523-product-manager-ai-at-deutsche-telekom-digital-labs-gurgaon/,2026-07-17
deutsche telekom digital labs|senior product manager - ai|gurgaon,Deutsche Telekom Digital Labs,Senior Product Manager - AI,Gurgaon,https://www.instahyre.com/job-428943-senior-product-manager-ai-at-deutsche-telekom-digital-labs-gurgaon/,2026-07-17
deutsche telekom digital labs|senior product manager|gurgaon,Deutsche Telekom Digital Labs,Senior Product Manager,Gurgaon,https://www.instahyre.com/job-427450-senior-product-manager-at-deutsche-telekom-digital-labs-gurgaon/,2026-07-17
deutsche telekom digital labs|ai product manager|gurgaon,Deutsche Telekom Digital Labs,AI Product Manager,Gurgaon,https://www.instahyre.com/job-425524-ai-product-manager-at-deutsche-telekom-digital-labs-gurgaon/,2026-07-17
deutsche telekom digital labs|senior product manager 2|gurgaon,Deutsche Telekom Digital Labs,Senior Product Manager 2,Gurgaon,https://www.instahyre.com/job-432398-senior-product-manager-2-at-deutsche-telekom-digital-labs-gurgaon/,2026-07-17
"deutsche telekom digital labs|principal product manager|delhi,gurgaon,noida",Deutsche Telekom Digital Labs,Principal Product Manager,"Delhi,Gurgaon,Noida",https://www.instahyre.com/job-433878-principal-product-manager-at-deutsche-telekom-digital-labs-delhi-gurgaon-noida/,2026-07-17
greyorange|senior product manager|gurgaon,GreyOrange,Senior Product Manager,Gurgaon,https://www.instahyre.com/job-431825-senior-product-manager-at-greyorange-2-gurgaon/,2026-07-17
deutsche telekom digital labs|principal product manager|gurgaon,Deutsche Telekom Digital Labs,Principal Product Manager,Gurgaon,https://www.instahyre.com/job-428892-principal-product-manager-at-deutsche-telekom-digital-labs-gurgaon/,2026-07-17
greyorange|product manager|gurgaon,GreyOrange,Product Manager,Gurgaon,https://www.instahyre.com/job-428973-product-manager-at-greyorange-2-gurgaon/,2026-07-17
deutsche telekom digital labs|group product manager|gurgaon,Deutsche Telekom Digital Labs,Group Product Manager,Gurgaon,https://www.instahyre.com/job-432400-group-product-manager-at-deutsche-telekom-digital-labs-gurgaon/,2026-07-17
deutsche telekom digital labs|staff product manager ii|gurgaon,Deutsche Telekom Digital Labs,Staff Product Manager II,Gurgaon,https://www.instahyre.com/job-433879-staff-product-manager-ii-at-deutsche-telekom-digital-labs-gurgaon/,2026-07-17
deutsche telekom digital labs|senior product manager (spm2)|gurgaon,Deutsche Telekom Digital Labs,Senior Product Manager (SPM2),Gurgaon,https://www.instahyre.com/job-433103-senior-product-manager-spm2-at-deutsche-telekom-digital-labs-gurgaon/,2026-07-17
deutsche telekom digital labs|principle product manager|gurgaon,Deutsche Telekom Digital Labs,Principle Product Manager,Gurgaon,https://www.instahyre.com/job-432399-principle-product-manager-at-deutsche-telekom-digital-labs-gurgaon/,2026-07-17
greyorange|group product manager|gurgaon,GreyOrange,Group Product Manager,Gurgaon,https://www.instahyre.com/job-428975-group-product-manager-at-greyorange-2-gurgaon/,2026-07-17
greyorange|principal product manager|gurgaon,GreyOrange,Principal Product Manager,Gurgaon,https://www.instahyre.com/job-424678-principal-product-manager-at-greyorange-2-gurgaon/,2026-07-17
deutsche telekom digital labs|group product manager - b2c|gurgaon,Deutsche Telekom Digital Labs,Group Product Manager - B2C,Gurgaon,https://www.instahyre.com/job-430804-group-product-manager-b2c-at-deutsche-telekom-digital-labs-gurgaon/,2026-07-17
deutsche telekom digital labs|group product manager (agentic ai)|gurgaon,Deutsche Telekom Digital Labs,Group Product Manager (Agentic AI),Gurgaon,https://www.instahyre.com/job-426279-group-product-manager-agentic-ai-at-deutsche-telekom-digital-labs-gurgaon/,2026-07-17
deutsche telekom digital labs|product manager|gurgaon,Deutsche Telekom Digital Labs,Product Manager,Gurgaon,https://www.instahyre.com/job-422780-product-manager-at-deutsche-telekom-digital-labs-gurgaon/,2026-07-17
deutsche telekom digital labs|sr. ai product manager|gurgaon,Deutsche Telekom Digital Labs,Sr. AI Product Manager,Gurgaon,https://www.instahyre.com/job-425490-sr-ai-product-manager-at-deutsche-telekom-digital-labs-gurgaon/,2026-07-17
deutsche telekom digital labs|lead product manager|gurgaon,Deutsche Telekom Digital Labs,Lead Product Manager,Gurgaon,https://www.instahyre.com/job-432928-lead-product-manager-at-deutsche-telekom-digital-labs-gurgaon/,2026-07-17
deutsche telekom digital labs|group product manager - agentic ai|gurgaon,Deutsche Telekom Digital Labs,Group Product Manager - Agentic AI,Gurgaon,https://www.instahyre.com/job-426367-group-product-manager-agentic-ai-at-deutsche-telekom-digital-labs-gurgaon/,2026-07-17
deutsche telekom digital labs|senior product manager - stb|gurgaon,Deutsche Telekom Digital Labs,Senior Product Manager - STB,Gurgaon,https://www.instahyre.com/job-428743-senior-product-manager-stb-at-deutsche-telekom-digital-labs-gurgaon/,2026-07-17
skeps|associate product manager|gurgaon,Skeps,Associate Product Manager,Gurgaon,https://www.instahyre.com/job-430453-associate-product-manager-at-skeps-gurgaon/,2026-07-17
deutsche telekom digital labs|senior product manager - ii|gurgaon,Deutsche Telekom Digital Labs,Senior Product Manager - II,Gurgaon,https://www.instahyre.com/job-432367-senior-product-manager-ii-at-deutsche-telekom-digital-labs-gurgaon/,2026-07-17
cloudkeeper|product manager|noida,CloudKeeper,Product Manager,Noida,https://www.instahyre.com/job-433059-product-manager-at-cloudkeeper-noida/,2026-07-17
truva|associate brand manager|mumbai,Truva,Associate Brand Manager,Mumbai,https://www.instahyre.com/job-432776-associate-brand-manager-at-truva-mumbai/,2026-07-17
sova health|brand manager|gurgaon,Sova Health,Brand Manager,Gurgaon,https://www.instahyre.com/job-425579-brand-manager-at-sova-health-gurgaon/,2026-07-17
getsetyo|brand manager|gurgaon,GetSetYo,Brand Manager,Gurgaon,https://www.instahyre.com/job-428529-brand-manager-at-getsetyo-2-gurgaon/,2026-07-17
sorta famous|senior brand manager|mumbai,Sorta Famous,Senior Brand Manager,Mumbai,https://www.instahyre.com/job-433612-senior-brand-manager-at-sorta-famous-mumbai/,2026-07-17
"inamo|program manager|bangalore,mumbai",Inamo,Program Manager,"Bangalore,Mumbai",https://www.instahyre.com/job-428668-program-manager-at-inamo-bangalore-mumbai/,2026-07-17
iqlytics solutions|supply chain analytics consultant|mumbai,IQlytics Solutions,Supply Chain Analytics Consultant,Mumbai,https://www.instahyre.com/job-427308-supply-chain-analytics-consultant-at-iqlytics-solutions-mumbai/,2026-07-17
"shipsy|senior consultant - growth, value|gurgaon",Shipsy,"Senior Consultant - Growth, Value",Gurgaon,https://www.instahyre.com/job-421648-senior-consultant-growth-value-at-shipsy-gurgaon/,2026-07-17
sterlite technologies|sap mm consultant|mumbai,Sterlite Technologies,SAP MM Consultant,Mumbai,https://www.instahyre.com/job-433822-sap-mm-consultant-at-sterlite-technologies-mumbai/,2026-07-17
creatif technologies|erp functional consultant|navi mumbai,Creatif Technologies,ERP Functional Consultant,Navi Mumbai,https://www.instahyre.com/job-431395-erp-functional-consultant-at-creatif-technologies-navi-mumbai/,2026-07-17
"virtuoso consulting & technology|sap crm is - u consultant|hyderabad,noida",Virtuoso Consulting & Technology,SAP CRM IS - U Consultant,"Hyderabad,Noida",https://www.instahyre.com/job-431491-sap-crm-is-u-consultant-at-virtuoso-consulting-technology-hyderabad-noida/,2026-07-17
"accenture|genesys consultant|bangalore,gurgaon,pune",Accenture,Genesys Consultant,"Bangalore,Gurgaon,Pune",https://www.instahyre.com/job-430589-genesys-consultant-at-accenture-2-bangalore-gurgaon-pune/,2026-07-17
"ingenx technology|sr. sap abap consultant|gurgaon,noida",IngenX Technology,Sr. SAP ABAP Consultant,"Gurgaon,Noida",https://www.instahyre.com/job-413328-sr-sap-abap-consultant-at-ingenx-technology-gurgaon-noida/,2026-07-17
"eagle jewellery machinery tools|sap mm consultant|mumbai,navi mumbai",Eagle Jewellery Machinery Tools,SAP MM Consultant,"Mumbai,Navi Mumbai",https://www.instahyre.com/job-423186-sap-mm-consultant-at-eagle-jewellery-machinery-tools-mumbai-navi-mumbai/,2026-07-17
"accenture|sap is - u consultant|bangalore,gurgaon,mumbai",Accenture,SAP IS - U Consultant,"Bangalore,Gurgaon,Mumbai",https://www.instahyre.com/job-417193-sap-is-u-consultant-at-accenture-2-bangalore-gurgaon-mumbai/,2026-07-17
"accenture|sap ewm consultant|bangalore,gurgaon,mumbai",Accenture,SAP EWM Consultant,"Bangalore,Gurgaon,Mumbai",https://www.instahyre.com/job-417115-sap-ewm-consultant-at-accenture-2-bangalore-gurgaon-mumbai/,2026-07-17
engineo solutions|implementation consultant|gurgaon,EngiNeo Solutions,Implementation Consultant,Gurgaon,https://www.instahyre.com/job-418779-implementation-consultant-at-engineo-solutions-gurgaon/,2026-07-17
"accenture|sap brim consultant|bangalore,gurgaon,mumbai",Accenture,SAP BRIM Consultant,"Bangalore,Gurgaon,Mumbai",https://www.instahyre.com/job-417845-sap-brim-consultant-at-accenture-2-bangalore-gurgaon-mumbai/,2026-07-17
"accenture|gis consultant|bangalore,gurgaon,mumbai",Accenture,GIS Consultant,"Bangalore,Gurgaon,Mumbai",https://www.instahyre.com/job-414557-gis-consultant-at-accenture-2-bangalore-gurgaon-mumbai/,2026-07-17
"accenture|amazon connect consultant|bangalore,gurgaon,mumbai",Accenture,Amazon Connect Consultant,"Bangalore,Gurgaon,Mumbai",https://www.instahyre.com/job-413230-amazon-connect-consultant-at-accenture-2-bangalore-gurgaon-mumbai/,2026-07-17
"accenture|llm engineer consultant|bangalore,gurgaon,mumbai",Accenture,LLM Engineer Consultant,"Bangalore,Gurgaon,Mumbai",https://www.instahyre.com/job-412524-llm-engineer-consultant-at-accenture-2-bangalore-gurgaon-mumbai/,2026-07-17
"virtuoso consulting & technology|sap is - u crm consultant|bangalore,hyderabad,noida",Virtuoso Consulting & Technology,SAP IS - U CRM Consultant,"Bangalore,Hyderabad,Noida",https://www.instahyre.com/job-431621-sap-is-u-crm-consultant-at-virtuoso-consulting-technology-bangalore-hyderabad-noida/,2026-07-17
"qinecsa solutions|solution design consultant|bangalore,delhi,noida",Qinecsa Solutions,Solution Design Consultant,"Bangalore,Delhi,Noida",https://www.instahyre.com/job-426798-solution-design-consultant-at-qinecsa-solutions-bangalore-delhi-noida/,2026-07-17
"yellow octo|sap sd functional consultant|bangalore,bhopal,mumbai",Yellow Octo,SAP SD Functional Consultant,"Bangalore,Bhopal,Mumbai",https://www.instahyre.com/job-424024-sap-sd-functional-consultant-at-yellow-octo-bangalore-bhopal-mumbai/,2026-07-17
accenture|sprinklr consultant|mumbai,Accenture,Sprinklr Consultant,Mumbai,https://www.instahyre.com/job-423830-sprinklr-consultant-at-accenture-2-mumbai/,2026-07-17
"adobe|technical consultant iam|bangalore,noida",Adobe,Technical Consultant IAM,"Bangalore,Noida",https://www.instahyre.com/job-433610-technical-consultant-iam-at-adobe-bangalore-noida/,2026-07-17
cashfree|senior technical program manager|gurgaon,Cashfree,Senior Technical Program Manager,Gurgaon,https://www.instahyre.com/job-431513-senior-technical-program-manager-at-cashfree-gurgaon/,2026-07-17
emb global|ai consultant|gurgaon,EMB Global,AI Consultant,Gurgaon,https://www.instahyre.com/job-425188-ai-consultant-at-emb-global-gurgaon/,2026-07-17
docengage|oracle hcm technical consultant|gurgaon,DocEngage,Oracle HCM Technical Consultant,Gurgaon,https://www.instahyre.com/job-421056-oracle-hcm-technical-consultant-at-docengage-gurgaon/,2026-07-17
squadstack.ai|product manager - ai agent|noida,SquadStack.ai,Product Manager - AI Agent,Noida,https://www.instahyre.com/job-432935-product-manager-ai-agent-at-squadstack-noida/,2026-07-17
"ingenx technology|senior sap abap consultant|gurgaon,noida",IngenX Technology,Senior SAP ABAP Consultant,"Gurgaon,Noida",https://www.instahyre.com/job-415101-senior-sap-abap-consultant-at-ingenx-technology-gurgaon-noida/,2026-07-17
win home inspection|product manager|greater delhi area,WIN Home Inspection,Product Manager,Greater Delhi Area,https://in.linkedin.com/jobs/view/product-manager-at-win-home-inspection-4412780797?position=10&pageNum=2&refId=XvcPzKIr91Y5HpwxARaaaQ%3D%3D&trackingId=XBJFfRFN2noA3ymerC%2FUSw%3D%3D,2026-07-17
traya|traya health - product manager|mumbai metropolitan region,Traya,Traya Health - Product Manager,Mumbai Metropolitan Region,https://in.linkedin.com/jobs/view/traya-health-product-manager-at-traya-4422631791?position=10&pageNum=5&refId=KDK8ISDPXzLyp3r5Ty1eow%3D%3D&trackingId=2phnGlNM%2BAiOXv5Appxiiw%3D%3D,2026-07-17
"sumo logic|senior product manager i|noida, uttar pradesh, india",Sumo Logic,Senior Product Manager I,"Noida, Uttar Pradesh, India",https://in.linkedin.com/jobs/view/senior-product-manager-i-at-sumo-logic-4416091411?position=2&pageNum=2&refId=OE9NDBQq6poknjkbJ72s1w%3D%3D&trackingId=faGMu9TlC7MHESV53m%2BTSQ%3D%3D,2026-07-17
"ipca laboratories limited, kandivali|group product manager|mumbai, maharashtra, india","Ipca Laboratories Limited, Kandivali",Group Product Manager,"Mumbai, Maharashtra, India",https://in.linkedin.com/jobs/view/group-product-manager-4303963792?position=1&pageNum=7&refId=p9nujbeEvT4F%2BniOWY6BYw%3D%3D&trackingId=OTRSWlN4UwSVTvTIstQebg%3D%3D&trk=public_jobs_jserp-result_search-card,2026-07-17
abbott|group product manager- restora|mumbai metropolitan region,Abbott,Group Product Manager- Restora,Mumbai Metropolitan Region,https://in.linkedin.com/jobs/view/group-product-manager-restora-at-abbott-4420291794?position=3&pageNum=7&refId=p9nujbeEvT4F%2BniOWY6BYw%3D%3D&trackingId=QUQs35xO64W%2BBSEnN7pcgQ%3D%3D,2026-07-17
sun pharma|group product manager|mumbai metropolitan region,SUN PHARMA,Group Product Manager,Mumbai Metropolitan Region,https://in.linkedin.com/jobs/view/group-product-manager-at-sun-pharma-4426853591?position=5&pageNum=7&refId=p9nujbeEvT4F%2BniOWY6BYw%3D%3D&trackingId=m%2FdsrOCoaVIocMamCcvnCw%3D%3D,2026-07-17
sun pharma|group product manager - sunvizen|mumbai metropolitan region,SUN PHARMA,Group Product Manager - Sunvizen,Mumbai Metropolitan Region,https://in.linkedin.com/jobs/view/group-product-manager-sunvizen-at-sun-pharma-4424810013?position=8&pageNum=7&refId=p9nujbeEvT4F%2BniOWY6BYw%3D%3D&trackingId=vlPdSyXy%2B82Un4kc09qnoA%3D%3D,2026-07-17
"makemytrip|associate product manager (connect)|gurgaon, haryana, india",MakeMyTrip,Associate Product Manager (Connect),"Gurgaon, Haryana, India",https://in.linkedin.com/jobs/view/associate-product-manager-connect-at-makemytrip-4405817132?position=3&pageNum=0&refId=43EQudblW9uFEUo3yEl%2Fxg%3D%3D&trackingId=Sho%2FO81%2FosRW9z84oEXnzw%3D%3D,2026-07-17
kotak mahindra bank|product manager- diy|mumbai metropolitan region,Kotak Mahindra Bank,Product Manager-  DIY,Mumbai Metropolitan Region,https://in.linkedin.com/jobs/view/product-manager-diy-at-kotak-mahindra-bank-4428944314?position=2&pageNum=5&refId=EFlRF%2B9qFN7lyE3cpp0LXw%3D%3D&trackingId=gwzqmj2c%2BuLU0O2lfjRANw%3D%3D,2026-07-17
"beam ai|associate product manager|noida, uttar pradesh, india",Beam AI,Associate Product Manager,"Noida, Uttar Pradesh, India",https://in.linkedin.com/jobs/view/associate-product-manager-at-beam-ai-4437676251?position=4&pageNum=5&refId=EFlRF%2B9qFN7lyE3cpp0LXw%3D%3D&trackingId=E22ZgiyP%2BuRj%2FtYIA9a9qA%3D%3D,2026-07-17
"idfc first bank|senior product marketing manager|mumbai, maharashtra, india",IDFC FIRST Bank,Senior Product Marketing Manager,"Mumbai, Maharashtra, India",https://in.linkedin.com/jobs/view/senior-product-marketing-manager-at-idfc-first-bank-4424069402?position=10&pageNum=7&refId=2zkx%2BYS3pLEakyA%2BB2J2ZQ%3D%3D&trackingId=DZ4whc%2F32z5SaSRTN%2Bm01A%3D%3D,2026-07-17
"galderma|assistant brand manager|mumbai, maharashtra, india",Galderma,Assistant Brand Manager,"Mumbai, Maharashtra, India",https://in.linkedin.com/jobs/view/assistant-brand-manager-at-galderma-4438612450?position=10&pageNum=2&refId=ElQkOFqaqrM4CQnnYEPnTw%3D%3D&trackingId=B209GjquUOgn5E0c5hQ53Q%3D%3D,2026-07-17
"please see//|senior brand manager|mumbai, maharashtra, india",Please See//,Senior Brand Manager,"Mumbai, Maharashtra, India",https://in.linkedin.com/jobs/view/senior-brand-manager-at-please-see-4435043582?position=8&pageNum=7&refId=oBJZCazvVCi0QwUm8Hlgjw%3D%3D&trackingId=7%2FX2c3sR7bdW5pwixflNxQ%3D%3D,2026-07-17
"crestra communication pvt. ltd.|brand manager|new delhi, delhi, india",Crestra Communication Pvt. Ltd.,Brand Manager,"New Delhi, Delhi, India",https://in.linkedin.com/jobs/view/brand-manager-at-crestra-communication-pvt-ltd-4437367349?position=10&pageNum=7&refId=oBJZCazvVCi0QwUm8Hlgjw%3D%3D&trackingId=ptAHS5qnPIRvYxkcDgHgPw%3D%3D,2026-07-17
"kaidoo kids|brand manager|mumbai, maharashtra, india",Kaidoo Kids,Brand Manager,"Mumbai, Maharashtra, India",https://in.linkedin.com/jobs/view/brand-manager-at-kaidoo-kids-4437690035?position=3&pageNum=7&refId=RZOth2YSI%2Bz6A2C2pVEyhA%3D%3D&trackingId=7ti8rjfMT%2BsCnh%2Bye1ro2g%3D%3D,2026-07-17
"idfc first bank|strategy manager-debt management|mumbai, maharashtra, india",IDFC FIRST Bank,Strategy Manager-Debt Management,"Mumbai, Maharashtra, India",https://in.linkedin.com/jobs/view/strategy-manager-debt-management-at-idfc-first-bank-4431244869?position=10&pageNum=5&refId=oWMazOh6SLEdjPtOgF8Jfw%3D%3D&trackingId=z1Pi6nedT1kfa5J4Mj1caQ%3D%3D,2026-07-17
"infosys bpm|infosys bpm is hiring for p&c actuarial consultant- mumbai, delhi, pune , bangalore|mumbai, maharashtra, india",Infosys BPM,"Infosys BPM is hiring for P&C Actuarial Consultant- Mumbai, Delhi, Pune , Bangalore","Mumbai, Maharashtra, India",https://in.linkedin.com/jobs/view/infosys-bpm-is-hiring-for-p-c-actuarial-consultant-mumbai-delhi-pune-bangalore-at-infosys-bpm-4435216326?position=2&pageNum=7&refId=Ntp0sKHVmMwxxepa1GUS%2FQ%3D%3D&trackingId=d1MdODAND8nuaSvvtfTD5g%3D%3D,2026-07-17
"clearview healthcare partners|life sciences consultant - india|gurgaon, haryana, india",ClearView Healthcare Partners,Life Sciences Consultant - India,"Gurgaon, Haryana, India",https://in.linkedin.com/jobs/view/life-sciences-consultant-india-at-clearview-healthcare-partners-4417669385?position=3&pageNum=7&refId=Ntp0sKHVmMwxxepa1GUS%2FQ%3D%3D&trackingId=NB0dEyem8GcUIIeCQx55DA%3D%3D,2026-07-17
"deutsche bank|management consulting consultant, as|mumbai, maharashtra, india",Deutsche Bank,"Management Consulting Consultant, AS","Mumbai, Maharashtra, India",https://in.linkedin.com/jobs/view/management-consulting-consultant-as-at-deutsche-bank-4429167697?position=1&pageNum=2&refId=5EaeC2h2xF7t7A9PSLn8tA%3D%3D&trackingId=QNa0XChMjtn4ThMpXj%2BCvw%3D%3D,2026-07-17
"bristlecone|consultant - emerging platforms|mumbai, maharashtra, india",Bristlecone,Consultant - Emerging Platforms,"Mumbai, Maharashtra, India",https://in.linkedin.com/jobs/view/consultant-emerging-platforms-at-bristlecone-4429774316?position=8&pageNum=2&refId=5EaeC2h2xF7t7A9PSLn8tA%3D%3D&trackingId=hK8Gh24i4eWAAEAbNtSdbw%3D%3D,2026-07-17
"delhivery|product manager|gurugram, haryana, india",Delhivery,Product Manager,"Gurugram, Haryana, India",https://in.linkedin.com/jobs/view/product-manager-at-delhivery-4439218010?position=7&pageNum=7&refId=oZp3TZT2%2FwdGcmwwc%2BmtQA%3D%3D&trackingId=8RidhOpzrUmOFw3gJXKEYg%3D%3D,2026-07-17
"netomi|senior product manager|gurugram, haryana, india",Netomi,Senior Product Manager,"Gurugram, Haryana, India",https://in.linkedin.com/jobs/view/senior-product-manager-at-netomi-4437661067?position=1&pageNum=7&refId=W2weS35G9tZXmO8LOmrpxQ%3D%3D&trackingId=RpWhK%2FmBf2fyZu38qbtMcQ%3D%3D,2026-07-17
sun pharma|group product manager - arian (cvd)|mumbai metropolitan region,SUN PHARMA,Group Product Manager - Arian (CVD),Mumbai Metropolitan Region,https://in.linkedin.com/jobs/view/group-product-manager-arian-cvd-at-sun-pharma-4429086552?position=1&pageNum=7&refId=OqADdNrjlyG%2BL9eRw8fISA%3D%3D&trackingId=OG0d9Z%2F5bVC7l2UCqPXhsQ%3D%3D,2026-07-17
"ipca laboratories limited|group product manager - neuropsychiatry|mumbai, maharashtra, india",Ipca Laboratories Limited,Group Product Manager - Neuropsychiatry,"Mumbai, Maharashtra, India",https://in.linkedin.com/jobs/view/group-product-manager-neuropsychiatry-at-ipca-laboratories-limited-4421801669?position=2&pageNum=7&refId=OqADdNrjlyG%2BL9eRw8fISA%3D%3D&trackingId=99N6F9S4sHaL6HlxEHfEmw%3D%3D,2026-07-17
"dainik bhaskar|interesting job opportunity: dainik bhaskar - senior product manager|noida, uttar pradesh, india",Dainik Bhaskar,Interesting Job Opportunity: Dainik Bhaskar - Senior Product Manager,"Noida, Uttar Pradesh, India",https://in.linkedin.com/jobs/view/interesting-job-opportunity-dainik-bhaskar-senior-product-manager-at-dainik-bhaskar-4422627909?position=1&pageNum=2&refId=ym6%2BK4jYgyajvUbIeHWbtA%3D%3D&trackingId=g6HKDqFcBQGywxx3s85vxw%3D%3D,2026-07-17
"precize|product manager|mumbai, maharashtra, india",Precize,Product Manager,"Mumbai, Maharashtra, India",https://in.linkedin.com/jobs/view/product-manager-at-precize-4437390355?position=3&pageNum=5&refId=WSto9MB0yz%2B9VZdGzDWKlw%3D%3D&trackingId=C7%2BMxZPgZ08K8Yp%2Fr4pXyw%3D%3D,2026-07-17
"inspektlabs|ai product manager – customer experience & growth|new delhi, delhi, india",Inspektlabs,AI Product Manager – Customer Experience & Growth,"New Delhi, Delhi, India",https://in.linkedin.com/jobs/view/ai-product-manager-%E2%80%93-customer-experience-growth-at-inspektlabs-4402369189?position=6&pageNum=5&refId=WSto9MB0yz%2B9VZdGzDWKlw%3D%3D&trackingId=5BpJGDaywPISVydpQTNqpw%3D%3D,2026-07-17
"sapat global health pvt. ltd.|technology product manager|mumbai, maharashtra, india",Sapat global health pvt. ltd.,Technology Product Manager,"Mumbai, Maharashtra, India",https://in.linkedin.com/jobs/view/technology-product-manager-at-sapat-global-health-pvt-ltd-4439217014?position=8&pageNum=5&refId=WSto9MB0yz%2B9VZdGzDWKlw%3D%3D&trackingId=pnvz4abITSGME8YGDQVIsQ%3D%3D,2026-07-17
sun pharma|senior product manager|mumbai metropolitan region,SUN PHARMA,Senior Product Manager,Mumbai Metropolitan Region,https://in.linkedin.com/jobs/view/senior-product-manager-at-sun-pharma-4348205661?position=1&pageNum=7&refId=Uzau2kT%2BzD0jOENDHyeFvA%3D%3D&trackingId=0Bwspy%2FItFOJZ8agqHVfcQ%3D%3D,2026-07-17
vymo|product marketing manager (gtm)|mumbai metropolitan region,Vymo,Product Marketing Manager (GTM),Mumbai Metropolitan Region,https://in.linkedin.com/jobs/view/product-marketing-manager-gtm-at-vymo-4397563118?position=3&pageNum=0&refId=jjJcfZVK6rJNgKsK%2BGO0Yw%3D%3D&trackingId=kI0JPBUVPOGV2PLeufM9mw%3D%3D,2026-07-17
"sneakare|brand manager|new delhi, delhi, india",Sneakare,Brand Manager,"New Delhi, Delhi, India",https://in.linkedin.com/jobs/view/brand-manager-at-sneakare-4441186083?position=10&pageNum=2&refId=gkcXAj5W%2BPYeBDgoS6OabA%3D%3D&trackingId=Rs1GXiuz%2FA7ipIA%2FPjZYMQ%3D%3D,2026-07-17
"pwc india|in-senior consultant_ emergency response support system expert_ cities_advisory _ gurgaon|gurugram, haryana, india",PwC India,IN-Senior Consultant_ Emergency Response Support System Expert_ Cities_Advisory _ Gurgaon,"Gurugram, Haryana, India",https://in.linkedin.com/jobs/view/in-senior-consultant-emergency-response-support-system-expert-cities-advisory-gurgaon-at-pwc-india-4292865881?position=1&pageNum=7&refId=6JJg1m5Erltx9IItOXl8QA%3D%3D&trackingId=0Slh09oe%2FAcwWT8cQZLEWg%3D%3D,2026-07-17
"accenture in india|gcc advisory consultant|gurugram, haryana, india",Accenture in India,GCC Advisory Consultant,"Gurugram, Haryana, India",https://in.linkedin.com/jobs/view/gcc-advisory-consultant-at-accenture-in-india-4428963738?position=3&pageNum=7&refId=iPxJ4hLNLlu10FCaanLWoQ%3D%3D&trackingId=U8p4oCRGzjMFGL7C8fnVGg%3D%3D,2026-07-17
"fitpass|associate product manager / pm-1|delhi, india",FITPASS,Associate Product Manager / PM-1,"Delhi, India",https://in.linkedin.com/jobs/view/associate-product-manager-pm-1-at-fitpass-4441171749?position=1&pageNum=2&refId=xWASZHQMnYMyxl5spvc0cg%3D%3D&trackingId=7hmK1ZjZYrNmihyt4rGVlw%3D%3D,2026-07-18
"flick2know|associate product manager apm|gurugram, haryana, india",Flick2Know,Associate Product Manager APM,"Gurugram, Haryana, India",https://in.linkedin.com/jobs/view/associate-product-manager-apm-at-flick2know-4434481129?position=8&pageNum=2&refId=xWASZHQMnYMyxl5spvc0cg%3D%3D&trackingId=Zca5oE4utYJ2iv%2BchNbP4Q%3D%3D,2026-07-18
sun pharma|product manager - sunvizen|mumbai metropolitan region,SUN PHARMA,Product Manager - Sunvizen,Mumbai Metropolitan Region,https://in.linkedin.com/jobs/view/product-manager-sunvizen-at-sun-pharma-4422723431?position=6&pageNum=2&refId=jwI70SIBFoDxZj%2FHevNM9A%3D%3D&trackingId=7Y10ovSsZa5rox%2B4VpqXKg%3D%3D,2026-07-18
"olx india|product strategy manager (cartrade mumbai)|mumbai, maharashtra, india",OLX India,Product Strategy Manager (CarTrade Mumbai),"Mumbai, Maharashtra, India",https://in.linkedin.com/jobs/view/product-strategy-manager-cartrade-mumbai-at-olx-india-4431575179?position=7&pageNum=2&refId=hYIDtyVl%2Ft4S9cfmB7U%2FDA%3D%3D&trackingId=jnDjTg4RjPXlLigcGedSTQ%3D%3D,2026-07-18
"iqvia|senior consultant- primary market research|gurugram, haryana, india",IQVIA,Senior Consultant- Primary Market Research,"Gurugram, Haryana, India",https://in.linkedin.com/jobs/view/senior-consultant-primary-market-research-at-iqvia-4435237769?position=9&pageNum=5&refId=%2B4PFNusC1O2uGger7x%2F8bQ%3D%3D&trackingId=KEEFCg%2B6AWUvWih64G%2BxOA%3D%3D,2026-07-18
pagarbook|lead product manager|gurgaon,PagarBook,Lead Product Manager,Gurgaon,https://www.instahyre.com/job-432909-lead-product-manager-at-pagarbook-gurgaon/,2026-07-18
axitrust|product manager|gurgaon,axiTrust,Product Manager,Gurgaon,https://www.instahyre.com/job-397145-product-manager-at-axitrust-gurgaon/,2026-07-18
"accenture|salesforce marketing cloud consultant|bangalore,chennai,mumbai",Accenture,Salesforce Marketing Cloud Consultant,"Bangalore,Chennai,Mumbai",https://www.instahyre.com/job-417887-salesforce-marketing-cloud-consultant-at-accenture-2-bangalore-chennai-mumbai/,2026-07-18
"accenture|ccaas consultant|bangalore,mumbai,noida",Accenture,CCaaS Consultant,"Bangalore,Mumbai,Noida",https://www.instahyre.com/job-415113-ccaas-consultant-at-accenture-2-bangalore-mumbai-noida/,2026-07-18
"accenture|senior genesys consultant|bangalore,gurgaon,mumbai",Accenture,Senior Genesys Consultant,"Bangalore,Gurgaon,Mumbai",https://www.instahyre.com/job-421113-senior-genesys-consultant-at-accenture-2-bangalore-gurgaon-mumbai/,2026-07-18
"visit health|associate product manager|noida, uttar pradesh, india",Visit Health,Associate Product Manager,"Noida, Uttar Pradesh, India",https://in.linkedin.com/jobs/view/associate-product-manager-at-visit-health-4433643755?position=9&pageNum=5&refId=Fo7Xd0RLjJCR%2Bewdki%2BQ4w%3D%3D&trackingId=TXDc5xqkuXmwEsUf0BoG0Q%3D%3D,2026-07-19
"aftershoot|senior product manager - growth|bawana, delhi, india",Aftershoot,Senior Product Manager - Growth,"Bawana, Delhi, India",https://in.linkedin.com/jobs/view/senior-product-manager-growth-at-aftershoot-4429993346?position=7&pageNum=0&refId=37eN6xH7UOtMRS0ieykKAA%3D%3D&trackingId=f8ynrxFcLtmNvTt9OQQI8g%3D%3D,2026-07-19
"seclore|senior product manager|mumbai, maharashtra, india",Seclore,Senior Product Manager,"Mumbai, Maharashtra, India",https://in.linkedin.com/jobs/view/senior-product-manager-at-seclore-4437976239?position=10&pageNum=5&refId=QhIXJpYhwNTrApHTXr%2FZog%3D%3D&trackingId=PA7mCI19%2BFzQM%2FgUpSmH8A%3D%3D,2026-07-19
sun pharma|group product manager - milmet|mumbai metropolitan region,SUN PHARMA,Group Product Manager - Milmet,Mumbai Metropolitan Region,https://in.linkedin.com/jobs/view/group-product-manager-milmet-at-sun-pharma-4420741449?position=1&pageNum=5&refId=E7sKcQQAe5FFUPTyz3brSA%3D%3D&trackingId=ugBoQghZ2GdqJYbIqgU2cA%3D%3D,2026-07-19
"capgemini|business analyst/process consultant|gurgaon, haryana, india",Capgemini,Business Analyst/Process Consultant,"Gurgaon, Haryana, India",https://in.linkedin.com/jobs/view/business-analyst-process-consultant-at-capgemini-4442438924?position=10&pageNum=5&refId=KWjtryCloGQzbAibFBcKlA%3D%3D&trackingId=wY2bntDCfSDsBIoSb8mKcA%3D%3D,2026-07-19
"kpmg india|consultant - climate risk|mumbai, maharashtra, india",KPMG India,Consultant - Climate risk,"Mumbai, Maharashtra, India",https://in.linkedin.com/jobs/view/consultant-climate-risk-at-kpmg-india-4438590363?position=8&pageNum=5&refId=%2BWsVOWp%2BOuZpjFyqCaOmlg%3D%3D&trackingId=JX8C708bqmDm1joKah3pxA%3D%3D,2026-07-19
"google|business development consultant, new business sales (english, hindi)|gurugram, haryana, india",Google,"Business Development Consultant, New Business Sales (English, Hindi)","Gurugram, Haryana, India",https://in.linkedin.com/jobs/view/business-development-consultant-new-business-sales-english-hindi-at-google-4426624839?position=10&pageNum=0&refId=l%2B7H222wNroO4tbqE2wT8Q%3D%3D&trackingId=BWClGqjkIOEyim6cPgQaKA%3D%3D,2026-07-19
speridian technologies|planning consultant|mumbai,Speridian Technologies,Planning Consultant,Mumbai,https://www.instahyre.com/job-423470-planning-consultant-at-speridian-technologies-mumbai/,2026-07-19
"wipro|kyriba consultant|bangalore,gurgaon,mumbai",Wipro,Kyriba Consultant,"Bangalore,Gurgaon,Mumbai",https://www.instahyre.com/job-434139-kyriba-consultant-at-wipro-bangalore-gurgaon-mumbai/,2026-07-19
"infosys|active directory consultant|hyderabad,mumbai,navi mumbai",Infosys,Active Directory Consultant,"Hyderabad,Mumbai,Navi Mumbai",https://www.instahyre.com/job-425994-active-directory-consultant-at-infosys-4-hyderabad-mumbai-navi-mumbai/,2026-07-19
"makemytrip|product manager (connect)|gurgaon, haryana, india",MakeMyTrip,Product Manager (Connect),"Gurgaon, Haryana, India",https://in.linkedin.com/jobs/view/product-manager-connect-at-makemytrip-4405817132?position=2&pageNum=5&refId=Vw7zI%2FTXplF8n8E%2F32vXwA%3D%3D&trackingId=j4S4pWoAwqXS7hGPG%2B4Xsg%3D%3D,2026-07-20
"snapdeal|associate product manager|gurugram, haryana, india",Snapdeal,Associate Product Manager,"Gurugram, Haryana, India",https://in.linkedin.com/jobs/view/associate-product-manager-at-snapdeal-4442536119?position=10&pageNum=0&refId=OfLw95bbESfzmBPE9CIBLg%3D%3D&trackingId=d%2B1ukcs6kQD%2BHYfCf%2BDd7Q%3D%3D,2026-07-20
"airtel|associate product manager - fintech|gurugram, haryana, india",airtel,Associate Product Manager - Fintech,"Gurugram, Haryana, India",https://in.linkedin.com/jobs/view/associate-product-manager-fintech-at-airtel-4440119021?position=6&pageNum=0&refId=XO3aX3ou9Q0ZM2F5ogbT%2BA%3D%3D&trackingId=nXnhY4OV2wb5aIKVQ3r4Fw%3D%3D,2026-07-20
"scoutit|associate product manager|noida, uttar pradesh, india",Scoutit,Associate Product Manager,"Noida, Uttar Pradesh, India",https://in.linkedin.com/jobs/view/associate-product-manager-at-scoutit-4441777216?position=4&pageNum=7&refId=vEt1iygzOUszilWnkfbrtw%3D%3D&trackingId=yl6FzY%2Ff0fw7yp8gg73jHA%3D%3D,2026-07-20
"paisabazaar|product manager-lending|gurugram, haryana, india",Paisabazaar,Product Manager-Lending,"Gurugram, Haryana, India",https://in.linkedin.com/jobs/view/product-manager-lending-at-paisabazaar-4439051052?position=5&pageNum=7&refId=vEt1iygzOUszilWnkfbrtw%3D%3D&trackingId=6%2Fs3LF224reFrissIc7GYA%3D%3D,2026-07-20
sun pharma|senior - brand manager|mumbai metropolitan region,SUN PHARMA,Senior - Brand Manager,Mumbai Metropolitan Region,https://in.linkedin.com/jobs/view/senior-brand-manager-at-sun-pharma-4433113267?position=10&pageNum=5&refId=oBucZS4bw%2FdjXuQfFj%2BzWw%3D%3D&trackingId=V7X3uknoqcT8kt0KR0MwJQ%3D%3D,2026-07-20
"1% club|marketing & brand manager|mumbai, maharashtra, india",1% Club,Marketing & Brand Manager,"Mumbai, Maharashtra, India",https://in.linkedin.com/jobs/view/marketing-brand-manager-at-1%25-club-4441301162?position=9&pageNum=7&refId=E0VLTg6dV49JtLTswfYXKA%3D%3D&trackingId=LrcwYPpGbFJj%2BiLmH%2FL38A%3D%3D,2026-07-20
"google|people consultant|gurgaon, haryana, india",Google,People Consultant,"Gurgaon, Haryana, India",https://in.linkedin.com/jobs/view/people-consultant-at-google-4435048874?position=7&pageNum=0&refId=F9M6nWtFzEAGIMCGyG1%2Bag%3D%3D&trackingId=TYJYFBIpY4Qw9yHDDO%2F8GA%3D%3D,2026-07-20
"pwc india|senior consultant|delhi, delhi, india",PwC India,Senior Consultant,"Delhi, Delhi, India",https://in.linkedin.com/jobs/view/senior-consultant-at-pwc-india-4291061891?position=8&pageNum=0&refId=SRhx0hsca4jqliYXegp5aQ%3D%3D&trackingId=%2B1FcsokVuQZBcT9MJsScOA%3D%3D,2026-07-20
"accenture|ms dynamics consultant|bangalore,hyderabad,mumbai",Accenture,MS Dynamics Consultant,"Bangalore,Hyderabad,Mumbai",https://www.instahyre.com/job-434239-ms-dynamics-consultant-at-accenture-2-bangalore-hyderabad-mumbai/,2026-07-20
"accenture|ms dynamics crm consultant|bangalore,mumbai,pune",Accenture,MS Dynamics CRM Consultant,"Bangalore,Mumbai,Pune",https://www.instahyre.com/job-434176-ms-dynamics-crm-consultant-at-accenture-2-bangalore-mumbai-pune/,2026-07-20
"euler motors|product manager|delhi, india",Euler Motors,Product Manager,"Delhi, India",https://in.linkedin.com/jobs/view/product-manager-at-euler-motors-4440557497?position=10&pageNum=2&refId=0s2mdmKKSpCiCcJulviexw%3D%3D&trackingId=ysftmaYxIjzSh%2F4TLRb5uw%3D%3D,2026-07-21
"vorro|associate product manager|gurugram, haryana, india",Vorro,Associate Product Manager,"Gurugram, Haryana, India",https://in.linkedin.com/jobs/view/associate-product-manager-at-vorro-4435461676?position=6&pageNum=2&refId=Cu600hTHIfAka7bwqMlqGg%3D%3D&trackingId=UQ8WTsXDFdkHI6ZYgoRjAw%3D%3D,2026-07-21
"airtel digital|principal product manager|gurugram, haryana, india",Airtel Digital,Principal Product Manager,"Gurugram, Haryana, India",https://in.linkedin.com/jobs/view/principal-product-manager-at-airtel-digital-4440424146?position=8&pageNum=5&refId=WVjeYJaL7BikixFcMrAwgQ%3D%3D&trackingId=ftMMW2FCwXQTVv78DRtqPQ%3D%3D,2026-07-21
"trevel|brand manager|gurugram, haryana, india",Trevel,Brand Manager,"Gurugram, Haryana, India",https://in.linkedin.com/jobs/view/brand-manager-at-trevel-4431585289?position=8&pageNum=0&refId=qrAMWkqu0staJedKRS2E8g%3D%3D&trackingId=r%2BYTyDISRasJ7gOb6wx4%2FA%3D%3D,2026-07-21
"aspen technology|senior solution consultant|mumbai, maharashtra, india",Aspen Technology,Senior Solution Consultant,"Mumbai, Maharashtra, India",https://in.linkedin.com/jobs/view/senior-solution-consultant-at-aspen-technology-4048037175?position=10&pageNum=2&refId=NrytX44hqYO2fztd33wKrw%3D%3D&trackingId=JowKq2Dzvg0JMWupwTVZrQ%3D%3D,2026-07-21
arcadis|senior project & program consultant (program process manager)|mumbai metropolitan region,Arcadis,Senior Project & Program Consultant (Program Process Manager),Mumbai Metropolitan Region,https://in.linkedin.com/jobs/view/senior-project-program-consultant-program-process-manager-at-arcadis-4428930944?position=10&pageNum=2&refId=4Oxgjd8iKES4x0bE%2BJMCJA%3D%3D&trackingId=Oatz6F2kdAZSEKgtPglgag%3D%3D,2026-07-21
"aptia group|program manager|mumbai, maharashtra, india",Aptia Group,Program Manager,"Mumbai, Maharashtra, India",https://in.linkedin.com/jobs/view/program-manager-at-aptia-group-4433183588?position=6&pageNum=5&refId=%2FCogdmebdSBuNq4Ofp%2Bohg%3D%3D&trackingId=n%2FKM37hTcj8MzmFOcpdjSg%3D%3D,2026-07-21
gocomet|product manager|mumbai,GoComet,Product Manager,Mumbai,https://www.instahyre.com/job-427433-product-manager-at-gocomet-3-mumbai/,2026-07-21
"accenture|cdp consultant|bangalore,gurgaon,pune",Accenture,CDP Consultant,"Bangalore,Gurgaon,Pune",https://www.instahyre.com/job-434352-cdp-consultant-at-accenture-2-bangalore-gurgaon-pune/,2026-07-21
"the sleep company|assistant product manager - supply chain|mumbai, maharashtra, india",The Sleep Company,Assistant Product Manager - Supply chain,"Mumbai, Maharashtra, India",https://in.linkedin.com/jobs/view/assistant-product-manager-supply-chain-at-the-sleep-company-4436893779?position=3&pageNum=5&refId=5taDv8rbUAtz2Qlb6v4LOA%3D%3D&trackingId=i2JuMpBKfpsx3vHBXKFbOQ%3D%3D,2026-07-22
"cvent|product manager ii|gurugram, haryana, india",Cvent,Product Manager II,"Gurugram, Haryana, India",https://in.linkedin.com/jobs/view/product-manager-ii-at-cvent-4436803182?position=5&pageNum=7&refId=sAswU5VYicPqQC5qTlTlsg%3D%3D&trackingId=dWS4XRzzyZVQOUigkR83lA%3D%3D,2026-07-22
servify|product manager|mumbai metropolitan region,Servify,Product Manager,Mumbai Metropolitan Region,https://in.linkedin.com/jobs/view/product-manager-at-servify-4440678998?position=7&pageNum=7&refId=sAswU5VYicPqQC5qTlTlsg%3D%3D&trackingId=6fhkaFraos65OjR4wZSd8w%3D%3D,2026-07-22
"fairfest media|associate product manager|mumbai, maharashtra, india",Fairfest Media,Associate Product Manager,"Mumbai, Maharashtra, India",https://in.linkedin.com/jobs/view/associate-product-manager-at-fairfest-media-4435446884?position=10&pageNum=2&refId=aT1kf8dY4q8Jk8erVKYSiQ%3D%3D&trackingId=NzEsjiv9DGU4Wmr66FRnVA%3D%3D,2026-07-22
deutsche bank|group product manager|gurgaon,Deutsche Bank,Group Product Manager,Gurgaon,https://www.instahyre.com/job-417394-group-product-manager-at-deutsche-bank-gurgaon/,2026-07-22
bupa|technical consultant|gurgaon,Bupa,Technical Consultant,Gurgaon,https://www.instahyre.com/job-417098-technical-consultant-at-bupa-gurgaon/,2026-07-22
"cvent|product manager|gurugram, haryana, india",Cvent,Product Manager,"Gurugram, Haryana, India",https://in.linkedin.com/jobs/view/product-manager-at-cvent-4436070730?position=8&pageNum=2&refId=WZwZpnIEIrI5xi5uYmOPMg%3D%3D&trackingId=98WpVedG%2Ff3QgtwLSFMIFg%3D%3D,2026-07-23
"esco|product manager|mumbai, maharashtra, india",Esco,Product Manager,"Mumbai, Maharashtra, India",https://in.linkedin.com/jobs/view/product-manager-at-esco-4439165080?position=6&pageNum=7&refId=%2BJDxmftEkdYma5queIdDUA%3D%3D&trackingId=TeJAlCBNUq4lm0WRNYNktA%3D%3D,2026-07-23
"infinx|product manager|mumbai, maharashtra, india",Infinx,Product Manager,"Mumbai, Maharashtra, India",https://in.linkedin.com/jobs/view/product-manager-at-infinx-4438180135?position=9&pageNum=7&refId=%2BJDxmftEkdYma5queIdDUA%3D%3D&trackingId=NEk%2FJEY3w9v5PXbgErYrHg%3D%3D,2026-07-23
mulberri|senior product manager|noida,Mulberri,Senior Product Manager,Noida,https://www.instahyre.com/job-434904-senior-product-manager-at-mulberri-noida/,2026-07-23
"coversure|product manager (insurance)|mumbai,navi mumbai",CoverSure,Product Manager (Insurance),"Mumbai,Navi Mumbai",https://www.instahyre.com/job-434861-product-manager-insurance-at-coversure-mumbai-navi-mumbai/,2026-07-23
"apeiro|senior product manager - revenue cycle management|bangalore,noida",Apeiro,Senior Product Manager - Revenue Cycle Management,"Bangalore,Noida",https://www.instahyre.com/job-432769-senior-product-manager-revenue-cycle-management-at-apeiro-bangalore-noida/,2026-07-23
the s-squad|associate product manager|mumbai,The S-Squad,Associate Product Manager,Mumbai,https://www.instahyre.com/job-434836-associate-product-manager-at-the-s-squad-mumbai/,2026-07-23
fleetx|product manager|gurgaon,Fleetx,Product Manager,Gurgaon,https://www.instahyre.com/job-434590-product-manager-at-fleetx-gurgaon/,2026-07-23
"dalmia bharat|sap sd consultant|delhi,noida",Dalmia Bharat,SAP SD Consultant,"Delhi,Noida",https://www.instahyre.com/job-434909-sap-sd-consultant-at-dalmia-bharat-delhi-noida/,2026-07-23
experian india|product manager|mumbai metropolitan region,Experian India,Product Manager,Mumbai Metropolitan Region,https://in.linkedin.com/jobs/view/product-manager-at-experian-india-4435656855?position=4&pageNum=2&refId=GYme6Ixg4lwUyEX1efudEA%3D%3D&trackingId=adBtdt1pO3ju2OAqcl6lxQ%3D%3D,2026-07-24
gocomet|product manager|mumbai metropolitan region,GoComet,Product Manager,Mumbai Metropolitan Region,https://in.linkedin.com/jobs/view/product-manager-at-gocomet-4436947561?position=9&pageNum=5&refId=hWClGfJmkowYwGcH%2F2a%2BYQ%3D%3D&trackingId=IrNjiA5z2MX3hbI7uNoQXQ%3D%3D,2026-07-24
"leena ai|senior product manager|gurugram, haryana, india",Leena AI,Senior Product Manager,"Gurugram, Haryana, India",https://in.linkedin.com/jobs/view/senior-product-manager-at-leena-ai-4415667647?position=10&pageNum=5&refId=4upE%2BhvWCmuCxe%2B%2BTFUTKg%3D%3D&trackingId=hwQeyA0Anp9exF4ESITApA%3D%3D,2026-07-24
"paytm|product management - senior product manager - lending|noida, uttar pradesh, india",Paytm,Product Management - Senior Product Manager - lending,"Noida, Uttar Pradesh, India",https://in.linkedin.com/jobs/view/product-management-senior-product-manager-lending-at-paytm-4384058024?position=10&pageNum=7&refId=bV3Sr9hCVFjBRDCxQ5By0g%3D%3D&trackingId=oz3l%2Bb6Tw8k1nZqGGe7hmA%3D%3D,2026-07-24
"torrent pharmaceuticals ltd|group product manager|mumbai, maharashtra, india",Torrent Pharmaceuticals Ltd,Group Product Manager,"Mumbai, Maharashtra, India",https://in.linkedin.com/jobs/view/group-product-manager-at-torrent-pharmaceuticals-ltd-4442976779?position=10&pageNum=0&refId=4ELb%2B94Eld2Fp3UY4arImA%3D%3D&trackingId=EkZHowVlPDb%2BysHrcjujvQ%3D%3D,2026-07-24
"idfc first bank|senior product manager-digital lending (consumer loans)|mumbai, maharashtra, india",IDFC FIRST Bank,Senior Product Manager-Digital Lending (Consumer Loans),"Mumbai, Maharashtra, India",https://in.linkedin.com/jobs/view/senior-product-manager-digital-lending-consumer-loans-at-idfc-first-bank-4442631861?position=2&pageNum=5&refId=Bb6GaR7Z3JaPJHbTe81GSQ%3D%3D&trackingId=hoqbbu%2B2YqNa5pvuar88aQ%3D%3D,2026-07-24
"marico limited|brand manager- special projects|mumbai, maharashtra, india",Marico Limited,Brand Manager- Special Projects,"Mumbai, Maharashtra, India",https://in.linkedin.com/jobs/view/brand-manager-special-projects-at-marico-limited-4444097351?position=4&pageNum=5&refId=7KtzqNe0c%2BHVUxvZQ9MeMw%3D%3D&trackingId=zvrMdCxm2603Xx0SWqiHLg%3D%3D,2026-07-24
"mcaffeine|assistant brand manager marketing|mumbai, maharashtra, india",mCaffeine,Assistant Brand Manager Marketing,"Mumbai, Maharashtra, India",https://in.linkedin.com/jobs/view/assistant-brand-manager-marketing-at-mcaffeine-4441044322?position=4&pageNum=7&refId=MA57TdiUs3wI%2FHEmLV1yFA%3D%3D&trackingId=pYQ5wOs5jwBU%2FJaZABSSEg%3D%3D,2026-07-24
"spinny|program manager|gurugram, haryana, india",Spinny,Program Manager,"Gurugram, Haryana, India",https://in.linkedin.com/jobs/view/program-manager-at-spinny-4442026251?position=3&pageNum=2&refId=VcgVLUly6iMZyJ49xvHDQA%3D%3D&trackingId=3%2FqGKjUlKsZerdq%2BilVeKQ%3D%3D,2026-07-24
truva|sr. product manager|mumbai,Truva,Sr. Product Manager,Mumbai,https://www.instahyre.com/job-434996-sr-product-manager-at-truva-mumbai/,2026-07-24
coversure|associate product manager|mumbai,CoverSure,Associate Product Manager,Mumbai,https://www.instahyre.com/job-434926-associate-product-manager-at-coversure-mumbai/,2026-07-24
atlys|product manager|delhi,Atlys,Product Manager,Delhi,https://www.instahyre.com/job-401311-product-manager-at-atlys-delhi/,2026-07-24
"true tech professionals|senior product manager - fintech & wealth management|mumbai, maharashtra, india",True Tech Professionals,Senior Product Manager - FinTech & Wealth Management,"Mumbai, Maharashtra, India",https://in.linkedin.com/jobs/view/senior-product-manager-fintech-wealth-management-at-true-tech-professionals-4444081744?position=7&pageNum=5&refId=6Tw6mv6XDdCRf0Rz93hgZA%3D%3D&trackingId=2cwi5cUkynjaScH9MCz4lA%3D%3D,2026-07-25
snapmint|senior product manager – payments (e-com / quick com)|mumbai metropolitan region,Snapmint,Senior Product Manager – Payments (E-com / Quick Com),Mumbai Metropolitan Region,https://in.linkedin.com/jobs/view/senior-product-manager-%E2%80%93-payments-e-com-quick-com-at-snapmint-4443314657?position=2&pageNum=2&refId=NLCuw5nrnw%2BF4zwAib1kwg%3D%3D&trackingId=tAalaSTsJrLJ%2F3Dalzx0kg%3D%3D,2026-07-25
"mirchi|product manager - ad tech & monetization|noida, uttar pradesh, india",Mirchi,Product Manager - Ad Tech & Monetization,"Noida, Uttar Pradesh, India",https://in.linkedin.com/jobs/view/product-manager-ad-tech-monetization-at-mirchi-4443337052?position=5&pageNum=2&refId=NLCuw5nrnw%2BF4zwAib1kwg%3D%3D&trackingId=60Aq5aKLaHcHH2EX0uI9aA%3D%3D,2026-07-25
"airtel|brand manager|gurugram, haryana, india",airtel,Brand Manager,"Gurugram, Haryana, India",https://in.linkedin.com/jobs/view/brand-manager-at-airtel-4441801126?position=9&pageNum=2&refId=3DLpIIBxC29zc7yGfzDVRw%3D%3D&trackingId=E6zbDHV2K5EiIjZdFCDNNA%3D%3D,2026-07-25
"testhiring|require an assistant brand manager (abm) in gurgaon|gurgaon, haryana, india",TestHiring,Require an Assistant Brand Manager (ABM) in Gurgaon,"Gurgaon, Haryana, India",https://in.linkedin.com/jobs/view/require-an-assistant-brand-manager-abm-in-gurgaon-at-testhiring-4435775739?position=7&pageNum=2&refId=%2F6UqyZM8TGXua3DdvhE1ng%3D%3D&trackingId=pxuP0y%2FU0vHwOsWwZkPMbg%3D%3D,2026-07-25
"trinity life sciences|associate consultant|gurgaon, haryana, india",Trinity Life Sciences,Associate Consultant,"Gurgaon, Haryana, India",https://in.linkedin.com/jobs/view/associate-consultant-at-trinity-life-sciences-4417084854?position=1&pageNum=2&refId=rAQim3yulG%2F5lGq%2F0rms2g%3D%3D&trackingId=XEsi6Q3gSlrhj2sGOKdl8A%3D%3D,2026-07-25
"forvis mazars in india|consultant|gurugram, haryana, india",Forvis Mazars in India,Consultant,"Gurugram, Haryana, India",https://in.linkedin.com/jobs/view/consultant-at-forvis-mazars-in-india-4442011742?position=6&pageNum=2&refId=rAQim3yulG%2F5lGq%2F0rms2g%3D%3D&trackingId=mfoT%2Bq%2BT6ZmecWPElKwR8w%3D%3D,2026-07-25
"kpmg india|asset liability management - consultant / assistant manager – banking & financial services|mumbai, maharashtra, india",KPMG India,Asset Liability Management - Consultant / Assistant Manager – Banking & Financial Services,"Mumbai, Maharashtra, India",https://in.linkedin.com/jobs/view/asset-liability-management-consultant-assistant-manager-%E2%80%93-banking-financial-services-at-kpmg-india-4440941814?position=7&pageNum=2&refId=rAQim3yulG%2F5lGq%2F0rms2g%3D%3D&trackingId=V8kyztmJyFvvFDYSGkhAYg%3D%3D,2026-07-25
"kpmg india|consultant/am - credit risk|mumbai, maharashtra, india",KPMG India,Consultant/AM - Credit Risk,"Mumbai, Maharashtra, India",https://in.linkedin.com/jobs/view/consultant-am-credit-risk-at-kpmg-india-4443344548?position=8&pageNum=2&refId=rAQim3yulG%2F5lGq%2F0rms2g%3D%3D&trackingId=jCdszaVF%2BSUklu7a%2F3p8Vw%3D%3D,2026-07-25
"avasant|managing consultant - benchmarking|delhi, delhi, india",Avasant,Managing Consultant - Benchmarking,"Delhi, Delhi, India",https://in.linkedin.com/jobs/view/managing-consultant-benchmarking-at-avasant-4431790870?position=4&pageNum=0&refId=BmPDu9wTxpIGn7BeGuxpAg%3D%3D&trackingId=ThLrTOhTvDTruKoPbqYPlg%3D%3D,2026-07-25
"snabbit|program manager|mumbai, maharashtra, india",Snabbit,Program Manager,"Mumbai, Maharashtra, India",https://in.linkedin.com/jobs/view/program-manager-at-snabbit-4443367556?position=4&pageNum=2&refId=YnWN9%2F5VlONpsaz9KwnlIA%3D%3D&trackingId=25qCukp4Nw4fdGw0ADTZyQ%3D%3D,2026-07-25
"battery smart|program manager-2w|gurugram, haryana, india",Battery Smart,Program Manager-2W,"Gurugram, Haryana, India",https://in.linkedin.com/jobs/view/program-manager-2w-at-battery-smart-4443851838?position=10&pageNum=5&refId=Oje5rDGc4kCgK%2FeyATirDA%3D%3D&trackingId=39%2Fy3Ux2Hc0d2N3AggRqeg%3D%3D,2026-07-25
"one97 communications limited|product management - associate product manager - travel.|gurugram, haryana, india",One97 Communications Limited,Product Management - Associate Product Manager - Travel.,"Gurugram, Haryana, India",https://in.linkedin.com/jobs/view/product-management-associate-product-manager-travel-at-one97-communications-limited-4430881029?position=10&pageNum=0&refId=quLWIfXC2dr5yDCph6PnRg%3D%3D&trackingId=JIY6xRYxzIW7Q2TLoCCD4Q%3D%3D,2026-07-26
"zarthi|senior brand manager|noida, uttar pradesh, india",Zarthi,Senior Brand Manager,"Noida, Uttar Pradesh, India",https://in.linkedin.com/jobs/view/senior-brand-manager-at-zarthi-4443307578?position=8&pageNum=2&refId=2iUXLQ8d%2BEYxwVDrysewAw%3D%3D&trackingId=t1KjVaeRJfot7iaV%2FKUvaQ%3D%3D,2026-07-26
"kpmg india|consultant|mumbai, maharashtra, india",KPMG India,Consultant,"Mumbai, Maharashtra, India",https://in.linkedin.com/jobs/view/consultant-at-kpmg-india-4444424874?position=5&pageNum=0&refId=6eueMAl%2BJJ8O7luXaLYzAA%3D%3D&trackingId=2y2H36Xpwq5q6Ikc4iNLCQ%3D%3D,2026-07-26
"tata consultancy services|consultant|new delhi, delhi, india",Tata Consultancy Services,Consultant,"New Delhi, Delhi, India",https://in.linkedin.com/jobs/view/consultant-at-tata-consultancy-services-4443134807?position=7&pageNum=0&refId=6eueMAl%2BJJ8O7luXaLYzAA%3D%3D&trackingId=B%2BMviy5boNip25TXz8XkWg%3D%3D,2026-07-26
"aditi consulting|program manager - non tech|delhi, delhi, india",Aditi Consulting,Program Manager - Non Tech,"Delhi, Delhi, India",https://in.linkedin.com/jobs/view/program-manager-non-tech-at-aditi-consulting-4433305225?position=3&pageNum=7&refId=VnyXmRn5uyk4kdbZ8nkedQ%3D%3D&trackingId=MzjzmZh%2FgM3Ic3gLaZesxg%3D%3D,2026-07-26
"recro|program manager|gurugram, haryana, india",Recro,Program Manager,"Gurugram, Haryana, India",https://in.linkedin.com/jobs/view/program-manager-at-recro-4440211372?position=6&pageNum=7&refId=VnyXmRn5uyk4kdbZ8nkedQ%3D%3D&trackingId=O7PvC3ppLfmHXY0i6kXmMA%3D%3D,2026-07-26
"hcltech|technical program manager|gurugram, haryana, india",HCLTech,Technical Program Manager,"Gurugram, Haryana, India",https://in.linkedin.com/jobs/view/technical-program-manager-at-hcltech-4430410229?position=10&pageNum=7&refId=VnyXmRn5uyk4kdbZ8nkedQ%3D%3D&trackingId=nIsBcel1MDG4dNCLEkSt8A%3D%3D,2026-07-26
"shaadi.com|associate product manager (b2c product company, ai exposure, tier 1 iit)|mumbai, maharashtra, india",Shaadi.com,"Associate Product Manager (B2C Product company, AI exposure, Tier 1 IIT)","Mumbai, Maharashtra, India",https://in.linkedin.com/jobs/view/associate-product-manager-b2c-product-company-ai-exposure-tier-1-iit-at-shaadi-com-4443129949?position=7&pageNum=5&refId=Bv0U%2Bj9ATIvq2SyFlHuNhg%3D%3D&trackingId=tIws3uAqklvz6OfehqFM8A%3D%3D,2026-07-27
"credgenics|product manager|noida, uttar pradesh, india",Credgenics,Product Manager,"Noida, Uttar Pradesh, India",https://in.linkedin.com/jobs/view/product-manager-at-credgenics-4443353329?position=5&pageNum=7&refId=X4Nj62Bw87cFVLB1qZGEnA%3D%3D&trackingId=TCQAwkkzyTr5h3aImWRBuA%3D%3D,2026-07-27
"ixigo|senior product manager|gurugram, haryana, india",ixigo,Senior Product Manager,"Gurugram, Haryana, India",https://in.linkedin.com/jobs/view/senior-product-manager-at-ixigo-4445681175?position=7&pageNum=2&refId=FmAwkzSdnKVwARq0a%2BVCDg%3D%3D&trackingId=6YiLBVB9ckZumWhJUbjEXg%3D%3D,2026-07-27
"battery smart|senior product manager|gurugram, haryana, india",Battery Smart,Senior Product Manager,"Gurugram, Haryana, India",https://in.linkedin.com/jobs/view/senior-product-manager-at-battery-smart-4444689311?position=9&pageNum=7&refId=Vt%2FWd5ABrJO%2BJYmA9vA0fQ%3D%3D&trackingId=MlJkiWsVzHhe1fZK6G7DFA%3D%3D,2026-07-27
sun pharma|group product manager - avesta (opthal)|mumbai metropolitan region,SUN PHARMA,Group Product Manager - Avesta (Opthal),Mumbai Metropolitan Region,https://in.linkedin.com/jobs/view/group-product-manager-avesta-opthal-at-sun-pharma-4420738712?position=1&pageNum=7&refId=THwvdO9C%2FSvUdjpJmfVmbg%3D%3D&trackingId=h3wQFnGw4s%2FD1H8WpRQPig%3D%3D,2026-07-27
"bajaj consumer care|assistant brand manager marketing/ brand marketing manager|mumbai, maharashtra, india",Bajaj Consumer Care,Assistant Brand Manager Marketing/ Brand Marketing Manager,"Mumbai, Maharashtra, India",https://in.linkedin.com/jobs/view/assistant-brand-manager-marketing-brand-marketing-manager-at-bajaj-consumer-care-4444895073?position=4&pageNum=0&refId=7A%2F%2B57P87mRHRNznEwEx%2FA%3D%3D&trackingId=h2APcFXMkIw9CGWj%2BZAoCA%3D%3D,2026-07-27
"cog culture|brand manager|gurugram, haryana, india",Cog Culture,Brand Manager,"Gurugram, Haryana, India",https://in.linkedin.com/jobs/view/brand-manager-at-cog-culture-4443145460?position=2&pageNum=7&refId=3vqtpQzlsqlOVIB%2FRYBrcg%3D%3D&trackingId=5RyULaEtWGPUucS0iyjcHA%3D%3D,2026-07-27
"edrington|brand manager|gurgaon, haryana, india",Edrington,Brand Manager,"Gurgaon, Haryana, India",https://in.linkedin.com/jobs/view/brand-manager-at-edrington-4437234300?position=5&pageNum=7&refId=3vqtpQzlsqlOVIB%2FRYBrcg%3D%3D&trackingId=lKYrGln%2FwGfcpXJkmIwRIg%3D%3D,2026-07-27
"dentsu global services|senior client success consultant|gurugram, haryana, india",Dentsu Global Services,Senior Client Success Consultant,"Gurugram, Haryana, India",https://in.linkedin.com/jobs/view/senior-client-success-consultant-at-dentsu-global-services-4442652529?position=2&pageNum=7&refId=TV0Azc9t4S%2FN8%2F5a2c9VUg%3D%3D&trackingId=uGfqLohGuGEPjKoG%2BeGr8w%3D%3D,2026-07-27
"unison international consulting (the recruitment company)|fashion consultant|delhi, india",UNISON INTERNATIONAL CONSULTING (The Recruitment Company),Fashion Consultant,"Delhi, India",https://in.linkedin.com/jobs/view/fashion-consultant-at-unison-international-consulting-the-recruitment-company-4442077268?position=5&pageNum=7&refId=TV0Azc9t4S%2FN8%2F5a2c9VUg%3D%3D&trackingId=YvkpB%2FTf0kjvJg%2BFOc0nCQ%3D%3D,2026-07-27
"condé nast india|consultant - social & community, adds|mumbai, maharashtra, india",Condé Nast India,"Consultant - Social & Community, ADDS","Mumbai, Maharashtra, India",https://in.linkedin.com/jobs/view/consultant-social-community-adds-at-cond%C3%A9-nast-india-4444438224?position=10&pageNum=7&refId=TV0Azc9t4S%2FN8%2F5a2c9VUg%3D%3D&trackingId=hNr858XGuIsA2ZG28q22cA%3D%3D,2026-07-27
"tenarai|program manager|gurugram, haryana, india",Tenarai,Program Manager,"Gurugram, Haryana, India",https://in.linkedin.com/jobs/view/program-manager-at-tenarai-4433694881?position=8&pageNum=7&refId=FUUtR8hKT0W8To9JSU8GyA%3D%3D&trackingId=w2pkYo3DrUzSuWEhF62nug%3D%3D,2026-07-27
"bnp paribas|vp- program manager|mumbai, maharashtra, india",BNP Paribas,VP- Program Manager,"Mumbai, Maharashtra, India",https://in.linkedin.com/jobs/view/vp-program-manager-at-bnp-paribas-4419100176?position=10&pageNum=7&refId=FUUtR8hKT0W8To9JSU8GyA%3D%3D&trackingId=oBx6aXDOHiEVWMwes0DUYQ%3D%3D,2026-07-27
noise|senior product manager|gurgaon,Noise,Senior Product Manager,Gurgaon,https://www.instahyre.com/job-435315-senior-product-manager-at-noise-gurgaon/,2026-07-27
hdip|associate product manager|delhi,HDIP,Associate Product Manager,Delhi,https://www.instahyre.com/job-391294-associate-product-manager-at-hdip-delhi/,2026-07-27
"olx india|associate product manager (cartrade tech mumbai)|mumbai, maharashtra, india",OLX India,Associate Product Manager (CarTrade Tech Mumbai),"Mumbai, Maharashtra, India",https://in.linkedin.com/jobs/view/associate-product-manager-cartrade-tech-mumbai-at-olx-india-4440453686?position=6&pageNum=7&refId=f%2BW6EgDixv9ChpSrhRZr%2Bw%3D%3D&trackingId=l%2Fbtj2TDDwl2BAQmCmtyIQ%3D%3D,2026-07-28
"google|associate product marketing manager, youtube marketing|gurugram, haryana, india",Google,"Associate Product Marketing Manager, YouTube Marketing","Gurugram, Haryana, India",https://in.linkedin.com/jobs/view/associate-product-marketing-manager-youtube-marketing-at-google-4442667154?position=10&pageNum=0&refId=crOjq8wRqA9QJZNLMtAvLw%3D%3D&trackingId=vr8NGAq0rA9qTSB110yzdA%3D%3D,2026-07-28
"klimb.io|associate product manager|mumbai,navi mumbai",Klimb.io,Associate Product Manager,"Mumbai,Navi Mumbai",https://www.instahyre.com/job-427836-associate-product-manager-at-klimb-mumbai-navi-mumbai/,2026-07-28
cypherock|technical product manager|gurgaon,Cypherock,Technical Product Manager,Gurgaon,https://www.instahyre.com/job-433192-technical-product-manager-at-cypherock-gurgaon/,2026-07-28
"money view|product manager|mumbai,noida",Money View,Product Manager,"Mumbai,Noida",https://www.instahyre.com/job-435365-product-manager-at-money-view-mumbai-noida/,2026-07-28
"nykaa|product manager|gurugram, haryana, india",Nykaa,Product Manager,"Gurugram, Haryana, India",https://in.linkedin.com/jobs/view/product-manager-at-nykaa-4446007738?position=5&pageNum=0&refId=PyKuBTzIVSEAKulA26K6FQ%3D%3D&trackingId=nNo%2BPQjC5qRY5yWvkxdObg%3D%3D,2026-07-29
"one97 communications limited|product management - senior product manager - upi product|noida, uttar pradesh, india",One97 Communications Limited,Product Management - Senior Product Manager - UPI Product,"Noida, Uttar Pradesh, India",https://in.linkedin.com/jobs/view/product-management-senior-product-manager-upi-product-at-one97-communications-limited-4443268991?position=2&pageNum=5&refId=9maT%2B4Bgn%2FEtD64YVnJdzg%3D%3D&trackingId=RLfUX7hwProm8ok6xBldnw%3D%3D,2026-07-29
"makemytrip|associate product manager (corporate)|gurgaon, haryana, india",MakeMyTrip,Associate Product Manager (Corporate),"Gurgaon, Haryana, India",https://in.linkedin.com/jobs/view/associate-product-manager-corporate-at-makemytrip-4446338591?position=9&pageNum=0&refId=GHh1er0yfy6U9ByRJBDNaw%3D%3D&trackingId=r%2F29wZRyZnCiGLj2k54iGg%3D%3D,2026-07-29
"noise|product manager - growth|gurugram, haryana, india",Noise,Product Manager - Growth,"Gurugram, Haryana, India",https://in.linkedin.com/jobs/view/product-manager-growth-at-noise-4445794807?position=10&pageNum=2&refId=mOl9tF%2BX5zK9%2FGA891AUMA%3D%3D&trackingId=FpzeEZqNZNG%2FDmnWLTJ5AA%3D%3D,2026-07-29
"unilever|assistant brand manager – vaseline social|mumbai, maharashtra, india",Unilever,Assistant Brand Manager – Vaseline Social,"Mumbai, Maharashtra, India",https://in.linkedin.com/jobs/view/assistant-brand-manager-%E2%80%93-vaseline-social-at-unilever-4445744536?position=2&pageNum=5&refId=rDLiERAvASz6MQ2iF6xpIA%3D%3D&trackingId=RllhSJ2dgEZmWNhxXzKeOQ%3D%3D,2026-07-29
"trinity life sciences|consultant|gurgaon, haryana, india",Trinity Life Sciences,Consultant,"Gurgaon, Haryana, India",https://in.linkedin.com/jobs/view/consultant-at-trinity-life-sciences-4436329402?position=7&pageNum=2&refId=8FC2Wae6KMuTEN%2Fz7TcApQ%3D%3D&trackingId=dwA3ZO7YE6C%2FeFaXHyiSvg%3D%3D,2026-07-29
"kpmg india|consultant/am - internal audit (financial services)|gurugram, haryana, india",KPMG India,Consultant/AM - Internal Audit (Financial services),"Gurugram, Haryana, India",https://in.linkedin.com/jobs/view/consultant-am-internal-audit-financial-services-at-kpmg-india-4443934425?position=9&pageNum=2&refId=8FC2Wae6KMuTEN%2Fz7TcApQ%3D%3D&trackingId=Wbq%2F06UQInu8yvwfKAj3FQ%3D%3D,2026-07-29
"strada|talent consultant|navi mumbai, maharashtra, india",Strada,Talent Consultant,"Navi Mumbai, Maharashtra, India",https://in.linkedin.com/jobs/view/talent-consultant-at-strada-4442871049?position=4&pageNum=5&refId=NH2gf9d%2FYR%2FsQ%2FPY0PO7yQ%3D%3D&trackingId=zb10gLDgQc3WK%2FZ1XJQ%2BjA%3D%3D,2026-07-29
"rebel foods|program manager – strategy & programs|mumbai, maharashtra, india",Rebel Foods,Program Manager – Strategy & Programs,"Mumbai, Maharashtra, India",https://in.linkedin.com/jobs/view/program-manager-%E2%80%93-strategy-programs-at-rebel-foods-4445941851?position=3&pageNum=2&refId=DeRWZrtIcMgYof3aRO4H5g%3D%3D&trackingId=H21gQSpM8VkWI88YcVt%2BYQ%3D%3D,2026-07-29
"zageno|senior product manager|gurgaon,noida",ZAGENO,Senior Product Manager,"Gurgaon,Noida",https://www.instahyre.com/job-426567-senior-product-manager-at-zageno-gurgaon-noida/,2026-07-29
"coreworks ai|product manager|delhi,gurgaon,noida",Coreworks AI,Product Manager,"Delhi,Gurgaon,Noida",https://www.instahyre.com/job-426745-product-manager-at-coreworks-ai-delhi-gurgaon-noida/,2026-07-29
syfe|product manager|gurgaon,Syfe,Product Manager,Gurgaon,https://www.instahyre.com/job-435429-product-manager-at-syfe-gurgaon/,2026-07-29
"alfazance consulting|technical consultant - msd365 f&o|delhi,noida",Alfazance Consulting,Technical Consultant - Msd365 F&O,"Delhi,Noida",https://www.instahyre.com/job-435253-technical-consultant-msd365-fo-at-alfazance-consulting-delhi-noida/,2026-07-29
kenovate solutions|market research consultant|gurgaon,Kenovate Solutions,Market Research Consultant,Gurgaon,https://www.instahyre.com/job-435590-market-research-consultant-at-kenovate-solutions-gurgaon/,2026-07-29
"leah|associate product manager|mumbai, maharashtra, india",Leah,Associate Product Manager,"Mumbai, Maharashtra, India",https://in.linkedin.com/jobs/view/associate-product-manager-at-leah-4446573000?position=8&pageNum=2&refId=jw94L4qe2eqY16DpoPzucw%3D%3D&trackingId=3En1belukucmnCAbDMtaWA%3D%3D,2026-07-30
"fareportal|product manager (b2c)|gurugram, haryana, india",Fareportal,Product Manager (B2C),"Gurugram, Haryana, India",https://in.linkedin.com/jobs/view/product-manager-b2c-at-fareportal-4443237627?position=8&pageNum=7&refId=WTvmeOkKcSF1iCzFU4QwVA%3D%3D&trackingId=%2FlcatWnuiDiFmf%2BN071Whg%3D%3D,2026-07-30
"squadstack.ai|assistant product manager|noida, uttar pradesh, india",SquadStack.ai,Assistant Product Manager,"Noida, Uttar Pradesh, India",https://in.linkedin.com/jobs/view/assistant-product-manager-at-squadstack-ai-4441936894?position=9&pageNum=7&refId=WTvmeOkKcSF1iCzFU4QwVA%3D%3D&trackingId=TS8TGyFcCi7ZoxSJy1HWyw%3D%3D,2026-07-30
"jiosaavn|senior product manager,jiotunes|mumbai metropolitan region",JioSaavn,"Senior Product Manager,JioTunes",Mumbai Metropolitan Region,https://in.linkedin.com/jobs/view/senior-product-manager-jiotunes-at-jiosaavn-4440993153?position=5&pageNum=2&refId=%2FRcarg3z%2FRiB%2F45hjzo2eA%3D%3D&trackingId=vo%2FYh9BJa0q3xRwlMUPO1w%3D%3D,2026-07-30
"servify|lead product manager|mumbai, maharashtra, india",Servify,Lead Product Manager,"Mumbai, Maharashtra, India",https://in.linkedin.com/jobs/view/lead-product-manager-at-servify-4446040555?position=6&pageNum=0&refId=Df6B0mLjsKzupiJDjJ1ygQ%3D%3D&trackingId=vWV%2BGgNiBtWWcO%2Fyz3Zx2g%3D%3D,2026-07-30
"d. e. shaw india private limited|product manager - product management (analytics & visualization)|gurugram, haryana, india",D. E. Shaw India Private Limited,Product Manager - Product Management (Analytics & Visualization),"Gurugram, Haryana, India",https://in.linkedin.com/jobs/view/product-manager-product-management-analytics-visualization-at-d-e-shaw-india-private-limited-4427051612?position=4&pageNum=5&refId=dq6YmjyZPiySCH9AkO%2BJMg%3D%3D&trackingId=I8NHU6YMX5PHTIP96MPpNQ%3D%3D,2026-07-30
"innovaccer|senior product manager-risk & quality|noida, uttar pradesh, india",Innovaccer,Senior Product Manager-Risk & Quality,"Noida, Uttar Pradesh, India",https://in.linkedin.com/jobs/view/senior-product-manager-risk-quality-at-innovaccer-4443280425?position=6&pageNum=2&refId=Qh6vUULHIKKq6BkTm9%2FvGQ%3D%3D&trackingId=2ICKJbX%2Fkt9kZMjDF%2FGlZw%3D%3D,2026-07-30
"airtel international llp-airtel africa|product manager - leo satellite|gurugram, haryana, india",Airtel International LLP-Airtel Africa,Product Manager - LEO Satellite,"Gurugram, Haryana, India",https://in.linkedin.com/jobs/view/product-manager-leo-satellite-at-airtel-international-llp-airtel-africa-4444900872?position=9&pageNum=2&refId=Qh6vUULHIKKq6BkTm9%2FvGQ%3D%3D&trackingId=anmbHnU%2BdtibGAGe4ObetA%3D%3D,2026-07-30
payu|senior product manager|mumbai metropolitan region,PayU,Senior Product Manager,Mumbai Metropolitan Region,https://in.linkedin.com/jobs/view/senior-product-manager-at-payu-4445479471?position=10&pageNum=2&refId=Qh6vUULHIKKq6BkTm9%2FvGQ%3D%3D&trackingId=izpao%2Bl6d83XJxvjMbnl0w%3D%3D,2026-07-30
loginext|product manager|mumbai,LogiNext,Product Manager,Mumbai,https://www.instahyre.com/job-436046-product-manager-at-loginext-mumbai/,2026-07-30
deutsche telekom digital labs|product manager 2|gurgaon,Deutsche Telekom Digital Labs,Product Manager 2,Gurgaon,https://www.instahyre.com/job-435894-product-manager-2-at-deutsche-telekom-digital-labs-gurgaon/,2026-07-30
webtel electrosoft|senior sap fico consultant|delhi,Webtel Electrosoft,Senior SAP FICO Consultant,Delhi,https://www.instahyre.com/job-435953-senior-sap-fico-consultant-at-webtel-electrosoft-delhi/,2026-07-30
"tata aig general insurance company limited|product and strategy manager|gurugram, haryana, india",TATA AIG General Insurance Company Limited,Product and Strategy Manager,"Gurugram, Haryana, India",https://in.linkedin.com/jobs/view/product-and-strategy-manager-at-tata-aig-general-insurance-company-limited-4442377226?position=3&pageNum=5&refId=O1XKA%2BWI4E8aYDBMe6UVww%3D%3D&trackingId=5mxjMwNpkYOSkC9YbZxK%2FA%3D%3D,2026-07-31
"nat habit|product manager|gurugram, haryana, india",Nat Habit,Product Manager,"Gurugram, Haryana, India",https://in.linkedin.com/jobs/view/product-manager-at-nat-habit-4442540075?position=3&pageNum=5&refId=u%2FECkUyrKnp03dKNvmQ0WA%3D%3D&trackingId=sYZsO6kqYYyrZuZApA88IQ%3D%3D,2026-07-31
"mple.ai|product manager|mumbai, maharashtra, india",mple.ai,Product Manager,"Mumbai, Maharashtra, India",https://in.linkedin.com/jobs/view/product-manager-at-mple-ai-4443693123?position=2&pageNum=7&refId=f3b4hWdmByEMWtT%2BV7HrfQ%3D%3D&trackingId=sugLk33XWnKYQcqK2L23vQ%3D%3D,2026-07-31
"ibibo group|makemytrip - product manager|gurugram, haryana, india",ibibo Group,MakeMyTrip - Product Manager,"Gurugram, Haryana, India",https://in.linkedin.com/jobs/view/makemytrip-product-manager-at-ibibo-group-4425956019?position=7&pageNum=7&refId=f3b4hWdmByEMWtT%2BV7HrfQ%3D%3D&trackingId=Z9cHhLkb5swgETIfZZBMEw%3D%3D,2026-07-31
"tripjack|product manager|delhi, delhi, india",TripJack,Product Manager,"Delhi, Delhi, India",https://in.linkedin.com/jobs/view/product-manager-at-tripjack-4382881968?position=9&pageNum=7&refId=f3b4hWdmByEMWtT%2BV7HrfQ%3D%3D&trackingId=%2BrCRtlunn23W1YbVfTHZpw%3D%3D,2026-07-31
"sauce labs|senior product manager|gurgaon, haryana, india",Sauce Labs,Senior Product Manager,"Gurgaon, Haryana, India",https://in.linkedin.com/jobs/view/senior-product-manager-at-sauce-labs-4435575698?position=2&pageNum=5&refId=up4d3EaGmGukkBxlSuKjdg%3D%3D&trackingId=lsfnwfBOnoYuBXW7vsTSSw%3D%3D,2026-07-31
"synechron|product manager|gurugram, haryana, india",Synechron,Product Manager,"Gurugram, Haryana, India",https://in.linkedin.com/jobs/view/product-manager-at-synechron-4444530128?position=9&pageNum=2&refId=uKUKNhzU7E3UgdbFbB1F4w%3D%3D&trackingId=CNktdAO8fF8FtSicBLGfvQ%3D%3D,2026-07-31
"a.p. moller - maersk|regional product manager - imea lead logistics product|mumbai, maharashtra, india",A.P. Moller - Maersk,Regional Product Manager - IMEA Lead Logistics Product,"Mumbai, Maharashtra, India",https://in.linkedin.com/jobs/view/regional-product-manager-imea-lead-logistics-product-at-a-p-moller-maersk-4444424180?position=2&pageNum=5&refId=oOSicJeUbQnBQzYM0j1gAQ%3D%3D&trackingId=oi7d2dVc3ncc03FMHlAojA%3D%3D,2026-07-31
"traya|product manager|mumbai, maharashtra, india",Traya,Product Manager,"Mumbai, Maharashtra, India",https://in.linkedin.com/jobs/view/product-manager-at-traya-4437634945?position=3&pageNum=2&refId=WLCYuEVownW0Z6cV5wRnOQ%3D%3D&trackingId=PKYWIhLFcfRwGc9aU1AWtg%3D%3D,2026-07-31
"syfe|product manager (brokerage) - india|gurugram, haryana, india",Syfe,Product Manager (Brokerage) - India,"Gurugram, Haryana, India",https://in.linkedin.com/jobs/view/product-manager-brokerage-india-at-syfe-4443941093?position=8&pageNum=7&refId=rBkw7yLsQnJZKqtWpW2zQA%3D%3D&trackingId=QkRljoD2jOzUYE9FsHFrYQ%3D%3D,2026-07-31
"flexing it®|brand manager|mumbai, maharashtra, india",Flexing It®,Brand Manager,"Mumbai, Maharashtra, India",https://in.linkedin.com/jobs/view/brand-manager-at-flexing-it%C2%AE-4444554527?position=6&pageNum=5&refId=4JHa1XQXXexKuPzZ24H2mA%3D%3D&trackingId=%2Bdm%2F6MCdIQpOCltCO%2FVcHw%3D%3D,2026-07-31
"employ|strategic content & brand manager|gurugram, haryana, india",Employ,Strategic Content & Brand Manager,"Gurugram, Haryana, India",https://in.linkedin.com/jobs/view/strategic-content-brand-manager-at-employ-4446771396?position=10&pageNum=5&refId=4JHa1XQXXexKuPzZ24H2mA%3D%3D&trackingId=E2A4cWqDQXO1fBXOKAgIdA%3D%3D,2026-07-31
"healthkart|assistant brand manager marketing|gurugram, haryana, india",HealthKart,Assistant Brand Manager Marketing,"Gurugram, Haryana, India",https://in.linkedin.com/jobs/view/assistant-brand-manager-marketing-at-healthkart-4445069495?position=7&pageNum=0&refId=hrfvaVzj6MZmrpFl6j%2FVsw%3D%3D&trackingId=vbTrkIt8fbOodPoS27GyOA%3D%3D,2026-07-31
"hilti india|specification consultant|mumbai, maharashtra, india",Hilti India,Specification Consultant,"Mumbai, Maharashtra, India",https://in.linkedin.com/jobs/view/specification-consultant-at-hilti-india-4368682262?position=10&pageNum=7&refId=LKwFWRfb%2FuKe2uqeLIhyfg%3D%3D&trackingId=7mYjtEIE5X6%2FSrhraYKbgg%3D%3D,2026-07-31
"accenture in india|gn-retail- relex-consultant|gurugram, haryana, india",Accenture in India,GN-Retail- Relex-Consultant,"Gurugram, Haryana, India",https://in.linkedin.com/jobs/view/gn-retail-relex-consultant-at-accenture-in-india-4439260915?position=5&pageNum=7&refId=wC7iTHa8M1P%2BlzSld%2B8PUw%3D%3D&trackingId=%2FBCm%2BsfKbDjk16fvCOC7OQ%3D%3D,2026-07-31
"ey|consultant - business consulting pi - fs - cns - bc - marketing sales & service - mumbai|mumbai, maharashtra, india",EY,Consultant - Business Consulting PI - FS - CNS - BC - Marketing Sales & Service - Mumbai,"Mumbai, Maharashtra, India",https://in.linkedin.com/jobs/view/consultant-business-consulting-pi-fs-cns-bc-marketing-sales-service-mumbai-at-ey-4442805521?position=5&pageNum=7&refId=EU3QY7BpuwIlIJMDcFsRrw%3D%3D&trackingId=GJykflDyKrl9nUlOA20HRA%3D%3D,2026-07-31
"exl|transformation solution consultant|noida, uttar pradesh, india",EXL,Transformation Solution Consultant,"Noida, Uttar Pradesh, India",https://in.linkedin.com/jobs/view/transformation-solution-consultant-at-exl-4446727277?position=9&pageNum=7&refId=EU3QY7BpuwIlIJMDcFsRrw%3D%3D&trackingId=5lC7NvF47J2KE5asiWvg8g%3D%3D,2026-07-31
"sattva consulting|senior consultant - innovation practice|delhi, delhi, india",Sattva Consulting,Senior Consultant - Innovation Practice,"Delhi, Delhi, India",https://in.linkedin.com/jobs/view/senior-consultant-innovation-practice-at-sattva-consulting-4439954300?position=10&pageNum=2&refId=ThnhHMZio4rpBjOljknMYw%3D%3D&trackingId=C472wpg96%2BI6%2BspHZ5raqw%3D%3D,2026-07-31
greyorange|associate product manager|gurgaon,GreyOrange,Associate Product Manager,Gurgaon,https://www.instahyre.com/job-436080-associate-product-manager-at-greyorange-2-gurgaon/,2026-07-31
tartan|product manager|noida,Tartan,Product Manager,Noida,https://www.instahyre.com/job-436280-product-manager-at-tartan-noida/,2026-07-31
"payu|senior product manager - upi|bangalore,gurgaon",PayU,Senior Product Manager - UPI,"Bangalore,Gurgaon",https://www.instahyre.com/job-429787-senior-product-manager-upi-at-payu-bangalore-gurgaon/,2026-07-31
klimb.io|product manager|mumbai,Klimb.io,Product Manager,Mumbai,https://www.instahyre.com/job-435710-product-manager-at-klimb-mumbai/,2026-07-31
wipro|odd consultant|gurgaon,Wipro,ODD Consultant,Gurgaon,https://www.instahyre.com/job-436088-odd-consultant-at-wipro-gurgaon/,2026-07-31
"mobile programming|sap fico consultant|delhi,gurgaon,noida",Mobile Programming,SAP FICO Consultant,"Delhi,Gurgaon,Noida",https://www.instahyre.com/job-436223-sap-fico-consultant-at-mobile-programming-2-delhi-gurgaon-noida/,2026-07-31
"hdfc sky|product manager|mumbai, maharashtra, india",HDFC SKY,Product Manager,"Mumbai, Maharashtra, India",https://in.linkedin.com/jobs/view/product-manager-at-hdfc-sky-4447757759?position=7&pageNum=7&refId=60QvFDR%2B14WxIRhzEtW6CQ%3D%3D&trackingId=xPe0LsWRnhpc%2FNxk3lX5aQ%3D%3D,2026-08-01
"atlys|senior product manager|delhi, delhi, india",Atlys,Senior Product Manager,"Delhi, Delhi, India",https://in.linkedin.com/jobs/view/senior-product-manager-at-atlys-4445533307?position=4&pageNum=0&refId=WNyDP2qcoDpbd%2B%2BF3BunkQ%3D%3D&trackingId=aYyHbUA4Cr1bR5UTybZQ7A%3D%3D,2026-08-01
"sustainiam|senior product manager|noida, uttar pradesh, india",Sustainiam,Senior Product Manager,"Noida, Uttar Pradesh, India",https://in.linkedin.com/jobs/view/senior-product-manager-at-sustainiam-4432142034?position=5&pageNum=2&refId=b3cHbtifoe8rSLqbFbAwYQ%3D%3D&trackingId=d2k6CKJ9YyiGokADsaU1cg%3D%3D,2026-08-01
"sustainiam|product manager|noida, uttar pradesh, india",Sustainiam,Product Manager,"Noida, Uttar Pradesh, India",https://in.linkedin.com/jobs/view/product-manager-at-sustainiam-4432136103?position=6&pageNum=2&refId=b3cHbtifoe8rSLqbFbAwYQ%3D%3D&trackingId=sHVj%2BC2HgnT%2FoBwnsHbRXA%3D%3D,2026-08-01
"innovaccer|4411- senior product manager - social/community health information exchange plat|noida, uttar pradesh, india",Innovaccer,4411- Senior Product Manager - Social/Community Health Information Exchange Plat,"Noida, Uttar Pradesh, India",https://in.linkedin.com/jobs/view/4411-senior-product-manager-social-community-health-information-exchange-plat-at-innovaccer-4440949553?position=7&pageNum=2&refId=b3cHbtifoe8rSLqbFbAwYQ%3D%3D&trackingId=bU2EwL8VHq3YZErlZjYhxQ%3D%3D,2026-08-01
"mnd consultation services pvt. ltd.|group product manager|mumbai, maharashtra, india",MnD Consultation Services Pvt. Ltd.,Group Product Manager,"Mumbai, Maharashtra, India",https://in.linkedin.com/jobs/view/group-product-manager-at-mnd-consultation-services-pvt-ltd-4446744406?position=2&pageNum=5&refId=51R5IR1uQnMy9O1TqYVrfw%3D%3D&trackingId=7Il%2BaC8ei08ZbEqmX44iTQ%3D%3D,2026-08-01
"spice money|senior product manager|noida, uttar pradesh, india",Spice Money,Senior Product Manager,"Noida, Uttar Pradesh, India",https://in.linkedin.com/jobs/view/senior-product-manager-at-spice-money-4447290486?position=7&pageNum=5&refId=51R5IR1uQnMy9O1TqYVrfw%3D%3D&trackingId=pwp1LP0K4k%2FClCM6PVno3Q%3D%3D,2026-08-01
"win global pr|senior product manager|noida, uttar pradesh, india",Win Global PR,Senior Product Manager,"Noida, Uttar Pradesh, India",https://in.linkedin.com/jobs/view/senior-product-manager-at-win-global-pr-4443232440?position=8&pageNum=5&refId=51R5IR1uQnMy9O1TqYVrfw%3D%3D&trackingId=BaZdL%2BqBn1eZ5MkxLk3cBw%3D%3D,2026-08-01
"cialfo|senior product manager|delhi, india",Cialfo,Senior Product Manager,"Delhi, India",https://in.linkedin.com/jobs/view/senior-product-manager-at-cialfo-4442301499?position=10&pageNum=7&refId=cKuUupRmCAFAH7HzA7Ippw%3D%3D&trackingId=qyzYhOWJlZyVVxxPRSzIAg%3D%3D,2026-08-01
"white force group|brand manager|mumbai, maharashtra, india",White Force Group,Brand Manager,"Mumbai, Maharashtra, India",https://in.linkedin.com/jobs/view/brand-manager-at-white-force-group-4444437313?position=8&pageNum=5&refId=%2B17%2Ft3jdjw2eWZ5VCZwutg%3D%3D&trackingId=c%2BLbO3OyeMSVKqMhExyhmw%3D%3D,2026-08-01
"wottl|senior brand manager|delhi, delhi, india",Wottl,Senior Brand Manager,"Delhi, Delhi, India",https://in.linkedin.com/jobs/view/senior-brand-manager-at-wottl-4446995466?position=9&pageNum=7&refId=SdcPqzEkFVlcy8K9i1rxHg%3D%3D&trackingId=XIM4IwS2qp0ZDgQPbusIVw%3D%3D,2026-08-01
"house of anita dongre limited|senior fashion consultant|delhi, india",House of Anita Dongre Limited,Senior Fashion Consultant,"Delhi, India",https://in.linkedin.com/jobs/view/senior-fashion-consultant-at-house-of-anita-dongre-limited-4445486812?position=1&pageNum=2&refId=EUOEYMcq%2BXDn2H6HyNFG5w%3D%3D&trackingId=RehPpIQK%2B%2B%2FYMXF%2FC5CbNA%3D%3D,2026-08-01
"enparadigm|solutions consultant|mumbai, maharashtra, india",enParadigm,Solutions Consultant,"Mumbai, Maharashtra, India",https://in.linkedin.com/jobs/view/solutions-consultant-at-enparadigm-4443685474?position=3&pageNum=5&refId=XBblDF90feX9dLPYkpGdow%3D%3D&trackingId=U4KzZ3J7cXhonpup7dmBDw%3D%3D,2026-08-01
"infosys|pre-sales consultant|noida, uttar pradesh, india",Infosys,Pre-Sales Consultant,"Noida, Uttar Pradesh, India",https://in.linkedin.com/jobs/view/pre-sales-consultant-at-infosys-4444355210?position=2&pageNum=7&refId=GA0wZPq25JxmQbhKlT1Uhg%3D%3D&trackingId=V69mcnYUSF0bsdwy0DrDcg%3D%3D,2026-08-01
"kpmg india|associate consultant - debt|gurgaon, haryana, india",KPMG India,Associate Consultant - Debt,"Gurgaon, Haryana, India",https://in.linkedin.com/jobs/view/associate-consultant-debt-at-kpmg-india-4442039418?position=5&pageNum=7&refId=GA0wZPq25JxmQbhKlT1Uhg%3D%3D&trackingId=Wzr489oVu9yV23lrn4BxZQ%3D%3D,2026-08-01
"razorpay|information technology consultant|mumbai, maharashtra, india",Razorpay,Information Technology Consultant,"Mumbai, Maharashtra, India",https://in.linkedin.com/jobs/view/information-technology-consultant-at-razorpay-4443817522?position=9&pageNum=7&refId=GA0wZPq25JxmQbhKlT1Uhg%3D%3D&trackingId=9A%2BOBLfYYN2wvpeKL8V%2Bbw%3D%3D,2026-08-01
"condé nast|associate consultant - copy|mumbai, maharashtra, india",Condé Nast,Associate Consultant - Copy,"Mumbai, Maharashtra, India",https://in.linkedin.com/jobs/view/associate-consultant-copy-at-cond%C3%A9-nast-4438599546?position=10&pageNum=7&refId=GA0wZPq25JxmQbhKlT1Uhg%3D%3D&trackingId=TXkHqlRZml%2FKhCJoV3lVwA%3D%3D,2026-08-01
"ey|senior project consultant - sat - gov - sat - tcf - infrastructure advisory - new delhi|delhi, india",EY,Senior Project Consultant - SaT - GOV - SaT - TCF - Infrastructure Advisory - New Delhi,"Delhi, India",https://in.linkedin.com/jobs/view/senior-project-consultant-sat-gov-sat-tcf-infrastructure-advisory-new-delhi-at-ey-4440194269?position=6&pageNum=7&refId=krNRqizLbIGRKgPfIuuFzg%3D%3D&trackingId=vdO16KEwLX1OCbJcBV%2Bq%2FA%3D%3D,2026-08-01
"ey|senior consultant - tech consulting - national - cns - tc - ai and data - new delhi|delhi, india",EY,Senior Consultant - Tech Consulting - National - CNS - TC - AI AND DATA - New Delhi,"Delhi, India",https://in.linkedin.com/jobs/view/senior-consultant-tech-consulting-national-cns-tc-ai-and-data-new-delhi-at-ey-4441804852?position=10&pageNum=7&refId=krNRqizLbIGRKgPfIuuFzg%3D%3D&trackingId=36RF4GiIkQqSa3F9YjpGmg%3D%3D,2026-08-01
"cedar management consulting international|consultant - strategy & transformation|mumbai, maharashtra, india",Cedar Management Consulting International,Consultant - Strategy & Transformation,"Mumbai, Maharashtra, India",https://in.linkedin.com/jobs/view/consultant-strategy-transformation-at-cedar-management-consulting-international-4445706218?position=5&pageNum=2&refId=A5bHCjIHMaD83n%2Bm92iIFw%3D%3D&trackingId=5Dh%2BKmaQzurUEem8x8cCdw%3D%3D,2026-08-01
"mastercard|managing consultant, advisors & consulting services, performance analytics|gurugram, haryana, india",Mastercard,"Managing Consultant, Advisors & Consulting Services, Performance Analytics","Gurugram, Haryana, India",https://in.linkedin.com/jobs/view/managing-consultant-advisors-consulting-services-performance-analytics-at-mastercard-4440199009?position=4&pageNum=5&refId=QUSOx4LVGDmzrqUDblgl9w%3D%3D&trackingId=HSD1rlrxbyrFExrny5bXNA%3D%3D,2026-08-01
"kpmg india|consultant : m&a tech|mumbai, maharashtra, india",KPMG India,Consultant : M&A Tech,"Mumbai, Maharashtra, India",https://in.linkedin.com/jobs/view/consultant-m-a-tech-at-kpmg-india-4405301977?position=8&pageNum=5&refId=QUSOx4LVGDmzrqUDblgl9w%3D%3D&trackingId=FINn1WP565gh2FtDOhnmdw%3D%3D,2026-08-01
avasant|managing consultant|greater delhi area,Avasant,Managing Consultant,Greater Delhi Area,https://in.linkedin.com/jobs/view/managing-consultant-at-avasant-4431796395?position=1&pageNum=5&refId=A74PD%2B3AmfNLmBkwn3qCQg%3D%3D&trackingId=zUDrYcWqWF2gSx5Bvcipyg%3D%3D,2026-08-01
"cke restaurants, inc.|int'l franchise bus. consultant - india|bawana, delhi, india","CKE Restaurants, Inc.",Int'l Franchise Bus. Consultant - India,"Bawana, Delhi, India",https://in.linkedin.com/jobs/view/int-l-franchise-bus-consultant-india-at-cke-restaurants-inc-4435401848?position=7&pageNum=5&refId=A74PD%2B3AmfNLmBkwn3qCQg%3D%3D&trackingId=uwdlJ%2F%2FOX1v19r5qOR4SKA%3D%3D,2026-08-01
"cke restaurants, inc.|int'l franchise bus. consultant - india|delhi, india","CKE Restaurants, Inc.",Int'l Franchise Bus. Consultant - India,"Delhi, India",https://in.linkedin.com/jobs/view/int-l-franchise-bus-consultant-india-at-cke-restaurants-inc-4435293354?position=8&pageNum=5&refId=A74PD%2B3AmfNLmBkwn3qCQg%3D%3D&trackingId=O%2BSyu7a3NprRuTNdNY9QDA%3D%3D,2026-08-01
"rohde & schwarz|program manager -technology systems|new delhi, delhi, india",Rohde & Schwarz,Program Manager -Technology Systems,"New Delhi, Delhi, India",https://in.linkedin.com/jobs/view/program-manager-technology-systems-at-rohde-schwarz-4442650773?position=4&pageNum=7&refId=vwoVgI7QZ74ySQTN%2BRChyg%3D%3D&trackingId=09ZbZ%2B9jf5K9RJ6Im1L9tg%3D%3D,2026-08-01
"the 1970 shop|program manager- founder's office|delhi, india",The 1970 Shop,Program Manager- Founder's Office,"Delhi, India",https://in.linkedin.com/jobs/view/program-manager-founder-s-office-at-the-1970-shop-4406547275?position=7&pageNum=7&refId=vwoVgI7QZ74ySQTN%2BRChyg%3D%3D&trackingId=dUbS6htEv%2FxHzn6wrhqU8w%3D%3D,2026-08-01
"praan|technical program manager|mumbai, maharashtra, india",Praan,Technical Program Manager,"Mumbai, Maharashtra, India",https://in.linkedin.com/jobs/view/technical-program-manager-at-praan-4445917182?position=10&pageNum=7&refId=vwoVgI7QZ74ySQTN%2BRChyg%3D%3D&trackingId=4mF6pt%2BOOhRe473JffgAAA%3D%3D,2026-08-01
"zill consulting|implementation consultant|mumbai, maharashtra, india",Zill Consulting,Implementation Consultant,"Mumbai, Maharashtra, India",https://in.linkedin.com/jobs/view/implementation-consultant-at-zill-consulting-4443922870?position=4&pageNum=7&refId=8WlUQg4L6dXDTx1cqFMn0g%3D%3D&trackingId=GnYFE8BAPPJ5kV1PC7A3Zw%3D%3D,2026-08-01
deutsche telekom digital labs|senior product manager ii|gurgaon,Deutsche Telekom Digital Labs,Senior Product Manager II,Gurgaon,https://www.instahyre.com/job-436374-senior-product-manager-ii-at-deutsche-telekom-digital-labs-gurgaon/,2026-08-01
spinny|product manager|gurgaon,Spinny,Product Manager,Gurgaon,https://www.instahyre.com/job-436359-product-manager-at-spinny-2-gurgaon/,2026-08-01
"leegality|associate product manager|gurugram, haryana, india",Leegality,Associate Product Manager,"Gurugram, Haryana, India",https://in.linkedin.com/jobs/view/associate-product-manager-at-leegality-4425265171?position=5&pageNum=7&refId=Y2HnpHsIPPfNpNgzXq1nZA%3D%3D&trackingId=ycw4rbTawKf7WwV7B5BlTQ%3D%3D,2026-08-02
experian|senior product manager|mumbai metropolitan region,Experian,Senior Product Manager,Mumbai Metropolitan Region,https://in.linkedin.com/jobs/view/senior-product-manager-at-experian-4442720660?position=6&pageNum=7&refId=Lh1SyrhsfMY0tC3yZW3KfA%3D%3D&trackingId=NRAk6h0RFBccV2EnZ7nFaA%3D%3D,2026-08-02
"havas life mumbai|group product manager|mumbai, maharashtra, india",Havas Life Mumbai,Group Product Manager,"Mumbai, Maharashtra, India",https://in.linkedin.com/jobs/view/group-product-manager-at-havas-life-mumbai-4444106657?position=9&pageNum=2&refId=Qv6Uw%2BWNDx3440bXw49W3g%3D%3D&trackingId=rbo2KMMnKDe2mIC4uabI3A%3D%3D,2026-08-02
"scoutit|associate product manager|gurugram, haryana, india",Scoutit,Associate Product Manager,"Gurugram, Haryana, India",https://in.linkedin.com/jobs/view/associate-product-manager-at-scoutit-4447467739?position=10&pageNum=7&refId=61gRZPMf%2B35F%2BkSuMhg3TQ%3D%3D&trackingId=35O8ZXWi5Q44z23CWau%2FoQ%3D%3D,2026-08-02
"max healthcare|brand manager|noida, uttar pradesh, india",Max Healthcare,Brand Manager,"Noida, Uttar Pradesh, India",https://in.linkedin.com/jobs/view/brand-manager-at-max-healthcare-4445088262?position=10&pageNum=7&refId=HfSSkIS9EaxOxG3h6%2Bh2MQ%3D%3D&trackingId=dlcLUL9W0OwqgJHTyiNp2w%3D%3D,2026-08-02
"transmission|senior strategy consultant|gurugram, haryana, india",Transmission,Senior Strategy Consultant,"Gurugram, Haryana, India",https://in.linkedin.com/jobs/view/senior-strategy-consultant-at-transmission-4446856583?position=7&pageNum=5&refId=xozYGuX8LRceM22NHZ6ijw%3D%3D&trackingId=nTPsRs2x0nYeYkfBDkS4qQ%3D%3D,2026-08-02
"getcompanion(gc)|brand manager|gurugram, haryana, india",GetCompanion(GC),Brand Manager,"Gurugram, Haryana, India",https://in.linkedin.com/jobs/view/brand-manager-at-getcompanion-gc-4447631630?position=9&pageNum=5&refId=xozYGuX8LRceM22NHZ6ijw%3D%3D&trackingId=EOgkE5Dn6DI6NPfiHFBIpQ%3D%3D,2026-08-02
edelweiss financial services limited|strategy manager|mumbai metropolitan region,Edelweiss Financial Services Limited,Strategy Manager,Mumbai Metropolitan Region,https://in.linkedin.com/jobs/view/strategy-manager-at-edelweiss-financial-services-limited-4446701866?position=8&pageNum=0&refId=YNSTn4ZCNx02fl69T4RQkg%3D%3D&trackingId=Ab0c7nXJ%2BZIulv3aLH8jbA%3D%3D,2026-08-02
"boston consulting group (bcg)|pla it consultant|gurgaon, haryana, india",Boston Consulting Group (BCG),PLA IT Consultant,"Gurgaon, Haryana, India",https://in.linkedin.com/jobs/view/pla-it-consultant-at-boston-consulting-group-bcg-4413844239?position=7&pageNum=2&refId=LumInG%2BOV1RxOhFbWKNYxw%3D%3D&trackingId=hyNcO5fOt4GVBNzfPftghA%3D%3D,2026-08-02
"ust|consultant ii|mumbai, maharashtra, india",UST,Consultant II,"Mumbai, Maharashtra, India",https://in.linkedin.com/jobs/view/consultant-ii-at-ust-4387080988?position=8&pageNum=2&refId=LumInG%2BOV1RxOhFbWKNYxw%3D%3D&trackingId=zpyQQKh%2FsYfbMCI1gp2RJQ%3D%3D,2026-08-02
"tata consultancy services|sustainability consultant|new delhi, delhi, india",Tata Consultancy Services,Sustainability Consultant,"New Delhi, Delhi, India",https://in.linkedin.com/jobs/view/sustainability-consultant-at-tata-consultancy-services-4445441940?position=1&pageNum=5&refId=Qj162u1FsCOsDF04EvO4eA%3D%3D&trackingId=WVyz6OMlPcnvk8ni1SKeMw%3D%3D,2026-08-02
"exl|consultant|noida, uttar pradesh, india",EXL,Consultant,"Noida, Uttar Pradesh, India",https://in.linkedin.com/jobs/view/consultant-at-exl-4446571676?position=4&pageNum=5&refId=Qj162u1FsCOsDF04EvO4eA%3D%3D&trackingId=Fv7QpNlwF%2FFggPOwCMtkDA%3D%3D,2026-08-02
"exl|consultant|gurugram, haryana, india",EXL,Consultant,"Gurugram, Haryana, India",https://in.linkedin.com/jobs/view/consultant-at-exl-4446739118?position=4&pageNum=7&refId=BZhk%2FCWuJtYokpN4uJ%2BXMg%3D%3D&trackingId=y%2FYv4yR2Lh8%2FjuTv8glLqw%3D%3D,2026-08-02
acies|senior alm consultant|mumbai metropolitan region,Acies,Senior ALM Consultant,Mumbai Metropolitan Region,https://in.linkedin.com/jobs/view/senior-alm-consultant-at-acies-4444593119?position=3&pageNum=5&refId=RDHBYy8QxazJQo07PMvYPw%3D%3D&trackingId=dekXPCVTK1mYKPDccSkJnQ%3D%3D,2026-08-02
"leena ai|senior solution consultant|gurugram, haryana, india",Leena AI,Senior Solution Consultant,"Gurugram, Haryana, India",https://in.linkedin.com/jobs/view/senior-solution-consultant-at-leena-ai-4429518129?position=4&pageNum=5&refId=RDHBYy8QxazJQo07PMvYPw%3D%3D&trackingId=cYTK1F7DRmPoK%2BIvsVD%2FEQ%3D%3D,2026-08-02
omp|senior technical integration consultant|mumbai metropolitan region,OMP,Senior Technical Integration Consultant,Mumbai Metropolitan Region,https://in.linkedin.com/jobs/view/senior-technical-integration-consultant-at-omp-4447530716?position=5&pageNum=5&refId=RDHBYy8QxazJQo07PMvYPw%3D%3D&trackingId=eO8Yv2nZDFdhgUYuCc%2Foyw%3D%3D,2026-08-02
"cialfo|program manager|delhi, india",Cialfo,Program Manager,"Delhi, India",https://in.linkedin.com/jobs/view/program-manager-at-cialfo-4445500216?position=2&pageNum=0&refId=F%2FavIUQlDGiARdFMQRCqHA%3D%3D&trackingId=vJClok7lYnpCWtz6FdbFYw%3D%3D,2026-08-02
"google|technical program manager, data center, risk and compliance|delhi, delhi, india",Google,"Technical Program Manager, Data Center, Risk and Compliance","Delhi, Delhi, India",https://in.linkedin.com/jobs/view/technical-program-manager-data-center-risk-and-compliance-at-google-4433665495?position=3&pageNum=5&refId=8XnyG45PuSMERLinoOoDhQ%3D%3D&trackingId=orMSbO9QZVnHLFgYEHx8Fw%3D%3D,2026-08-02
"birlasoft|program manager- d365 f&o|noida, uttar pradesh, india",Birlasoft,Program Manager- D365 F&O,"Noida, Uttar Pradesh, India",https://in.linkedin.com/jobs/view/program-manager-d365-f-o-at-birlasoft-4444319797?position=7&pageNum=5&refId=8XnyG45PuSMERLinoOoDhQ%3D%3D&trackingId=Jw3iW9oZddgG1yjePgO1fQ%3D%3D,2026-08-02
truva|senior product manager - b2c|mumbai,Truva,Senior Product Manager - B2C,Mumbai,https://www.instahyre.com/job-436463-senior-product-manager-b2c-at-truva-mumbai/,2026-08-02
"lxme|product manager|mumbai, maharashtra, india",Lxme,Product Manager,"Mumbai, Maharashtra, India",https://in.linkedin.com/jobs/view/product-manager-at-lxme-4444314112?position=8&pageNum=2&refId=eP%2F1cqP%2BwkEGvSsgYpyOpg%3D%3D&trackingId=t89brL9vMQQtwy381z%2BCAQ%3D%3D,2026-08-03
"enveu|product manager (ai-first)|noida, uttar pradesh, india",Enveu,Product Manager (AI-First),"Noida, Uttar Pradesh, India",https://in.linkedin.com/jobs/view/product-manager-ai-first-at-enveu-4447672814?position=6&pageNum=5&refId=e0W2AwkmE753XnbPN24M%2Bw%3D%3D&trackingId=HKwoBoVZUrVRJCYjN8XVUg%3D%3D,2026-08-03
"novac technology solutions|product manager|navi mumbai, maharashtra, india",Novac Technology Solutions,Product Manager,"Navi Mumbai, Maharashtra, India",https://in.linkedin.com/jobs/view/product-manager-at-novac-technology-solutions-4440917102?position=3&pageNum=7&refId=khKJumxrjXMOWYWRiINl6g%3D%3D&trackingId=BtQ%2BSlWpY4NuUMc2082WwQ%3D%3D,2026-08-03
"adobe|product manager|noida, uttar pradesh, india",Adobe,Product Manager,"Noida, Uttar Pradesh, India",https://in.linkedin.com/jobs/view/product-manager-at-adobe-4447161235?position=4&pageNum=5&refId=RmTgVpsQrSUnQdJOVva7oQ%3D%3D&trackingId=DMM8OoBDpKauN7acVVindg%3D%3D,2026-08-03
"gocomet|product manager - 1|navi mumbai, maharashtra, india",GoComet,Product Manager - 1,"Navi Mumbai, Maharashtra, India",https://in.linkedin.com/jobs/view/product-manager-1-at-gocomet-4368723297?position=10&pageNum=7&refId=lkZKTzm5qy0SYcyducY67w%3D%3D&trackingId=vnfu0JXt4Pqy3rDfb%2FlW%2BQ%3D%3D,2026-08-03
"fresenius medical care|product manager|gurugram, haryana, india",Fresenius Medical Care,Product Manager,"Gurugram, Haryana, India",https://in.linkedin.com/jobs/view/product-manager-at-fresenius-medical-care-4399431032?position=1&pageNum=5&refId=eIXj3vdKaxrZwyThBdKHpQ%3D%3D&trackingId=ZLabZi35tS18Um94f4B%2Fww%3D%3D,2026-08-03
"career path hr solution|digital product marketing manager|mumbai, maharashtra, india",Career Path HR Solution,Digital Product Marketing Manager,"Mumbai, Maharashtra, India",https://in.linkedin.com/jobs/view/digital-product-marketing-manager-at-career-path-hr-solution-4446085060?position=7&pageNum=5&refId=kHWrA1PliMuJ5jypxJ4s7w%3D%3D&trackingId=6HAajskG1sJMjTLwmdw0vg%3D%3D,2026-08-03
"insight|sls consultant - elp|gurugram, haryana, india",Insight,SLS Consultant - ELP,"Gurugram, Haryana, India",https://in.linkedin.com/jobs/view/sls-consultant-elp-at-insight-4447584401?position=7&pageNum=5&refId=EZF2iqLVj8mNT9b5YNoqxg%3D%3D&trackingId=BNF2rYvKJmCUNhxp%2Fu59Zg%3D%3D,2026-08-03
boardapp|functional consultant|mumbai metropolitan region,Boardapp,Functional Consultant,Mumbai Metropolitan Region,https://in.linkedin.com/jobs/view/functional-consultant-at-boardapp-4435951346?position=4&pageNum=5&refId=lzrtTNvuDQeW8CDg%2FIsRig%3D%3D&trackingId=CDGq8g15FGZilNfMhP44Bg%3D%3D,2026-08-03
"wishlink|program manager|gurugram, haryana, india",Wishlink,Program Manager,"Gurugram, Haryana, India",https://in.linkedin.com/jobs/view/program-manager-at-wishlink-4445865963?position=5&pageNum=2&refId=dDkhmtyVSNv3LxaQbqWCkg%3D%3D&trackingId=rMp78old0KWDLmPSfmb%2FGw%3D%3D,2026-08-03
crescendo global|product manager|mumbai metropolitan region,Crescendo Global,Product Manager,Mumbai Metropolitan Region,https://in.linkedin.com/jobs/view/product-manager-at-crescendo-global-4434944275?position=10&pageNum=5&refId=YiDiLgcr1Wztkt8BYmjvqQ%3D%3D&trackingId=RchSSAw3419hk5PBkvPhnA%3D%3D,2026-08-04
"hdiplatform|associate product manager|bawana, delhi, india",HDIPlatform,Associate Product Manager,"Bawana, Delhi, India",https://in.linkedin.com/jobs/view/associate-product-manager-at-hdiplatform-4448193023?position=10&pageNum=0&refId=%2BhhbGCQOWgs9dkyZm8YocQ%3D%3D&trackingId=8FYaRMLxrMNwJup46s4xmQ%3D%3D,2026-08-04
"sumo logic|principal product manager|noida, uttar pradesh, india",Sumo Logic,Principal Product Manager,"Noida, Uttar Pradesh, India",https://in.linkedin.com/jobs/view/principal-product-manager-at-sumo-logic-4447272785?position=4&pageNum=2&refId=vIFScKYQMfU2Z9BXViUHSg%3D%3D&trackingId=YLsKhuK3455JkTEtTcMN1Q%3D%3D,2026-08-04
fmc corporation|brand manager - rice herbicides|mumbai metropolitan region,FMC Corporation,Brand Manager - Rice Herbicides,Mumbai Metropolitan Region,https://in.linkedin.com/jobs/view/brand-manager-rice-herbicides-at-fmc-corporation-4395988862?position=1&pageNum=5&refId=LLf43LSkcrvt13XGAmUelw%3D%3D&trackingId=Gyi%2BjQ5E9bSCMQr1GyEMkw%3D%3D,2026-08-04
"kyros solution pvt ltd|brand manager – usa market d2c jewellery|mumbai, maharashtra, india",Kyros Solution Pvt Ltd,Brand Manager – USA Market D2C Jewellery,"Mumbai, Maharashtra, India",https://in.linkedin.com/jobs/view/brand-manager-%E2%80%93-usa-market-d2c-jewellery-at-kyros-solution-pvt-ltd-4445589211?position=6&pageNum=5&refId=LLf43LSkcrvt13XGAmUelw%3D%3D&trackingId=cU0Wv0KRmw%2FoM3SigDWoaw%3D%3D,2026-08-04
"ogie way|content & brand manager|new delhi, delhi, india",OGIE Way,Content & Brand Manager,"New Delhi, Delhi, India",https://in.linkedin.com/jobs/view/content-brand-manager-at-ogie-way-4445898752?position=9&pageNum=5&refId=LLf43LSkcrvt13XGAmUelw%3D%3D&trackingId=%2BnMOn3RQKYNGPlRdH1toag%3D%3D,2026-08-04
the magnum ice cream company|brand manager ice cream|mumbai metropolitan region,The Magnum Ice Cream Company,Brand Manager Ice cream,Mumbai Metropolitan Region,https://in.linkedin.com/jobs/view/brand-manager-ice-cream-at-the-magnum-ice-cream-company-4448202196?position=4&pageNum=0&refId=Q8HD95d8fBrEQEH7eZmd%2Fg%3D%3D&trackingId=bZlx%2BPsfLQpqjEkX174Zjw%3D%3D,2026-08-04
"safari industries india ltd.|assistant product manager|mumbai, maharashtra, india",Safari Industries India Ltd.,Assistant Product Manager,"Mumbai, Maharashtra, India",https://in.linkedin.com/jobs/view/assistant-product-manager-at-safari-industries-india-ltd-4446217014?position=1&pageNum=2&refId=AtZD8NHsVxpRK6JzN7hApw%3D%3D&trackingId=dKSJD%2Fmd4rb%2BHkXpK4tAxw%3D%3D,2026-08-04
"credgenics|strategy manager|noida, uttar pradesh, india",Credgenics,Strategy Manager,"Noida, Uttar Pradesh, India",https://in.linkedin.com/jobs/view/strategy-manager-at-credgenics-4448165620?position=4&pageNum=5&refId=XOAGmdK2rcRGossOalj%2FrA%3D%3D&trackingId=Yhc%2BuVWVS6yzqootKFhMFQ%3D%3D,2026-08-04
"salt oral care|growth & business strategy manager|mumbai, maharashtra, india",Salt Oral Care,Growth & Business Strategy Manager,"Mumbai, Maharashtra, India",https://in.linkedin.com/jobs/view/growth-business-strategy-manager-at-salt-oral-care-4445885271?position=7&pageNum=5&refId=XOAGmdK2rcRGossOalj%2FrA%3D%3D&trackingId=4B%2Fnq1V%2FXOGBH11nTCaJUA%3D%3D,2026-08-04
"siemens|business consultant|gurugram, haryana, india",Siemens,Business Consultant,"Gurugram, Haryana, India",https://in.linkedin.com/jobs/view/business-consultant-at-siemens-4438059726?position=10&pageNum=7&refId=KmCAgcRbvWIW8khM8SgW5g%3D%3D&trackingId=vY1ZESB8lWP2ufC7ZMjCwA%3D%3D,2026-08-04
"lenskart.com|program manager - retail strategy|gurugram, haryana, india",Lenskart.com,Program Manager - Retail Strategy,"Gurugram, Haryana, India",https://in.linkedin.com/jobs/view/program-manager-retail-strategy-at-lenskart-com-4435648016?position=4&pageNum=2&refId=ryx5p%2BtD69n1RPFyrC%2FyBw%3D%3D&trackingId=9jao9U3ou5%2F1Zj%2BW1551Ig%3D%3D,2026-08-04
"accenture in india|imu-song strategy consultant|new delhi, delhi, india",Accenture in India,IMU-SONG Strategy Consultant,"New Delhi, Delhi, India",https://in.linkedin.com/jobs/view/imu-song-strategy-consultant-at-accenture-in-india-4448348883?position=4&pageNum=7&refId=Ysseo93X0h5o%2FYoCkedzwg%3D%3D&trackingId=FzIxFE32lhUTIJSEj0%2BKAw%3D%3D,2026-08-04
spinny|technical program manager|gurgaon,Spinny,Technical Program Manager,Gurgaon,https://www.instahyre.com/job-436254-technical-program-manager-at-spinny-2-gurgaon/,2026-08-04
idfc first bank|lead product manager (gen ai)|mumbai,IDFC First Bank,Lead Product Manager (Gen AI),Mumbai,https://www.instahyre.com/job-430743-lead-product-manager-gen-ai-at-idfc-first-bank-mumbai/,2026-08-04
loginext|technical product manager|mumbai,LogiNext,Technical Product Manager,Mumbai,https://www.instahyre.com/job-436573-technical-product-manager-at-loginext-mumbai/,2026-08-04
open network for digital commerce|product manager - logistics|delhi,Open Network For Digital Commerce,Product Manager - Logistics,Delhi,https://www.instahyre.com/job-425678-product-manager-logistics-at-open-network-for-digital-commerce-delhi/,2026-08-04
"godaddy|senior product manager|gurgaon,work from home",GoDaddy,Senior Product Manager,"Gurgaon,Work From Home",https://www.instahyre.com/job-436418-senior-product-manager-at-godaddy-gurgaon-work-from-home/,2026-08-04
"ipca laboratories limited|group product manager - rheumat/ortho|mumbai, maharashtra, india",Ipca Laboratories Limited,Group Product Manager - Rheumat/Ortho,"Mumbai, Maharashtra, India",https://in.linkedin.com/jobs/view/group-product-manager-rheumat-ortho-at-ipca-laboratories-limited-4429914147?position=10&pageNum=7&refId=klPvlbAlDRW%2BEGnxspg%2FYQ%3D%3D&trackingId=jyQsQxzmi5O3Ch90zzBgGw%3D%3D,2026-08-05
vrinda international|oracle profitability & cost management (pcmcs) consultant|mumbai metropolitan region,VRINDA INTERNATIONAL,Oracle Profitability & Cost Management (PCMCS) Consultant,Mumbai Metropolitan Region,https://in.linkedin.com/jobs/view/oracle-profitability-cost-management-pcmcs-consultant-at-vrinda-international-4440203275?position=4&pageNum=7&refId=SYOvp5QS5jaetyO1B6zdJA%3D%3D&trackingId=L6X84vQrW9dLu0Y%2FYqJpHQ%3D%3D,2026-08-05
"bnp paribas|consultant- cib consulting & transformation (cibc&t) india|mumbai, maharashtra, india",BNP Paribas,Consultant- CIB Consulting & Transformation (CIBC&T) India,"Mumbai, Maharashtra, India",https://in.linkedin.com/jobs/view/consultant-cib-consulting-transformation-cibc-t-india-at-bnp-paribas-4389740378?position=6&pageNum=5&refId=LCFNyjufrul68RbRE6jepg%3D%3D&trackingId=L1%2BZ26hOEK4nh%2FLKSDA0ww%3D%3D,2026-08-05
ripik.ai|senior program manager|noida,Ripik.AI,Senior Program Manager,Noida,https://www.instahyre.com/job-436823-senior-program-manager-at-ripik-2-noida/,2026-08-05
"adobe|senior product manager|delhi,gurgaon,noida",Adobe,Senior Product Manager,"Delhi,Gurgaon,Noida",https://www.instahyre.com/job-430820-senior-product-manager-at-adobe-delhi-gurgaon-noida/,2026-08-05
idfc first bank|product manager|mumbai,IDFC First Bank,Product Manager,Mumbai,https://www.instahyre.com/job-320485-product-manager-at-idfc-first-bank-mumbai/,2026-08-05
klimb.io|product marketing manager|mumbai,Klimb.io,Product Marketing Manager,Mumbai,https://www.instahyre.com/job-436993-product-marketing-manager-at-klimb-mumbai/,2026-08-05
"accenture|enterprise operating model consultant|bangalore,gurgaon,mumbai",Accenture,Enterprise Operating Model Consultant,"Bangalore,Gurgaon,Mumbai",https://www.instahyre.com/job-437011-enterprise-operating-model-consultant-at-accenture-2-bangalore-gurgaon-mumbai/,2026-08-05
tata consultancy services|consultant|mumbai,Tata Consultancy Services,Consultant,Mumbai,https://www.instahyre.com/job-436834-consultant-at-tata-consultancy-services-mumbai/,2026-08-05
tata consultancy services|kyriba consultant|mumbai,Tata Consultancy Services,Kyriba Consultant,Mumbai,https://www.instahyre.com/job-436829-kyriba-consultant-at-tata-consultancy-services-mumbai/,2026-08-05
route mobile limited|product manager|mumbai metropolitan region,Route Mobile Limited,Product Manager,Mumbai Metropolitan Region,https://in.linkedin.com/jobs/view/product-manager-at-route-mobile-limited-4440781227?position=4&pageNum=2&refId=kU6pT3vsXqVcEM2erIqu9w%3D%3D&trackingId=%2BUn3j1oQw0zqOcsGHtEElA%3D%3D,2026-08-06
"kgk group|product manager|mumbai, maharashtra, india",KGK Group,Product Manager,"Mumbai, Maharashtra, India",https://in.linkedin.com/jobs/view/product-manager-at-kgk-group-4438495251?position=5&pageNum=5&refId=LCQPPR%2BbWS%2BA55%2Bxx6ylkA%3D%3D&trackingId=z5dKfwb59ULTyey70VQO6Q%3D%3D,2026-08-06
bricstal tech|product manager|mumbai metropolitan region,Bricstal Tech,Product Manager,Mumbai Metropolitan Region,https://in.linkedin.com/jobs/view/product-manager-at-bricstal-tech-4443583390?position=7&pageNum=5&refId=LCQPPR%2BbWS%2BA55%2Bxx6ylkA%3D%3D&trackingId=7b%2FghgF8gLKgzUH2LQ8fZg%3D%3D,2026-08-06
"makemytrip|associate product manager|gurgaon, haryana, india",MakeMyTrip,Associate Product Manager,"Gurgaon, Haryana, India",https://in.linkedin.com/jobs/view/associate-product-manager-at-makemytrip-4449485358?position=3&pageNum=0&refId=QKiEuk86l78Ewp%2BuEvM2Yg%3D%3D&trackingId=mPHP4fD1LHXAuKRXyO6qtw%3D%3D,2026-08-06
"priceline|senior product manager|mumbai, maharashtra, india",Priceline,Senior Product Manager,"Mumbai, Maharashtra, India",https://in.linkedin.com/jobs/view/senior-product-manager-at-priceline-4425296556?position=1&pageNum=2&refId=sNnH2XUE9waOxDJBs7dnHQ%3D%3D&trackingId=idOO3dTHXAfm%2F3Z7OexSEQ%3D%3D,2026-08-06
"idfc first bank|lead product manager-loyalty & alliances|mumbai, maharashtra, india",IDFC FIRST Bank,Lead Product Manager-Loyalty & Alliances,"Mumbai, Maharashtra, India",https://in.linkedin.com/jobs/view/lead-product-manager-loyalty-alliances-at-idfc-first-bank-4448563174?position=2&pageNum=5&refId=LWBhlOAI6P4yuXn6K%2FwtOg%3D%3D&trackingId=mXjGsWBlCUW3Q9QT6l4Xow%3D%3D,2026-08-06
"adecco|group product manager|mumbai, maharashtra, india",Adecco,Group Product Manager,"Mumbai, Maharashtra, India",https://in.linkedin.com/jobs/view/group-product-manager-at-adecco-4448873271?position=1&pageNum=2&refId=bZeVnm1a%2F9igve7Unhh0Bg%3D%3D&trackingId=UvY%2B5Q7hz6CzFGt1m3H31g%3D%3D,2026-08-06
"support stanislaus cancer treatment|product manager|mumbai, maharashtra, india",Support Stanislaus Cancer Treatment,Product Manager,"Mumbai, Maharashtra, India",https://in.linkedin.com/jobs/view/product-manager-at-support-stanislaus-cancer-treatment-4449129621?position=9&pageNum=2&refId=NPM%2BLmjjQzQGi3iRcy3Oyg%3D%3D&trackingId=wVwOu4G7T2iXZpsZXokg%2FQ%3D%3D,2026-08-06
the magnum ice cream company|brand manager - magnum ice cream|mumbai metropolitan region,The Magnum Ice Cream Company,Brand Manager - Magnum Ice Cream,Mumbai Metropolitan Region,https://in.linkedin.com/jobs/view/brand-manager-magnum-ice-cream-at-the-magnum-ice-cream-company-4448202196?position=3&pageNum=0&refId=jcKNRqhCH1bCDloRVhaAtg%3D%3D&trackingId=b9zMiU7iTfR4ivNm3GMwwQ%3D%3D,2026-08-06
"haleon|senior brand manager – eno|gurgaon, haryana, india",Haleon,Senior Brand Manager – Eno,"Gurgaon, Haryana, India",https://in.linkedin.com/jobs/view/senior-brand-manager-%E2%80%93-eno-at-haleon-4448523160?position=9&pageNum=0&refId=jcKNRqhCH1bCDloRVhaAtg%3D%3D&trackingId=zw6nUUd6dacorZxCcbzk2A%3D%3D,2026-08-06
the scatalyst|gtm strategy and program manager|mumbai metropolitan region,The Scatalyst,GTM Strategy and Program Manager,Mumbai Metropolitan Region,https://in.linkedin.com/jobs/view/gtm-strategy-and-program-manager-at-the-scatalyst-4437366447?position=6&pageNum=7&refId=1fbfjO%2B2Oqxla16%2Fg0wCkw%3D%3D&trackingId=xZdtX59BsTzbMvKzB7Fung%3D%3D,2026-08-06
"michael page|ceo's office:: strategy manager - delhi|gurgaon, haryana, india",Michael Page,CEO's Office:: Strategy Manager - Delhi,"Gurgaon, Haryana, India",https://in.linkedin.com/jobs/view/ceo-s-office-strategy-manager-delhi-at-michael-page-4448248292?position=10&pageNum=0&refId=WvOQKKPJfFhVrYStMnPLIQ%3D%3D&trackingId=1p4RFI0yV7ErcuNzM4vAtA%3D%3D,2026-08-06
"cint|survey programming consultant, project success|gurugram, haryana, india",Cint,"Survey Programming Consultant, Project Success","Gurugram, Haryana, India",https://in.linkedin.com/jobs/view/survey-programming-consultant-project-success-at-cint-4448895692?position=2&pageNum=5&refId=ejD7BAeGuKo1x320uj54yg%3D%3D&trackingId=9ZRTwz5TcoVjIyx%2FaTUY3A%3D%3D,2026-08-06
"wazir advisors|consultant|gurgaon, haryana, india",Wazir Advisors,Consultant,"Gurgaon, Haryana, India",https://in.linkedin.com/jobs/view/consultant-at-wazir-advisors-4448295229?position=1&pageNum=5&refId=EUmFq2OP2AGiVknkX3UXTg%3D%3D&trackingId=G60pfqLofB%2FopOa7tdd3Fw%3D%3D,2026-08-06
"cnh|program manager|gurgaon, haryana, india",CNH,Program Manager,"Gurgaon, Haryana, India",https://in.linkedin.com/jobs/view/program-manager-at-cnh-4438589414?position=7&pageNum=5&refId=S3MCsWKeBh4pgtn%2BkVMaTw%3D%3D&trackingId=t%2F%2BIHpIIVCOTR%2BTXmN3JBw%3D%3D,2026-08-06
"payu|senior product manager|bangalore,gurgaon",PayU,Senior Product Manager,"Bangalore,Gurgaon",https://www.instahyre.com/job-416438-senior-product-manager-at-payu-bangalore-gurgaon/,2026-08-06
"payu|product manager|bangalore,gurgaon",PayU,Product Manager,"Bangalore,Gurgaon",https://www.instahyre.com/job-416437-product-manager-at-payu-bangalore-gurgaon/,2026-08-06
1mg|brand manager|gurgaon,1mg,Brand Manager,Gurgaon,https://www.instahyre.com/job-436960-brand-manager-at-1mg-gurgaon/,2026-08-06
eucloid data solutions|senior principal data consultant|gurgaon,Eucloid Data Solutions,Senior Principal Data Consultant,Gurgaon,https://www.instahyre.com/job-437140-senior-principal-data-consultant-at-eucloid-data-solutions-gurgaon/,2026-08-06
cometchat|product manager|mumbai metropolitan region,CometChat,Product Manager,Mumbai Metropolitan Region,https://in.linkedin.com/jobs/view/product-manager-at-cometchat-4447370495?position=7&pageNum=5&refId=eC7hmdg1lenjz%2FGPFXplCQ%3D%3D&trackingId=79GPao7r1oJLec63h4furQ%3D%3D,2026-08-07
"simpleo.ai|product manager|noida, uttar pradesh, india",SimpleO.ai,Product Manager,"Noida, Uttar Pradesh, India",https://in.linkedin.com/jobs/view/product-manager-at-simpleo-ai-4449335143?position=10&pageNum=5&refId=eC7hmdg1lenjz%2FGPFXplCQ%3D%3D&trackingId=WMLb3Errmkhm4AshSn8wKQ%3D%3D,2026-08-07
"incredipets|associate product manager|gurugram, haryana, india",IncrediPets,Associate Product Manager,"Gurugram, Haryana, India",https://in.linkedin.com/jobs/view/associate-product-manager-at-incredipets-4449397360?position=8&pageNum=0&refId=2viq2FS6axneRSF7pQNEgg%3D%3D&trackingId=MdjAK3bAaJwWjg09Uj40fA%3D%3D,2026-08-07
kodo|product marketing manager|mumbai,Kodo,Product Marketing Manager,Mumbai,https://www.instahyre.com/job-382665-product-marketing-manager-at-kodo-mumbai/,2026-08-07
"netcore|growth product manager|mumbai, maharashtra, india",Netcore,Growth Product Manager,"Mumbai, Maharashtra, India",https://in.linkedin.com/jobs/view/growth-product-manager-at-netcore-4449731778?position=3&pageNum=7&refId=YarF5sv2rU9UdGaWkUkzSA%3D%3D&trackingId=9NPC%2Fz%2Fylbn7S1Da7t84LA%3D%3D,2026-08-08
"hero vired|associate product manager/product manager|gurugram, haryana, india",Hero Vired,Associate Product Manager/Product Manager,"Gurugram, Haryana, India",https://in.linkedin.com/jobs/view/associate-product-manager-product-manager-at-hero-vired-4448754404?position=1&pageNum=0&refId=pJq2T73yrtrW8Vqq3CW2EQ%3D%3D&trackingId=8UxSzpS%2Fa9DLEmVr3%2F80ag%3D%3D,2026-08-08
"umanist na|associate product manager|gurugram, haryana, india",Umanist NA,Associate Product Manager,"Gurugram, Haryana, India",https://in.linkedin.com/jobs/view/associate-product-manager-at-umanist-na-4450312878?position=3&pageNum=2&refId=0o1PkWl07t76wEx8xzTbJQ%3D%3D&trackingId=DYZPBVxq5C8juYgPCdyPhQ%3D%3D,2026-08-08
"noon|growth product manager|gurugram, haryana, india",noon,Growth Product Manager,"Gurugram, Haryana, India",https://in.linkedin.com/jobs/view/growth-product-manager-at-noon-4450211946?position=9&pageNum=0&refId=MU0NapHcTLLk1fPeOeW8Rw%3D%3D&trackingId=z%2FLWh27Wz7VrgTyiOo9SbQ%3D%3D,2026-08-08
"insurity|product marketing manager|noida, uttar pradesh, india",Insurity,Product Marketing Manager,"Noida, Uttar Pradesh, India",https://in.linkedin.com/jobs/view/product-marketing-manager-at-insurity-4446974518?position=8&pageNum=2&refId=hCZeELKph1RTgMLRyk1KQA%3D%3D&trackingId=hny3Ly1rbm5kjb7WISqjRg%3D%3D,2026-08-08
"ruhe|senior brand manager|delhi, india",Ruhe,Senior Brand Manager,"Delhi, India",https://in.linkedin.com/jobs/view/senior-brand-manager-at-ruhe-4448757939?position=8&pageNum=2&refId=fxj51IDHBA3N7r%2FFBlWiwg%3D%3D&trackingId=g9H3k83X6bz7%2FolSFtnNPg%3D%3D,2026-08-08
"jk tyre & industries ltd.|product manager - 2/3 wheeler (assistant manager)|delhi, india",JK Tyre & Industries Ltd.,Product Manager - 2/3 Wheeler (Assistant Manager),"Delhi, India",https://in.linkedin.com/jobs/view/product-manager-2-3-wheeler-assistant-manager-at-jk-tyre-industries-ltd-4446289254?position=10&pageNum=7&refId=mnWpu8cVtOA%2F3DbAcjkiNw%3D%3D&trackingId=5ElrGSmlhg2xwCZRORy0wg%3D%3D,2026-08-08
"accenture in india|tech gcc advisory consultant|gurugram, haryana, india",Accenture in India,Tech GCC Advisory Consultant,"Gurugram, Haryana, India",https://in.linkedin.com/jobs/view/tech-gcc-advisory-consultant-at-accenture-in-india-4448357970?position=2&pageNum=2&refId=C0ifN14pZNoUyEQsKIQX8Q%3D%3D&trackingId=K62tURhJwBzPebEIq01OHg%3D%3D,2026-08-08
general mills|sr consultant – cis|mumbai metropolitan region,General Mills,Sr Consultant – CIS,Mumbai Metropolitan Region,https://in.linkedin.com/jobs/view/sr-consultant-%E2%80%93-cis-at-general-mills-4448972278?position=7&pageNum=5&refId=YhMbutryoFf%2FlBuELq%2BoCA%3D%3D&trackingId=Q67AkW7BAePwwFiI%2BLZIhg%3D%3D,2026-08-08
"carrier|program manager|gurgaon, haryana, india",Carrier,Program Manager,"Gurgaon, Haryana, India",https://in.linkedin.com/jobs/view/program-manager-at-carrier-4445734906?position=10&pageNum=5&refId=xcsuxDbgrUNmuYSPiPXdLQ%3D%3D&trackingId=mG7uEW%2BKcQAwDs4fJrusmw%3D%3D,2026-08-08
"tata consultancy services|consultant - sap erp (fscm) - 101826|mumbai,pune",Tata Consultancy Services,Consultant - SAP ERP (FSCM) - 101826,"Mumbai,Pune",https://www.instahyre.com/job-437366-consultant-sap-erp-fscm-101826-at-tata-consultancy-services-mumbai-pune/,2026-08-08
"pidge|product manager|gurugram, haryana, india",Pidge,Product Manager,"Gurugram, Haryana, India",https://in.linkedin.com/jobs/view/product-manager-at-pidge-4451073203?position=8&pageNum=5&refId=f%2FzKV72p0oZ33QwsQW7QDQ%3D%3D&trackingId=QFodaUTZvAzzyXFkBOLW9w%3D%3D,2026-08-09
"manifest global|senior product manager|bawana, delhi, india",Manifest Global,Senior Product Manager,"Bawana, Delhi, India",https://in.linkedin.com/jobs/view/senior-product-manager-at-manifest-global-4451069747?position=3&pageNum=7&refId=tPG9iEBfXULVAp0rtzxQqg%3D%3D&trackingId=vAp1LY4GJPa%2Byn%2BhS9JcbQ%3D%3D,2026-08-09
"vip industries limited|associate brand manager|mumbai, maharashtra, india",VIP Industries Limited,Associate Brand Manager,"Mumbai, Maharashtra, India",https://in.linkedin.com/jobs/view/associate-brand-manager-at-vip-industries-limited-4448732736?position=7&pageNum=2&refId=R3d4mWHKIRjU%2FCynA5tQyA%3D%3D&trackingId=L2LqvrW3IKjRhx2OhLpEYA%3D%3D,2026-08-09
"beastlife|senior brand manager|gurugram, haryana, india",BeastLife,Senior Brand Manager,"Gurugram, Haryana, India",https://in.linkedin.com/jobs/view/senior-brand-manager-at-beastlife-4450567925?position=4&pageNum=0&refId=l8%2F3DPe75r%2FNJccNBwPRAw%3D%3D&trackingId=mxIkcbz3Wem7jo1lFhjxAA%3D%3D,2026-08-09
"traya|senior brand manager - growth|mumbai, maharashtra, india",Traya,Senior Brand Manager - Growth,"Mumbai, Maharashtra, India",https://in.linkedin.com/jobs/view/senior-brand-manager-growth-at-traya-4449263178?position=5&pageNum=0&refId=l8%2F3DPe75r%2FNJccNBwPRAw%3D%3D&trackingId=VzWSHmnE99ifktOg%2BEcBhA%3D%3D,2026-08-09
"kettle studio|brand manager & content director|mumbai, maharashtra, india",Kettle Studio,Brand Manager & Content Director,"Mumbai, Maharashtra, India",https://in.linkedin.com/jobs/view/brand-manager-content-director-at-kettle-studio-4448087457?position=6&pageNum=7&refId=7H7FGKCJLGcPPSim6GNoow%3D%3D&trackingId=PlLJmPsz%2FZ5ocnEv81is7g%3D%3D,2026-08-09
"hok beauty private limited|assistant brand manager marketing|new delhi, delhi, india",HOK BEAUTY PRIVATE LIMITED,Assistant Brand Manager Marketing,"New Delhi, Delhi, India",https://in.linkedin.com/jobs/view/assistant-brand-manager-marketing-at-hok-beauty-private-limited-4447975862?position=5&pageNum=0&refId=WlR8SnMlV45jLQ65P5%2FxWQ%3D%3D&trackingId=aEPwIxClcleIyQ0sJ9YvKw%3D%3D,2026-08-09
andamen|assistant brand manager|greater delhi area,Andamen,Assistant Brand Manager,Greater Delhi Area,https://in.linkedin.com/jobs/view/assistant-brand-manager-at-andamen-4448278299?position=10&pageNum=0&refId=WlR8SnMlV45jLQ65P5%2FxWQ%3D%3D&trackingId=KBjo9x8fWs7zxYjHxh7Faw%3D%3D,2026-08-09
"accenture in india|s&c gn - ts&t –security m&a – consultant|gurugram, haryana, india",Accenture in India,S&C GN - TS&T –Security M&A – Consultant,"Gurugram, Haryana, India",https://in.linkedin.com/jobs/view/s-c-gn-ts-t-%E2%80%93security-m-a-%E2%80%93-consultant-at-accenture-in-india-4450769482?position=10&pageNum=0&refId=TegPNZOoBvtZWe%2BsNRmx8Q%3D%3D&trackingId=51N826jID2dLMcVmuY6Ugg%3D%3D,2026-08-09
jindalx|product manager|noida,JindalX,Product Manager,Noida,https://www.instahyre.com/job-437599-product-manager-at-jindalx-noida/,2026-08-09
"accenture|amazon connect - consultant|bangalore,gurgaon,mumbai",Accenture,Amazon Connect - Consultant,"Bangalore,Gurgaon,Mumbai",https://www.instahyre.com/job-437624-amazon-connect-consultant-at-accenture-2-bangalore-gurgaon-mumbai/,2026-08-09
"ambak|apm/product manager|gurugram, haryana, india",Ambak,APM/Product Manager,"Gurugram, Haryana, India",https://in.linkedin.com/jobs/view/apm-product-manager-at-ambak-4451387669?position=2&pageNum=7&refId=WV3iuFJdwPv%2FKmAZuhF7zg%3D%3D&trackingId=8FT7zyzq5AANEEWxonXEjA%3D%3D,2026-08-10
"newgen software|product marketing manager|noida, uttar pradesh, india",Newgen Software,Product Marketing Manager,"Noida, Uttar Pradesh, India",https://in.linkedin.com/jobs/view/product-marketing-manager-at-newgen-software-4448029248?position=3&pageNum=7&refId=Qrvbc8FLbDFjP7Ti8MYVLg%3D%3D&trackingId=4jZVZSuwGa5FEi47oNvSsg%3D%3D,2026-08-10
"whizz hr|brand manager|mumbai, maharashtra, india",Whizz HR,Brand Manager,"Mumbai, Maharashtra, India",https://in.linkedin.com/jobs/view/brand-manager-at-whizz-hr-4451396340?position=8&pageNum=7&refId=GqT7RssDPnHfmQMzPanLOg%3D%3D&trackingId=OxAOCDhaZKtavxKr7LlosA%3D%3D,2026-08-10
"traya|senior brand manager|mumbai, maharashtra, india",Traya,Senior Brand Manager,"Mumbai, Maharashtra, India",https://in.linkedin.com/jobs/view/senior-brand-manager-at-traya-4449263178?position=3&pageNum=7&refId=dCgTd2YQJZR6ZULNarMgxw%3D%3D&trackingId=m8rjVL6eE9MNa7SEeOKYkw%3D%3D,2026-08-10
"glanbia|category & portfolio strategy manager, india|mumbai metropolitan region",Glanbia,"Category & Portfolio Strategy Manager, India",Mumbai Metropolitan Region,https://in.linkedin.com/jobs/view/category-portfolio-strategy-manager-india-at-glanbia-4451331605?position=9&pageNum=7&refId=DzgohKnu7vBidNQaD5b3gQ%3D%3D&trackingId=q1J5H7Yvbz%2BTPl9PAEnRsQ%3D%3D,2026-08-10
"wsp in india|consultant – transformation advisory|noida, uttar pradesh, india",WSP in India,Consultant – Transformation Advisory,"Noida, Uttar Pradesh, India",https://in.linkedin.com/jobs/view/consultant-%E2%80%93-transformation-advisory-at-wsp-in-india-4423114624?position=9&pageNum=5&refId=AHLYW%2FCNTgwgqC%2B767jqoQ%3D%3D&trackingId=VgQeJKpQ1aGK9r%2BXWft5hA%3D%3D,2026-08-10
mai labs|principal product manager|noida,Mai Labs,Principal Product Manager,Noida,https://www.instahyre.com/job-437446-principal-product-manager-at-mai-labs-noida/,2026-08-10
"procol|platform product manager|gurugram, haryana, india",Procol,Platform Product Manager,"Gurugram, Haryana, India",https://in.linkedin.com/jobs/view/platform-product-manager-at-procol-4451132080?position=1&pageNum=5&refId=xZO4b2x0TtKTWdSQsGn1XQ%3D%3D&trackingId=9kA3qqr4lDadA2bKipeFRA%3D%3D,2026-08-11
"jiosaavn|senior product manager - engagement, personalisation & ai|mumbai, maharashtra, india",JioSaavn,"Senior Product Manager - Engagement, Personalisation & AI","Mumbai, Maharashtra, India",https://in.linkedin.com/jobs/view/senior-product-manager-engagement-personalisation-ai-at-jiosaavn-4448010462?position=1&pageNum=5&refId=v88V5oyqyxbmYnGlOhvfxg%3D%3D&trackingId=tlZMnnzg3PtrgkpLKx32kA%3D%3D,2026-08-11
"oceanwide (an insurity company)|product marketing manager|noida, uttar pradesh, india",Oceanwide (an Insurity company),Product Marketing Manager,"Noida, Uttar Pradesh, India",https://in.linkedin.com/jobs/view/product-marketing-manager-at-oceanwide-an-insurity-company-4448701264?position=9&pageNum=2&refId=HvYGkOwmKzbody5tf9nezw%3D%3D&trackingId=%2BzWkW%2FPL%2F7qIbH0GuUA2mw%3D%3D,2026-08-11
"pi industries ltd|product marketing manager|mumbai, maharashtra, india",PI Industries Ltd,Product Marketing Manager,"Mumbai, Maharashtra, India",https://in.linkedin.com/jobs/view/product-marketing-manager-at-pi-industries-ltd-4450098327?position=9&pageNum=5&refId=6Bou4IX9y4KbZBNftQq8uw%3D%3D&trackingId=8lh3UDTslo7NyfYL8Q0YVw%3D%3D,2026-08-11
"dmi finance private limited|product marketing manager|delhi, india",DMI Finance Private Limited,Product Marketing Manager,"Delhi, India",https://in.linkedin.com/jobs/view/product-marketing-manager-at-dmi-finance-private-limited-4448825467?position=10&pageNum=7&refId=5kFYlK6DC%2BRLhhkvFyeHTw%3D%3D&trackingId=ZIQNZvzCpDPrk8gNT%2BWh%2Fw%3D%3D,2026-08-11
edgevantage|business consultant- supply chain|mumbai metropolitan region,EdgeVantage,Business Consultant- Supply Chain,Mumbai Metropolitan Region,https://in.linkedin.com/jobs/view/business-consultant-supply-chain-at-edgevantage-4444327271?position=1&pageNum=2&refId=SkI94N3HcdKm0CI01GDpgA%3D%3D&trackingId=PaxIZf4hUr2xeJAHmc0oEw%3D%3D,2026-08-11
"syneos health commercial solutions|consultant - commercial strategy|gurugram, haryana, india",Syneos Health Commercial Solutions,Consultant - Commercial Strategy,"Gurugram, Haryana, India",https://in.linkedin.com/jobs/view/consultant-commercial-strategy-at-syneos-health-commercial-solutions-4451551136?position=1&pageNum=5&refId=JclyUp3p2FKezBVBkw377g%3D%3D&trackingId=Qsvi89h92CboPMri%2Bdywfw%3D%3D,2026-08-11
"centricity wealthtech|senior product manager|delhi,gurgaon,noida",Centricity WealthTech,Senior Product Manager,"Delhi,Gurgaon,Noida",https://www.instahyre.com/job-437652-senior-product-manager-at-centricity-wealthtech-delhi-gurgaon-noida/,2026-08-11
cimet|senior product manager - platform|gurgaon,CIMET,Senior Product Manager - Platform,Gurgaon,https://www.instahyre.com/job-423896-senior-product-manager-platform-at-cimet-gurgaon/,2026-08-11
"accenture|pricing strategy - consultant|bangalore,gurgaon,mumbai",Accenture,Pricing Strategy - Consultant,"Bangalore,Gurgaon,Mumbai",https://www.instahyre.com/job-437836-pricing-strategy-consultant-at-accenture-2-bangalore-gurgaon-mumbai/,2026-08-11
kpmg|identity management consultant - 102034|noida,KPMG,Identity Management Consultant - 102034,Noida,https://www.instahyre.com/job-437774-identity-management-consultant-102034-at-kpmg-2-noida/,2026-08-11
tata consultancy services|associate consultant - bid writer - 101031|delhi,Tata Consultancy Services,Associate Consultant - Bid Writer - 101031,Delhi,https://www.instahyre.com/job-434466-associate-consultant-bid-writer-101031-at-tata-consultancy-services-delhi/,2026-08-11
canopy and sky|travel consultant|gurgaon,Canopy and Sky,Travel Consultant,Gurgaon,https://www.instahyre.com/job-414832-travel-consultant-at-canopy-and-sky-gurgaon/,2026-08-11
metalbook|oracle netsuite techno - functional consultant|gurgaon,Metalbook,Oracle NetSuite Techno - Functional Consultant,Gurgaon,https://www.instahyre.com/job-426186-oracle-netsuite-techno-functional-consultant-at-metalbook-gurgaon/,2026-08-11
engineo solutions|junior technical consultant|gurgaon,EngiNeo Solutions,Junior Technical Consultant,Gurgaon,https://www.instahyre.com/job-420622-junior-technical-consultant-at-engineo-solutions-gurgaon/,2026-08-11
squadstack.ai|ai product manager|noida,SquadStack.ai,AI Product Manager,Noida,https://www.instahyre.com/job-416509-ai-product-manager-at-squadstack-noida/,2026-08-11
"aftershoot|product manager|delhi, india",Aftershoot,Product Manager,"Delhi, India",https://in.linkedin.com/jobs/view/product-manager-at-aftershoot-4451634357?position=10&pageNum=0&refId=Y3sL2sCD5yR4g9kOFSwLAw%3D%3D&trackingId=LRGKL8ZanCKrmUrhl1ot9g%3D%3D,2026-08-12
"fieldassist|associate product manager | gurgaon|gurugram, haryana, india",FieldAssist,Associate Product Manager | Gurgaon,"Gurugram, Haryana, India",https://in.linkedin.com/jobs/view/associate-product-manager-gurgaon-at-fieldassist-4416353302?position=8&pageNum=0&refId=csMN%2FI6eMIXu3XG8kArTCQ%3D%3D&trackingId=i6%2FT%2Be6rQgx87YJz1vqdqA%3D%3D,2026-08-12
"unicommerce|associate product manager|gurugram, haryana, india",Unicommerce,Associate Product Manager,"Gurugram, Haryana, India",https://in.linkedin.com/jobs/view/associate-product-manager-at-unicommerce-4448010033?position=1&pageNum=5&refId=zagvEA1ckGtthpeXT3zVlg%3D%3D&trackingId=YmztiZDsVAMsav5uDqaeiA%3D%3D,2026-08-12
"idfc first bank|senior product manager-debit cards|mumbai, maharashtra, india",IDFC FIRST Bank,Senior Product Manager-Debit Cards,"Mumbai, Maharashtra, India",https://in.linkedin.com/jobs/view/senior-product-manager-debit-cards-at-idfc-first-bank-4443885085?position=1&pageNum=0&refId=DcHzsNM4V6dPkMxlQWTNZg%3D%3D&trackingId=%2BXU0mPuMs%2FHMnL%2BQAwRlKQ%3D%3D,2026-08-12
"netomi|senior product manager - autonomous agents|gurugram, haryana, india",Netomi,Senior Product Manager - Autonomous Agents,"Gurugram, Haryana, India",https://in.linkedin.com/jobs/view/senior-product-manager-autonomous-agents-at-netomi-4447385259?position=2&pageNum=0&refId=DcHzsNM4V6dPkMxlQWTNZg%3D%3D&trackingId=5Uqxf3pyyn2jYeVzek5aIw%3D%3D,2026-08-12
"vzy|senior product manager|noida, uttar pradesh, india",Vzy,Senior Product Manager,"Noida, Uttar Pradesh, India",https://in.linkedin.com/jobs/view/senior-product-manager-at-vzy-4452437384?position=2&pageNum=7&refId=RwN4DlyAXfJ5bQ2fX%2Bf2Yw%3D%3D&trackingId=DWjX2aQFQ9gcNdvDXrm1eg%3D%3D,2026-08-12
"beyondnmore|digital product marketing manager|mumbai, maharashtra, india",BeyondnMore,Digital Product Marketing Manager,"Mumbai, Maharashtra, India",https://in.linkedin.com/jobs/view/digital-product-marketing-manager-at-beyondnmore-4441591604?position=5&pageNum=7&refId=6Me8sxn0Ks2o4ygbP87HTA%3D%3D&trackingId=yXouBdYIPYfxY0UftiD8vQ%3D%3D,2026-08-12
the sleep company|brand manager / sr. brand manager|mumbai metropolitan region,The Sleep Company,Brand Manager / Sr. Brand Manager,Mumbai Metropolitan Region,https://in.linkedin.com/jobs/view/brand-manager-sr-brand-manager-at-the-sleep-company-4448965266?position=1&pageNum=0&refId=a7%2FhoyqL4Rmzg7mkZlE4CQ%3D%3D&trackingId=MQxjgr8BsM%2B0MPCWS3%2BgCA%3D%3D,2026-08-12
"azadi records|brand manager|mumbai, maharashtra, india",Azadi Records,Brand Manager,"Mumbai, Maharashtra, India",https://in.linkedin.com/jobs/view/brand-manager-at-azadi-records-4448121917?position=8&pageNum=0&refId=a7%2FhoyqL4Rmzg7mkZlE4CQ%3D%3D&trackingId=D0jTR9%2F4BOUTwFp3vQI50g%3D%3D,2026-08-12
"nobel hygiene limited|junior brand manager|mumbai, maharashtra, india",Nobel Hygiene Limited,Junior Brand Manager,"Mumbai, Maharashtra, India",https://in.linkedin.com/jobs/view/junior-brand-manager-at-nobel-hygiene-limited-4450350828?position=9&pageNum=0&refId=1w2a5r2wEY0OeVujiLbvCg%3D%3D&trackingId=gJovgSrSsu4I9ycVk41BbQ%3D%3D,2026-08-12
"gna energy|research & strategy manager|gurugram, haryana, india",GNA Energy,Research & Strategy Manager,"Gurugram, Haryana, India",https://in.linkedin.com/jobs/view/research-strategy-manager-at-gna-energy-4451185426?position=10&pageNum=2&refId=PQE%2F%2BB%2BdYyRW2%2BsLXfPqrw%3D%3D&trackingId=iKkpeqD9P9PlSV1R1K1VgQ%3D%3D,2026-08-12
"steerlean consulting|sls consultant sr.|gurgaon, haryana, india",SteerLean Consulting,SLS Consultant Sr.,"Gurgaon, Haryana, India",https://in.linkedin.com/jobs/view/sls-consultant-sr-at-steerlean-consulting-4409118182?position=1&pageNum=2&refId=WYuf9Gq9mqe9xfqUMsz4yg%3D%3D&trackingId=ErLHO7aGI51D0DPuh7rTRg%3D%3D,2026-08-12
"wsp in india|senior consultant - project management|noida, uttar pradesh, india",WSP in India,Senior Consultant - Project Management,"Noida, Uttar Pradesh, India",https://in.linkedin.com/jobs/view/senior-consultant-project-management-at-wsp-in-india-4451641777?position=4&pageNum=2&refId=WYuf9Gq9mqe9xfqUMsz4yg%3D%3D&trackingId=fp4HdmOEMauDBJuMsWdYtA%3D%3D,2026-08-12
"ey|senior consultant - business consulting pi - chs - cns - bc - supply chain & operations - new delhi|delhi, india",EY,Senior Consultant - Business Consulting PI - CHS - CNS - BC - Supply Chain & Operations - New Delhi,"Delhi, India",https://in.linkedin.com/jobs/view/senior-consultant-business-consulting-pi-chs-cns-bc-supply-chain-operations-new-delhi-at-ey-4440194264?position=2&pageNum=7&refId=XDb1ugPw2qxxY%2BRyTXgZsA%3D%3D&trackingId=TgQqulpf5SCKzlPEojFKjg%3D%3D,2026-08-12
"eclerx|associate program manager|mumbai, maharashtra, india",eClerx,Associate Program Manager,"Mumbai, Maharashtra, India",https://in.linkedin.com/jobs/view/associate-program-manager-at-eclerx-4305639081?position=1&pageNum=5&refId=KmfFEt%2F0bGk4fcsn9BGICw%3D%3D&trackingId=8XQF%2BBr7x2rB7iOyNxSyKg%3D%3D,2026-08-12
"accenture services pvt ltd|gn-i&e- energy platforms- consultant|gurugram, haryana, india",Accenture services Pvt Ltd,GN-I&E- Energy Platforms- Consultant,"Gurugram, Haryana, India",https://in.linkedin.com/jobs/view/gn-i-e-energy-platforms-consultant-at-accenture-services-pvt-ltd-4451956141?position=8&pageNum=5&refId=KmfFEt%2F0bGk4fcsn9BGICw%3D%3D&trackingId=1AMOz1JlqZlp7GxdLW8dug%3D%3D,2026-08-12
"accenture services pvt ltd|gn-i&e- energy downstream- consultant|gurugram, haryana, india",Accenture services Pvt Ltd,GN-I&E- Energy Downstream- Consultant,"Gurugram, Haryana, India",https://in.linkedin.com/jobs/view/gn-i-e-energy-downstream-consultant-at-accenture-services-pvt-ltd-4451945606?position=9&pageNum=5&refId=cu1P3mwuN5Jq91wc1NpiLA%3D%3D&trackingId=OpiNzUqwPiKPO5DlahuqDg%3D%3D,2026-08-12
"nokia|identity access program manager|noida, uttar pradesh, india",Nokia,Identity Access Program Manager,"Noida, Uttar Pradesh, India",https://in.linkedin.com/jobs/view/identity-access-program-manager-at-nokia-4427367263?position=2&pageNum=7&refId=bZTDhilhCqycmoc9fjPnqg%3D%3D&trackingId=hkpIn%2BIJ%2BGOWlzC6HiHwtA%3D%3D,2026-08-12
"clearwater analytics|senior program manager|noida, uttar pradesh, india",Clearwater Analytics,Senior Program Manager,"Noida, Uttar Pradesh, India",https://in.linkedin.com/jobs/view/senior-program-manager-at-clearwater-analytics-4437545884?position=5&pageNum=7&refId=bZTDhilhCqycmoc9fjPnqg%3D%3D&trackingId=slH8%2FoLgM0%2Fulc1a5QY%2FtA%3D%3D,2026-08-12
hdfc credila financial services|product manager - lending solutions|mumbai,HDFC Credila Financial Services,Product Manager - Lending Solutions,Mumbai,https://www.instahyre.com/job-438046-product-manager-lending-solutions-at-hdfc-credila-financial-services-2-mumbai/,2026-08-12
greyorange|lead product manager|gurgaon,GreyOrange,Lead Product Manager,Gurgaon,https://www.instahyre.com/job-429009-lead-product-manager-at-greyorange-2-gurgaon/,2026-08-12
axis my india|product manager (phygital application)|mumbai metropolitan region,Axis My India,Product Manager (Phygital Application),Mumbai Metropolitan Region,https://in.linkedin.com/jobs/view/product-manager-phygital-application-at-axis-my-india-4443978609?position=10&pageNum=7&refId=36U8iPHdk0pVaF3Wlh8mBQ%3D%3D&trackingId=ybw3qj0muXwFJPhrjO5uSQ%3D%3D,2026-08-13
"aftershoot|senior product manager|delhi, india",Aftershoot,Senior Product Manager,"Delhi, India",https://in.linkedin.com/jobs/view/senior-product-manager-at-aftershoot-4453095983?position=7&pageNum=0&refId=4F2eQxk2z%2BEa6dm%2Fw5yFFg%3D%3D&trackingId=BycN8ML9WH4bP9c6OyCnPw%3D%3D,2026-08-13
"ets|lead product manager|gurugram, haryana, india",ETS,Lead Product Manager,"Gurugram, Haryana, India",https://in.linkedin.com/jobs/view/lead-product-manager-at-ets-4453079734?position=10&pageNum=0&refId=7KYe5MQSzg3Y8169sXfkMg%3D%3D&trackingId=fOyhSzxsn1gt%2Ffrmfw9fig%3D%3D,2026-08-13
"cosmofeed|product manager, growth (ai-first)|gurugram, haryana, india",Cosmofeed,"Product Manager, Growth (AI-first)","Gurugram, Haryana, India",https://in.linkedin.com/jobs/view/product-manager-growth-ai-first-at-cosmofeed-4453119761?position=7&pageNum=0&refId=%2BjRN2YP54U7%2FChAdHb3BpQ%3D%3D&trackingId=jfidbJHEkpWN2%2FgvSqGqYw%3D%3D,2026-08-13
"optum india|b2b product marketing manager|gurgaon, haryana, india",Optum India,B2B Product Marketing Manager,"Gurgaon, Haryana, India",https://in.linkedin.com/jobs/view/b2b-product-marketing-manager-at-optum-india-4453366953?position=7&pageNum=2&refId=3HDa02gMaD5JTvZk%2FPHlGQ%3D%3D&trackingId=eoN03UIAB3SK2fZe8%2F9fyQ%3D%3D,2026-08-13
"wtvision|product marketing manager|noida, uttar pradesh, india",wTVision,Product Marketing Manager,"Noida, Uttar Pradesh, India",https://in.linkedin.com/jobs/view/product-marketing-manager-at-wtvision-4447922128?position=1&pageNum=7&refId=0XH3oFfodtVIbHPO6Fe0bQ%3D%3D&trackingId=A%2BMfN1BWZlQeZ4EP%2FvBiGw%3D%3D,2026-08-13
"eport agritech pvt.ltd.|brand manager|mumbai, maharashtra, india",Eport Agritech Pvt.Ltd.,Brand Manager,"Mumbai, Maharashtra, India",https://in.linkedin.com/jobs/view/brand-manager-at-eport-agritech-pvt-ltd-4449820161?position=9&pageNum=2&refId=NmiFZzG27JUHk7OmAPz%2FRA%3D%3D&trackingId=BLIqEteu%2BLKUYxy%2BVWC7EA%3D%3D,2026-08-13
"jainam|senior brand manager|noida, uttar pradesh, india",Jainam,Senior Brand Manager,"Noida, Uttar Pradesh, India",https://in.linkedin.com/jobs/view/senior-brand-manager-at-jainam-4448766618?position=4&pageNum=0&refId=W6R7wn6CD8veWz20Rq72eQ%3D%3D&trackingId=7GJaE46zvc1yjFO8XVVtyQ%3D%3D,2026-08-13
abbott|group product manager - cns|mumbai metropolitan region,Abbott,Group Product Manager - CNS,Mumbai Metropolitan Region,https://in.linkedin.com/jobs/view/group-product-manager-cns-at-abbott-4414620991?position=8&pageNum=0&refId=W6R7wn6CD8veWz20Rq72eQ%3D%3D&trackingId=rRa%2Fa4PCMNojzTN2mPw5cQ%3D%3D,2026-08-13
"nestlé|senior brand manager|gurgaon, haryana, india",Nestlé,Senior Brand Manager,"Gurgaon, Haryana, India",https://in.linkedin.com/jobs/view/senior-brand-manager-at-nestl%C3%A9-4453111109?position=9&pageNum=0&refId=W6R7wn6CD8veWz20Rq72eQ%3D%3D&trackingId=FOKpSPICYM2H5EKN7vhgfQ%3D%3D,2026-08-13
"honasa consumer ltd.|brand manager|gurugram, haryana, india",Honasa Consumer Ltd.,Brand Manager,"Gurugram, Haryana, India",https://in.linkedin.com/jobs/view/brand-manager-at-honasa-consumer-ltd-4452431213?position=1&pageNum=2&refId=or63SxCx8M4c34PYWgxe1w%3D%3D&trackingId=LUP%2BFXeiHqcoAhddhkBk8w%3D%3D,2026-08-13
"ey|project consultant - sat - gov - sat - tcf - infrastructure advisory - new delhi|delhi, india",EY,Project Consultant - SaT - GOV - SaT - TCF - Infrastructure Advisory - New Delhi,"Delhi, India",https://in.linkedin.com/jobs/view/project-consultant-sat-gov-sat-tcf-infrastructure-advisory-new-delhi-at-ey-4449523222?position=6&pageNum=2&refId=BiO9wYtkebvuTtVqcF3hLQ%3D%3D&trackingId=%2FeRPYOY0XqXpRb%2FZJD6VGw%3D%3D,2026-08-13
"cvent|senior project consultant|gurugram, haryana, india",Cvent,Senior  Project Consultant,"Gurugram, Haryana, India",https://in.linkedin.com/jobs/view/senior-project-consultant-at-cvent-4452393865?position=8&pageNum=5&refId=8JFzpKED%2FKQGLbmhWcpGNQ%3D%3D&trackingId=bMixHxdplSEBF1RpbPNVHA%3D%3D,2026-08-13
"accenture services pvt ltd|#acn s&c - gn - strategy - corporate strategy & growth - consultant|gurugram, haryana, india",Accenture services Pvt Ltd,#ACN S&C - GN - Strategy - Corporate Strategy & Growth - Consultant,"Gurugram, Haryana, India",https://in.linkedin.com/jobs/view/%23acn-s-c-gn-strategy-corporate-strategy-growth-consultant-at-accenture-services-pvt-ltd-4452756412?position=7&pageNum=2&refId=9H7hnChtHb3PI3Cj4lYkfw%3D%3D&trackingId=d%2BZj%2FG6KPFbMFVYD65utEg%3D%3D,2026-08-13
"board|senior consultant|mumbai, maharashtra, india",Board,Senior Consultant,"Mumbai, Maharashtra, India",https://in.linkedin.com/jobs/view/senior-consultant-at-board-4443168033?position=1&pageNum=7&refId=SzE%2BEB8KfKAHIvWPjjKYQQ%3D%3D&trackingId=TNc1uCHvZbJgPclM63CF9g%3D%3D,2026-08-13
"euler motors|program manager|new delhi, delhi, india",Euler Motors,Program Manager,"New Delhi, Delhi, India",https://in.linkedin.com/jobs/view/program-manager-at-euler-motors-4443274909?position=10&pageNum=5&refId=5cGZpG8d913SIWJ696360g%3D%3D&trackingId=RnYLctxGAVk8LcgVTYCbSQ%3D%3D,2026-08-13
godaddy|principal product manager|gurgaon,GoDaddy,Principal Product Manager,Gurgaon,https://www.instahyre.com/job-437637-principal-product-manager-at-godaddy-gurgaon/,2026-08-13
aftershoot|product manager|delhi,Aftershoot,Product Manager,Delhi,https://www.instahyre.com/job-403333-product-manager-at-aftershoot-delhi/,2026-08-13
coversure|sr. product manager (b2c + ai) / avp product|mumbai,CoverSure,Sr. Product Manager (B2C + AI) / AVP Product,Mumbai,https://www.instahyre.com/job-438272-sr-product-manager-b2c-plus-ai-avp-product-at-coversure-mumbai/,2026-08-13
open network for digital commerce|principal product manager|delhi,Open Network For Digital Commerce,Principal Product Manager,Delhi,https://www.instahyre.com/job-438231-principal-product-manager-at-open-network-for-digital-commerce-delhi/,2026-08-13
"tata consultancy services|associate consultant - operation due diligence|bangalore,gurgaon,mumbai",Tata Consultancy Services,Associate Consultant - Operation Due Diligence,"Bangalore,Gurgaon,Mumbai",https://www.instahyre.com/job-438255-associate-consultant-operation-due-diligence-at-tata-consultancy-services-bangalore-gurgaon-mumbai/,2026-08-13
"paytm|product management - product manager - upi|noida, uttar pradesh, india",Paytm,Product Management - Product Manager - UPI,"Noida, Uttar Pradesh, India",https://in.linkedin.com/jobs/view/product-management-product-manager-upi-at-paytm-4384008692?position=1&pageNum=0&refId=r8gm3p6rPK%2FXifJ3hxWXjw%3D%3D&trackingId=RZFPJDmTBdsEC7q3QtHmOQ%3D%3D,2026-08-14
"airiq b2b online|technical product manager|gurugram, haryana, india",AIRIQ B2B ONLINE,Technical Product Manager,"Gurugram, Haryana, India",https://in.linkedin.com/jobs/view/technical-product-manager-at-airiq-b2b-online-4441721170?position=3&pageNum=0&refId=r8gm3p6rPK%2FXifJ3hxWXjw%3D%3D&trackingId=lynYEhktD0Y%2B7Ne5qXx0EA%3D%3D,2026-08-14
cashflo|ai product manager|mumbai metropolitan region,CashFlo,AI Product Manager,Mumbai Metropolitan Region,https://in.linkedin.com/jobs/view/ai-product-manager-at-cashflo-4403312931?position=9&pageNum=0&refId=r8gm3p6rPK%2FXifJ3hxWXjw%3D%3D&trackingId=zlSoWySpFFy06TYJG%2FHT4w%3D%3D,2026-08-14
"paytm|travel - product management - senior product manager|noida, uttar pradesh, india",Paytm,Travel - Product Management - Senior Product Manager,"Noida, Uttar Pradesh, India",https://in.linkedin.com/jobs/view/travel-product-management-senior-product-manager-at-paytm-4382791241?position=4&pageNum=2&refId=%2BDJZ0VKCvNTPqH5BHAvhYA%3D%3D&trackingId=V4tD9sSWzlWO3yut%2FJAS9g%3D%3D,2026-08-14
"crisil|product manager|mumbai, maharashtra, india",Crisil,Product Manager,"Mumbai, Maharashtra, India",https://in.linkedin.com/jobs/view/product-manager-at-crisil-4452976649?position=1&pageNum=5&refId=WYsORza0YlcWLWzGOvKdLA%3D%3D&trackingId=aF7KwXs%2BzJNLOEfSLwnEZg%3D%3D,2026-08-14
"hero vired|ai tech product manager|gurugram, haryana, india",Hero Vired,AI Tech Product Manager,"Gurugram, Haryana, India",https://in.linkedin.com/jobs/view/ai-tech-product-manager-at-hero-vired-4449564177?position=6&pageNum=5&refId=WYsORza0YlcWLWzGOvKdLA%3D%3D&trackingId=q8oegQVIVDbH3K%2FkI%2Ft6vQ%3D%3D,2026-08-14
"axis my india|product manager (phygital application)|mumbai, maharashtra, india",Axis My India,Product Manager (Phygital Application),"Mumbai, Maharashtra, India",https://in.linkedin.com/jobs/view/product-manager-phygital-application-at-axis-my-india-4443796586?position=3&pageNum=7&refId=uyJOouiM0uiKtbDYJdLzSw%3D%3D&trackingId=mXOPjo%2BIeOyU2w71E5ynDQ%3D%3D,2026-08-14
"zippee|product manager|gurugram, haryana, india",Zippee,Product Manager,"Gurugram, Haryana, India",https://in.linkedin.com/jobs/view/product-manager-at-zippee-4434622025?position=5&pageNum=7&refId=uyJOouiM0uiKtbDYJdLzSw%3D%3D&trackingId=l6r9hpgW0IJaYcjCOehaxg%3D%3D,2026-08-14
"idfc first bank|product manager - acquisition|mumbai, maharashtra, india",IDFC FIRST Bank,Product Manager - Acquisition,"Mumbai, Maharashtra, India",https://in.linkedin.com/jobs/view/product-manager-acquisition-at-idfc-first-bank-4403349503?position=8&pageNum=7&refId=uyJOouiM0uiKtbDYJdLzSw%3D%3D&trackingId=E7wWbQS6bqglWRshq2s9pg%3D%3D,2026-08-14
ingram micro|product manager|mumbai metropolitan region,Ingram Micro,Product Manager,Mumbai Metropolitan Region,https://in.linkedin.com/jobs/view/product-manager-at-ingram-micro-4406513840?position=9&pageNum=7&refId=uyJOouiM0uiKtbDYJdLzSw%3D%3D&trackingId=004HT2mNbKZkTk8XgF83Hg%3D%3D,2026-08-14
mactores|mactores - product manager|mumbai metropolitan region,Mactores,Mactores - Product Manager,Mumbai Metropolitan Region,https://in.linkedin.com/jobs/view/mactores-product-manager-at-mactores-4435349627?position=10&pageNum=7&refId=uyJOouiM0uiKtbDYJdLzSw%3D%3D&trackingId=4zeb8UI6pNUWer%2F1Mq1cSg%3D%3D,2026-08-14
"purplle.com|associate product manager/ product manager – supply chain|mumbai, maharashtra, india",Purplle.com,Associate Product Manager/ Product Manager – Supply Chain,"Mumbai, Maharashtra, India",https://in.linkedin.com/jobs/view/associate-product-manager-product-manager-%E2%80%93-supply-chain-at-purplle-com-4448796602?position=10&pageNum=2&refId=OQ77VhzY7W1zl%2BJHQHi%2BqA%3D%3D&trackingId=bQjSwDIjQqxUN0%2FyQ4jb5w%3D%3D,2026-08-14
"ultimutt™|product manager|gurgaon, haryana, india",Ultimutt™,Product Manager,"Gurgaon, Haryana, India",https://in.linkedin.com/jobs/view/product-manager-at-ultimutt%E2%84%A2-4451141266?position=6&pageNum=5&refId=U%2FlXXpKDsPwSxk3c8j67nw%3D%3D&trackingId=hat7vFgZ5M0WXgZYo1nf%2Fg%3D%3D,2026-08-14
payu|product manager - smb lending|mumbai metropolitan region,PayU,Product Manager - SMB Lending,Mumbai Metropolitan Region,https://in.linkedin.com/jobs/view/product-manager-smb-lending-at-payu-4443677909?position=8&pageNum=5&refId=U%2FlXXpKDsPwSxk3c8j67nw%3D%3D&trackingId=o17sUhqCUErR1aQuaPPbVA%3D%3D,2026-08-14
svkm's narsee monjee institute of management studies (nmims)|associate product manager|mumbai metropolitan region,SVKM's Narsee Monjee Institute of Management Studies (NMIMS),Associate Product Manager,Mumbai Metropolitan Region,https://in.linkedin.com/jobs/view/associate-product-manager-at-svkm-s-narsee-monjee-institute-of-management-studies-nmims-4421104931?position=10&pageNum=5&refId=U%2FlXXpKDsPwSxk3c8j67nw%3D%3D&trackingId=lRV7iBygmGptbhXaRtzh4g%3D%3D,2026-08-14
"miratech|junior wfm product manager (verint)|gurugram, haryana, india",Miratech,Junior WFM Product Manager (Verint),"Gurugram, Haryana, India",https://in.linkedin.com/jobs/view/junior-wfm-product-manager-verint-at-miratech-4449585317?position=7&pageNum=7&refId=g4r9TbIqRyF2DAHMHgBKrQ%3D%3D&trackingId=NYMbscodBn9Bq6%2FZT1IxUA%3D%3D,2026-08-14
duck creek technologies|senior product manager|mumbai metropolitan region,Duck Creek Technologies,Senior Product Manager,Mumbai Metropolitan Region,https://in.linkedin.com/jobs/view/senior-product-manager-at-duck-creek-technologies-4449532989?position=8&pageNum=0&refId=%2BzQwJFaSUGfB0DUgtFbdAg%3D%3D&trackingId=v%2FeHtnbCUkOGEQ9foElypg%3D%3D,2026-08-14
"nexocean|group product manager(lead management-presales)|mumbai, maharashtra, india",nexocean,Group Product Manager(Lead Management-Presales),"Mumbai, Maharashtra, India",https://in.linkedin.com/jobs/view/group-product-manager-lead-management-presales-at-nexocean-4451174452?position=9&pageNum=7&refId=0Wo2VyeeSgexyr6gak%2BFKA%3D%3D&trackingId=geePp%2Fv%2F1ZqCIFty%2FLE88A%3D%3D,2026-08-14
"group bayport|senior product manager|gurugram, haryana, india",Group Bayport,Senior Product Manager,"Gurugram, Haryana, India",https://in.linkedin.com/jobs/view/senior-product-manager-at-group-bayport-4427702144?position=8&pageNum=2&refId=zZ0jH2s5pIfz5XS5MKuAkQ%3D%3D&trackingId=4nds0AQWy1SKkZ9LeKSuZg%3D%3D,2026-08-14
"barclays|avp - product manager|gurugram, haryana, india",Barclays,AVP - Product Manager,"Gurugram, Haryana, India",https://in.linkedin.com/jobs/view/avp-product-manager-at-barclays-4440170233?position=2&pageNum=7&refId=xAXX2BNwPUxO5zz87R2TbQ%3D%3D&trackingId=8G2DxhKAFzbqK6Z%2BIBciAQ%3D%3D,2026-08-14
"yesmadam|growth product manager|gurugram, haryana, india",YesMadam,Growth Product Manager,"Gurugram, Haryana, India",https://in.linkedin.com/jobs/view/growth-product-manager-at-yesmadam-4452373236?position=6&pageNum=0&refId=9GtYuTdQWIQzXF8BNAlaug%3D%3D&trackingId=t579lCytQliuUAL9RHAyHA%3D%3D,2026-08-14
"gedu services|product manager – growth & analytics|noida, uttar pradesh, india",GEDU Services,Product Manager – Growth & Analytics,"Noida, Uttar Pradesh, India",https://in.linkedin.com/jobs/view/product-manager-%E2%80%93-growth-analytics-at-gedu-services-4442120743?position=8&pageNum=0&refId=9GtYuTdQWIQzXF8BNAlaug%3D%3D&trackingId=Qb%2F2EWGsk8Jy%2Fa0rr8c%2B%2FA%3D%3D,2026-08-14
"qure.ai|product marketing manager|mumbai, maharashtra, india",Qure.ai,Product Marketing Manager,"Mumbai, Maharashtra, India",https://in.linkedin.com/jobs/view/product-marketing-manager-at-qure-ai-4448029146?position=10&pageNum=5&refId=kSExLVuhsens1g%2F9p9D5Ng%3D%3D&trackingId=su2%2Fk6iFWv2QsrQltZhJ3g%3D%3D,2026-08-14
"ace blend|brand manager|mumbai, maharashtra, india",Ace Blend,Brand Manager,"Mumbai, Maharashtra, India",https://in.linkedin.com/jobs/view/brand-manager-at-ace-blend-4450487148?position=1&pageNum=0&refId=L9dOJKywTTrwuvScWCIGrw%3D%3D&trackingId=jxMnmY%2BHs6sDkbpAfUHatw%3D%3D,2026-08-14
"mondelēz international|brand manager, perk|mumbai metropolitan region",Mondelēz International,"Brand Manager, Perk",Mumbai Metropolitan Region,https://in.linkedin.com/jobs/view/brand-manager-perk-at-mondel%C4%93z-international-4453371496?position=2&pageNum=0&refId=L9dOJKywTTrwuvScWCIGrw%3D%3D&trackingId=yI54%2FWd86paWQIMFrHoR9g%3D%3D,2026-08-14
"conscious food|brand manager|mumbai, maharashtra, india",Conscious Food,Brand Manager,"Mumbai, Maharashtra, India",https://in.linkedin.com/jobs/view/brand-manager-at-conscious-food-4450121901?position=5&pageNum=0&refId=L9dOJKywTTrwuvScWCIGrw%3D%3D&trackingId=v7XEmxsi1IR08%2FwKA%2FgIHw%3D%3D,2026-08-14
"trzy innovationz|brand manager|mumbai, maharashtra, india",Trzy Innovationz,Brand Manager,"Mumbai, Maharashtra, India",https://in.linkedin.com/jobs/view/brand-manager-at-trzy-innovationz-4403364453?position=7&pageNum=7&refId=zyrgrO5Oec77ddBKwoOTxQ%3D%3D&trackingId=rmtZRtQbUVwqtv%2F3CAngqg%3D%3D,2026-08-14
"amz jewelers|junior brand manager|mumbai, maharashtra, india",AMZ Jewelers,Junior Brand Manager,"Mumbai, Maharashtra, India",https://in.linkedin.com/jobs/view/junior-brand-manager-at-amz-jewelers-4453208212?position=10&pageNum=5&refId=Wt7XY%2Bg2LinACEOTDZ5mtg%3D%3D&trackingId=6%2FxRqalj9LvxzbDppyRqRQ%3D%3D,2026-08-14
"altera institute|associate brand manager|gurugram, haryana, india",Altera Institute,Associate Brand Manager,"Gurugram, Haryana, India",https://in.linkedin.com/jobs/view/associate-brand-manager-at-altera-institute-4450089029?position=8&pageNum=7&refId=whj1%2BdSndF%2B%2Bc%2BABp%2B39bg%3D%3D&trackingId=vzBRY0Bb5HgKC%2Fx%2BKJk%2FwA%3D%3D,2026-08-14
"accenture in india|s&c gn - ts&t – security grc – consultant|gurugram, haryana, india",Accenture in India,S&C GN - TS&T – Security GRC – Consultant,"Gurugram, Haryana, India",https://in.linkedin.com/jobs/view/s-c-gn-ts-t-%E2%80%93-security-grc-%E2%80%93-consultant-at-accenture-in-india-4450769482?position=9&pageNum=0&refId=eFBlguJ1rbpBmu9Vbg5lug%3D%3D&trackingId=c59u8EOq16bYTWK%2B4Khc4g%3D%3D,2026-08-14
"mercer|senior consultant - compensation consulting (total rewards)|mumbai, maharashtra, india",Mercer,Senior Consultant - Compensation Consulting (Total Rewards),"Mumbai, Maharashtra, India",https://in.linkedin.com/jobs/view/senior-consultant-compensation-consulting-total-rewards-at-mercer-4451124172?position=8&pageNum=2&refId=0ZwRQPl3Tz1Zd%2Bzbzhgmug%3D%3D&trackingId=dsKixrX%2F4AsuMmseIRmg8Q%3D%3D,2026-08-14
accenture in india|imu - s&c - supply chain - consultant|mumbai metropolitan region,Accenture in India,IMU - S&C - Supply Chain - Consultant,Mumbai Metropolitan Region,https://in.linkedin.com/jobs/view/imu-s-c-supply-chain-consultant-at-accenture-in-india-4448330532?position=3&pageNum=5&refId=y%2FAibI8rP6daIVSHvCEd5Q%3D%3D&trackingId=gkjKurWT6YABrKYdsPhQ6g%3D%3D,2026-08-14
fcm travel india|solutions consultant|mumbai metropolitan region,FCM Travel India,Solutions Consultant,Mumbai Metropolitan Region,https://in.linkedin.com/jobs/view/solutions-consultant-at-fcm-travel-india-4453696331?position=1&pageNum=7&refId=PqV3y%2FD1Rq93EMjU3jAXuQ%3D%3D&trackingId=qNvlV13m%2B2A8fNutNAPuug%3D%3D,2026-08-14
"inizio ignite|global consultant (value pricing and access)|gurugram, haryana, india",Inizio Ignite,Global Consultant (Value Pricing and Access),"Gurugram, Haryana, India",https://in.linkedin.com/jobs/view/global-consultant-value-pricing-and-access-at-inizio-ignite-4453068973?position=9&pageNum=7&refId=PqV3y%2FD1Rq93EMjU3jAXuQ%3D%3D&trackingId=C1oqzyNqinFq6dhkq%2BOWww%3D%3D,2026-08-14
"zycus|solutions consultant|mumbai, maharashtra, india",Zycus,Solutions Consultant,"Mumbai, Maharashtra, India",https://in.linkedin.com/jobs/view/solutions-consultant-at-zycus-4451821822?position=10&pageNum=7&refId=PqV3y%2FD1Rq93EMjU3jAXuQ%3D%3D&trackingId=egSY%2FSGC22Huegi%2FGhcOXA%3D%3D,2026-08-14
"wpp enterprise solutions|ajo senior consultant|noida, uttar pradesh, india",WPP Enterprise Solutions,AJO Senior Consultant,"Noida, Uttar Pradesh, India",https://in.linkedin.com/jobs/view/ajo-senior-consultant-at-wpp-enterprise-solutions-4454096598?position=5&pageNum=2&refId=K5WWnwm3bo6DWj1yjrLWSg%3D%3D&trackingId=1KlCJYE2PK45Dc0t5%2F15VA%3D%3D,2026-08-14
lighthouse|senior search consultant ap|mumbai metropolitan region,Lighthouse,Senior Search Consultant AP,Mumbai Metropolitan Region,https://in.linkedin.com/jobs/view/senior-search-consultant-ap-at-lighthouse-4450843858?position=8&pageNum=2&refId=K5WWnwm3bo6DWj1yjrLWSg%3D%3D&trackingId=lseufSQ348bIa6qAyuvtkQ%3D%3D,2026-08-14
"wpp enterprise solutions|ultimate success - target senior consultant|noida, uttar pradesh, india",WPP Enterprise Solutions,Ultimate Success - Target Senior Consultant,"Noida, Uttar Pradesh, India",https://in.linkedin.com/jobs/view/ultimate-success-target-senior-consultant-at-wpp-enterprise-solutions-4454088837?position=5&pageNum=5&refId=LdmlLRwIhfHnVHgh4druvw%3D%3D&trackingId=C1yAXCCb7y8kfn8MfV9nnQ%3D%3D,2026-08-14
embee software|senior technical consultant - mws|mumbai metropolitan region,Embee Software,Senior Technical Consultant - MWS,Mumbai Metropolitan Region,https://in.linkedin.com/jobs/view/senior-technical-consultant-mws-at-embee-software-4431281021?position=6&pageNum=5&refId=LdmlLRwIhfHnVHgh4druvw%3D%3D&trackingId=dxJj6WMOuOEtf0zhFt5lxw%3D%3D,2026-08-14
"accenture in india|#acn i&p – gn talent – enterprise operating model – consultant (level 9)|gurugram, haryana, india",Accenture in India,#ACN I&P – GN Talent – Enterprise Operating Model – Consultant (Level 9),"Gurugram, Haryana, India",https://in.linkedin.com/jobs/view/%23acn-i-p-%E2%80%93-gn-talent-%E2%80%93-enterprise-operating-model-%E2%80%93-consultant-level-9-at-accenture-in-india-4448319551?position=8&pageNum=0&refId=48KZo2SxqsdwCMs0zZl%2FdA%3D%3D&trackingId=CQjUzKqisyqhs%2FoSnewotQ%3D%3D,2026-08-14
"putnam|global consultant (value pricing and access)|gurugram, haryana, india",Putnam,Global Consultant (Value Pricing and Access),"Gurugram, Haryana, India",https://in.linkedin.com/jobs/view/global-consultant-value-pricing-and-access-at-putnam-4450135091?position=3&pageNum=5&refId=B5GvRL8NqZnMolB9RqXPLg%3D%3D&trackingId=bCoQMZG6qZ4vWoPYFvWhYg%3D%3D,2026-08-14
hewlett packard enterprise|program manager|mumbai metropolitan region,Hewlett Packard Enterprise,Program Manager,Mumbai Metropolitan Region,https://in.linkedin.com/jobs/view/program-manager-at-hewlett-packard-enterprise-4453690561?position=1&pageNum=5&refId=6f97a0aQvl2fTLBHkqS%2BHw%3D%3D&trackingId=uPAS4TDHsS%2FaHWFvFS6AbQ%3D%3D,2026-08-14
"axestrack|program manager|mumbai, maharashtra, india",Axestrack,Program Manager,"Mumbai, Maharashtra, India",https://in.linkedin.com/jobs/view/program-manager-at-axestrack-4447358323?position=7&pageNum=5&refId=6f97a0aQvl2fTLBHkqS%2BHw%3D%3D&trackingId=Tr2Jf4PiwZZu9fP6vKh6ww%3D%3D,2026-08-14
"kite|program manager_psu_delhi|gurgaon, haryana, india",Kite,Program Manager_PSU_Delhi,"Gurgaon, Haryana, India",https://in.linkedin.com/jobs/view/program-manager-psu-delhi-at-kite-4437488376?position=3&pageNum=7&refId=qJ6%2BU6Gjr9vzYg4mUmrjLQ%3D%3D&trackingId=%2BPVElNYqhu54s%2F22%2BuloEA%3D%3D,2026-08-14
klimb.io|sr. product manager|mumbai,Klimb.io,Sr. Product Manager,Mumbai,https://www.instahyre.com/job-438462-sr-product-manager-at-klimb-mumbai/,2026-08-14
atrina technologies|product manager|mumbai,Atrina Technologies,Product Manager,Mumbai,https://www.instahyre.com/job-437965-product-manager-at-atrina-technologies-mumbai/,2026-08-14
"grexa ai|product manager|navi mumbai, maharashtra, india",Grexa AI,Product Manager,"Navi Mumbai, Maharashtra, India",https://in.linkedin.com/jobs/view/product-manager-at-grexa-ai-4453573518?position=9&pageNum=0&refId=LGmpf%2BHCOZ4y6ZDmV2nC3A%3D%3D&trackingId=MZ6cBQZdvH8F0b3hs0lc8A%3D%3D,2026-08-15
"pilgrim|product manager|mumbai, maharashtra, india",Pilgrim,Product Manager,"Mumbai, Maharashtra, India",https://in.linkedin.com/jobs/view/product-manager-at-pilgrim-4450452987?position=4&pageNum=7&refId=5gsPRHoxgjsd%2Fz7QCE%2F0Gg%3D%3D&trackingId=6uprNKPyWuxe3VJPrNvxTQ%3D%3D,2026-08-15
"spyne|associate product manager|gurugram, haryana, india",Spyne,Associate Product manager,"Gurugram, Haryana, India",https://in.linkedin.com/jobs/view/associate-product-manager-at-spyne-4453587280?position=2&pageNum=2&refId=5s%2BxEnw9%2Bg9yjWdBVj6oIw%3D%3D&trackingId=FEDgaBdmND6QauBmMfR6aw%3D%3D,2026-08-15
"vorro|ai product manager|gurugram, haryana, india",Vorro,AI Product Manager,"Gurugram, Haryana, India",https://in.linkedin.com/jobs/view/ai-product-manager-at-vorro-4453575379?position=3&pageNum=7&refId=UIPnOu3HiWpw%2F%2B0PXxjSyg%3D%3D&trackingId=0F0n%2Fj6nW7Xo95bAN8KWtA%3D%3D,2026-08-15
"jiosaavn|senior product manager - personalisation & ai|mumbai, maharashtra, india",JioSaavn,Senior Product Manager - Personalisation & AI,"Mumbai, Maharashtra, India",https://in.linkedin.com/jobs/view/senior-product-manager-personalisation-ai-at-jiosaavn-4448010462?position=4&pageNum=5&refId=YYhePlTYJyiI%2F%2BIxfP0tpA%3D%3D&trackingId=W7zCy%2B8wI8rvEntpXYt1lQ%3D%3D,2026-08-15
"yesmadam|product manager|noida, uttar pradesh, india",YesMadam,Product Manager,"Noida, Uttar Pradesh, India",https://in.linkedin.com/jobs/view/product-manager-at-yesmadam-4452373236?position=8&pageNum=0&refId=gddmp8ilewuU2lAIGYZuqQ%3D%3D&trackingId=GcRGoacqkhZWvEmaSV0O1g%3D%3D,2026-08-15
emeritus|product marketing manager|mumbai metropolitan region,Emeritus,Product Marketing Manager,Mumbai Metropolitan Region,https://in.linkedin.com/jobs/view/product-marketing-manager-at-emeritus-4443157373?position=10&pageNum=7&refId=AuO%2FsoWmgG191Mnnge9YzQ%3D%3D&trackingId=FngumzsuQ1%2FDLTtMcgOrzA%3D%3D,2026-08-15
encompass|assistant brand manager|mumbai metropolitan region,Encompass,Assistant Brand Manager,Mumbai Metropolitan Region,https://in.linkedin.com/jobs/view/assistant-brand-manager-at-encompass-4452968842?position=6&pageNum=2&refId=5LltgQrdNZA%2BewvQms2Odw%3D%3D&trackingId=RX7a6ZEI9MEs%2BkBpgaSTCw%3D%3D,2026-08-15
"healthkart|brand manager|gurugram, haryana, india",HealthKart,Brand Manager,"Gurugram, Haryana, India",https://in.linkedin.com/jobs/view/brand-manager-at-healthkart-4451209497?position=9&pageNum=2&refId=5LltgQrdNZA%2BewvQms2Odw%3D%3D&trackingId=1DBd1RhvUdiu2CF7xh5h5g%3D%3D,2026-08-15
siemens|consultant|mumbai metropolitan region,Siemens,Consultant,Mumbai Metropolitan Region,https://in.linkedin.com/jobs/view/consultant-at-siemens-4452419096?position=4&pageNum=7&refId=0AQ2iyroYI55R%2BvxCbRruA%3D%3D&trackingId=X06nrJw7mTv4wsm2UguCyg%3D%3D,2026-08-15
"revolut|finance & strategy manager|gurgaon, haryana, india",Revolut,Finance & Strategy Manager,"Gurgaon, Haryana, India",https://in.linkedin.com/jobs/view/finance-strategy-manager-at-revolut-4453707952?position=2&pageNum=5&refId=dp2VwYKXILRXYzMepet89Q%3D%3D&trackingId=nvrtGcM0iuZW5NEb3wndKw%3D%3D,2026-08-15
"hcltech|java consultant|mumbai, maharashtra, india",HCLTech,Java Consultant,"Mumbai, Maharashtra, India",https://in.linkedin.com/jobs/view/java-consultant-at-hcltech-4449230867?position=1&pageNum=5&refId=yYAijZs%2FWJeSLLRgGzD8NA%3D%3D&trackingId=%2BQ3ePVJnQ5b8iSCm%2FtIBqw%3D%3D,2026-08-15
"ycp|india - oxd, associate / management consultant|mumbai metropolitan region",YCP,"India - OXD, Associate / Management Consultant",Mumbai Metropolitan Region,https://in.linkedin.com/jobs/view/india-oxd-associate-management-consultant-at-ycp-4450374531?position=2&pageNum=5&refId=yYAijZs%2FWJeSLLRgGzD8NA%3D%3D&trackingId=DUXcTusWERWnGaodteVsvw%3D%3D,2026-08-15
"vml|ajo senior consultant|noida, uttar pradesh, india",VML,AJO Senior Consultant,"Noida, Uttar Pradesh, India",https://in.linkedin.com/jobs/view/ajo-senior-consultant-at-vml-4454517921?position=4&pageNum=0&refId=F6%2BBQhSheLGNmmWTMnFW0A%3D%3D&trackingId=oE3ikxze1hCDPYWzVaK1Xg%3D%3D,2026-08-15
"accenture in india|s&c gn – industry strategy -insurance-consultant|gurugram, haryana, india",Accenture in India,S&C GN – Industry Strategy -Insurance-Consultant,"Gurugram, Haryana, India",https://in.linkedin.com/jobs/view/s-c-gn-%E2%80%93-industry-strategy-insurance-consultant-at-accenture-in-india-4448331793?position=8&pageNum=0&refId=PBL2rlxw1jxgEBdLbzHGIw%3D%3D&trackingId=qaiFolOVgkFoCAuXpyO7bw%3D%3D,2026-08-15
"kaapi machines|product manager /category manager (b2b sales) industrial/electrical|mumbai, maharashtra, india",Kaapi Machines,Product Manager /Category Manager (B2B Sales) Industrial/Electrical,"Mumbai, Maharashtra, India",https://in.linkedin.com/jobs/view/product-manager-category-manager-b2b-sales-industrial-electrical-at-kaapi-machines-4449555943?position=4&pageNum=2&refId=2UKT%2F4XuC5m4yw3PSC%2F1%2Fw%3D%3D&trackingId=qPqiUN4Z6k0D4nYeWirhgw%3D%3D,2026-08-15
bitscale|associate product manager - ai|gurgaon,BitScale,Associate Product Manager - AI,Gurgaon,https://www.instahyre.com/job-438673-associate-product-manager-ai-at-bitscale-gurgaon/,2026-08-15
"cimet|associate product manager|gurgaon,jaipur",CIMET,Associate Product Manager,"Gurgaon,Jaipur",https://www.instahyre.com/job-413012-associate-product-manager-at-cimet-gurgaon-jaipur/,2026-08-15
"makemytrip|associate product manager (mybiz)|gurgaon, haryana, india",MakeMyTrip,Associate Product Manager (MyBiz),"Gurgaon, Haryana, India",https://in.linkedin.com/jobs/view/associate-product-manager-mybiz-at-makemytrip-4446338591?position=9&pageNum=2&refId=6XuSQBlFHXNTMn9TniFX3g%3D%3D&trackingId=6RzMMarA6TqaKaMdV%2FU0UQ%3D%3D,2026-08-16
"s&p global|servicenow product manager|gurugram, haryana, india",S&P Global,Servicenow Product Manager,"Gurugram, Haryana, India",https://in.linkedin.com/jobs/view/servicenow-product-manager-at-s-p-global-4444332172?position=9&pageNum=7&refId=quIQOpbQ6FLbgWFbICng2g%3D%3D&trackingId=Y0OEB4IB%2B%2F%2Bv55C%2BWtB%2FBQ%3D%3D,2026-08-16
"one97 communications limited|product management - senior product manager - travel|gurugram, haryana, india",One97 Communications Limited,Product Management -  Senior Product Manager - Travel,"Gurugram, Haryana, India",https://in.linkedin.com/jobs/view/product-management-senior-product-manager-travel-at-one97-communications-limited-4443785340?position=6&pageNum=5&refId=DWTR0uE6WfYYAJEKpOLSew%3D%3D&trackingId=fxvB%2BtwajuWbTD1uIixoQA%3D%3D,2026-08-16
"one97 communications limited|product marketing manager - senior manager - edc|noida, uttar pradesh, india",One97 Communications Limited,Product Marketing Manager - Senior Manager - EDC,"Noida, Uttar Pradesh, India",https://in.linkedin.com/jobs/view/product-marketing-manager-senior-manager-edc-at-one97-communications-limited-4429096823?position=10&pageNum=7&refId=UdISkdiIBafZA%2F0ivmesjQ%3D%3D&trackingId=OXPw1yVKZVRc93NuccIHDQ%3D%3D,2026-08-16
b. braun group|assistant product manager|mumbai metropolitan region,B. Braun Group,Assistant Product Manager,Mumbai Metropolitan Region,https://in.linkedin.com/jobs/view/assistant-product-manager-at-b-braun-group-4436540227?position=5&pageNum=2&refId=ABUJcFnaQyNgPXsUOWLzWw%3D%3D&trackingId=bETfMTJQkd9Tq%2FLFUu2ANg%3D%3D,2026-08-16
"lifecell international pvt.ltd|assistant product manager – oncology & transplant|gurugram, haryana, india",LifeCell International Pvt.Ltd,Assistant Product Manager – Oncology & Transplant,"Gurugram, Haryana, India",https://in.linkedin.com/jobs/view/assistant-product-manager-%E2%80%93-oncology-transplant-at-lifecell-international-pvt-ltd-4445674950?position=3&pageNum=5&refId=%2BRwwkPpb3nLZNdgZLopQhQ%3D%3D&trackingId=A4iCuT01vGY%2BIlW9c0zxrg%3D%3D,2026-08-16
"condé nast india|consultant - marketing & sponsorship|mumbai, maharashtra, india",Condé Nast India,Consultant - Marketing & Sponsorship,"Mumbai, Maharashtra, India",https://in.linkedin.com/jobs/view/consultant-marketing-sponsorship-at-cond%C3%A9-nast-india-4454535733?position=6&pageNum=5&refId=%2BRwwkPpb3nLZNdgZLopQhQ%3D%3D&trackingId=6UOi5BVxOKTzJglIwW5t8A%3D%3D,2026-08-16
"amz jewelers|fine jewelry junior brand manager|mumbai, maharashtra, india",AMZ Jewelers,Fine Jewelry Junior Brand Manager,"Mumbai, Maharashtra, India",https://in.linkedin.com/jobs/view/fine-jewelry-junior-brand-manager-at-amz-jewelers-4453208212?position=7&pageNum=7&refId=e2xqYe8x1qC98U5CQILFXQ%3D%3D&trackingId=8DzKa182Rkcl%2BJyjrWBCHw%3D%3D,2026-08-16
abbott|group product manager-gi prima-mumbai|mumbai metropolitan region,Abbott,Group Product Manager-GI Prima-Mumbai,Mumbai Metropolitan Region,https://in.linkedin.com/jobs/view/group-product-manager-gi-prima-mumbai-at-abbott-4453083826?position=8&pageNum=7&refId=e2xqYe8x1qC98U5CQILFXQ%3D%3D&trackingId=CTwQ%2BZoXIGdetL%2BCbV1glg%3D%3D,2026-08-16
"wipro|domain consultant l2|gurugram, haryana, india",Wipro,DOMAIN CONSULTANT L2,"Gurugram, Haryana, India",https://in.linkedin.com/jobs/view/domain-consultant-l2-at-wipro-4455151738?position=6&pageNum=2&refId=Qm7cjwDoffatv9UAW4wPfw%3D%3D&trackingId=FdlcFe%2Fqo6gRM55lsMAmtA%3D%3D,2026-08-16
"pw (physicswallah)|product manager - ii|noida, uttar pradesh, india",PW (PhysicsWallah),Product Manager - II,"Noida, Uttar Pradesh, India",https://in.linkedin.com/jobs/view/product-manager-ii-at-pw-physicswallah-4442571576?position=6&pageNum=0&refId=KkG5seMSiRYtTmDcORTEiQ%3D%3D&trackingId=pAXeOBriwWUBKArH1LVz0Q%3D%3D,2026-08-17
"times network|sr. executive/asst brand manager|mumbai, maharashtra, india",Times Network,Sr. Executive/Asst Brand Manager,"Mumbai, Maharashtra, India",https://in.linkedin.com/jobs/view/sr-executive-asst-brand-manager-at-times-network-4451505637?position=9&pageNum=5&refId=XTFFwBGCUyPz7Y5eHCe7kA%3D%3D&trackingId=VbZwLNET%2Bl5Iem8jAsZjEQ%3D%3D,2026-08-17
"fractal|rgm-senior consultant role|mumbai, maharashtra, india",Fractal,RGM-Senior Consultant role,"Mumbai, Maharashtra, India",https://in.linkedin.com/jobs/view/rgm-senior-consultant-role-at-fractal-4439879043?position=1&pageNum=2&refId=9HdLfykCSNwM5fo4aBXvKw%3D%3D&trackingId=tocAfoeBzf9rZ9GtDN2aOA%3D%3D,2026-08-17
"exl|senior consultant|gurugram, haryana, india",EXL,Senior Consultant,"Gurugram, Haryana, India",https://in.linkedin.com/jobs/view/senior-consultant-at-exl-4446575602?position=4&pageNum=5&refId=ztuDm75oyT5%2FC0%2BINa8yYg%3D%3D&trackingId=Png%2FNKjSG6X5wlax5dFnWg%3D%3D,2026-08-17
"kissht|product manager – trading platform|mumbai, maharashtra, india",Kissht,Product Manager – Trading Platform,"Mumbai, Maharashtra, India",https://in.linkedin.com/jobs/view/product-manager-%E2%80%93-trading-platform-at-kissht-4450077201?position=8&pageNum=0&refId=uWkp4foriR3i34oPEus6rQ%3D%3D&trackingId=fx3%2FAHxREFOjUJNIrUFIxg%3D%3D,2026-08-18
nasdaq|lead platform product manager|mumbai metropolitan region,Nasdaq,Lead Platform Product Manager,Mumbai Metropolitan Region,https://in.linkedin.com/jobs/view/lead-platform-product-manager-at-nasdaq-4422339980?position=10&pageNum=0&refId=uWkp4foriR3i34oPEus6rQ%3D%3D&trackingId=9RNvXeP1BVxg5%2FWZuZdXeA%3D%3D,2026-08-18
purplle.com|product manager — brand platform|mumbai metropolitan region,Purplle.com,Product Manager — Brand Platform,Mumbai Metropolitan Region,https://in.linkedin.com/jobs/view/product-manager-%E2%80%94-brand-platform-at-purplle-com-4452270710?position=2&pageNum=5&refId=zyJ%2BjxkskeBPw%2Fxo1g4hVg%3D%3D&trackingId=BtUWwdu5Hr2HyHpOueeAbg%3D%3D,2026-08-18
"one97 communications limited|product management — associate product manager — travel|gurugram, haryana, india",One97 Communications Limited,Product Management — Associate Product Manager — Travel,"Gurugram, Haryana, India",https://in.linkedin.com/jobs/view/product-management-%E2%80%94-associate-product-manager-%E2%80%94-travel-at-one97-communications-limited-4451039407?position=10&pageNum=0&refId=a6BB6C68sQV887W%2BcLOVhQ%3D%3D&trackingId=bO467SQfqjcOwp7Hnim5cA%3D%3D,2026-08-18
"nymbleup|jr. product manager|mumbai, maharashtra, india",NymbleUp,Jr. Product Manager,"Mumbai, Maharashtra, India",https://in.linkedin.com/jobs/view/jr-product-manager-at-nymbleup-4452242718?position=10&pageNum=2&refId=GBg779h1S8Nxh3f9X%2Fy2CA%3D%3D&trackingId=jUC60eFu8uE4HygvLkyK6Q%3D%3D,2026-08-18
duck creek payments|senior product manager|mumbai metropolitan region,Duck Creek Payments,Senior Product Manager,Mumbai Metropolitan Region,https://in.linkedin.com/jobs/view/senior-product-manager-at-duck-creek-payments-4451536283?position=2&pageNum=7&refId=aQkbhdRpzbY%2B%2F3%2BVoCesxQ%3D%3D&trackingId=xxLoqSyrf0IU7Qklx%2FxV%2BA%3D%3D,2026-08-18
"impactguru|product manager|mumbai, maharashtra, india",ImpactGuru,Product Manager,"Mumbai, Maharashtra, India",https://in.linkedin.com/jobs/view/product-manager-at-impactguru-4443819452?position=7&pageNum=5&refId=vhH1DZpiNemGMqUutbV9Fw%3D%3D&trackingId=KMIhiROVC12BgN%2F7L%2BRv%2Fg%3D%3D,2026-08-18
"kpmg|pricing consultant|bangalore,gurgaon,mumbai",KPMG,Pricing Consultant,"Bangalore,Gurgaon,Mumbai",https://www.instahyre.com/job-438936-pricing-consultant-at-kpmg-2-bangalore-gurgaon-mumbai/,2026-08-18
kpmg|sap pm consultant|mumbai,KPMG,SAP PM Consultant,Mumbai,https://www.instahyre.com/job-438920-sap-pm-consultant-at-kpmg-2-mumbai/,2026-08-18
"snap|data governance consultant|bangalore,gurgaon,hyderabad",Snap,Data Governance Consultant,"Bangalore,Gurgaon,Hyderabad",https://www.instahyre.com/job-438810-data-governance-consultant-at-snap-bangalore-gurgaon-hyderabad/,2026-08-18
avasant|product manager|greater delhi area,Avasant,Product Manager,Greater Delhi Area,https://in.linkedin.com/jobs/view/product-manager-at-avasant-4432015061?position=3&pageNum=2&refId=jB3HZLgcArks%2BiIr1iUkdQ%3D%3D&trackingId=qzztZq63z5YRzxETUlP9mg%3D%3D,2026-08-19
katapult|associate product manager | ai-native discovery & ticketing platform|mumbai metropolitan region,Katapult,Associate Product Manager | AI-native Discovery & Ticketing Platform,Mumbai Metropolitan Region,https://in.linkedin.com/jobs/view/associate-product-manager-ai-native-discovery-ticketing-platform-at-katapult-4454789034?position=6&pageNum=2&refId=He5DTxwJwS9K6cXvVMAbVA%3D%3D&trackingId=LOL8KKCx5DKm69yD8xGH%2FA%3D%3D,2026-08-19
"indmoney|senior product manager — trading & derivative products|gurugram, haryana, india",INDmoney,Senior Product Manager — Trading & Derivative Products,"Gurugram, Haryana, India",https://in.linkedin.com/jobs/view/senior-product-manager-%E2%80%94-trading-derivative-products-at-indmoney-4450269003?position=6&pageNum=0&refId=mjFzvgTeTV%2FVn%2B4d01P7yg%3D%3D&trackingId=1z9zzHUPHDgRLovR2z9VQg%3D%3D,2026-08-19
"vmock|senior product manager|gurugram, haryana, india",VMock,Senior Product Manager,"Gurugram, Haryana, India",https://in.linkedin.com/jobs/view/senior-product-manager-at-vmock-4450202242?position=2&pageNum=7&refId=TlkUP4y%2FVK6XNtuxgoYfOw%3D%3D&trackingId=BV6FiPyj3lK55HpaMhIv0w%3D%3D,2026-08-19
"deutsche telekom digital labs|group product manager|gurugram, haryana, india",Deutsche Telekom Digital Labs,Group Product Manager,"Gurugram, Haryana, India",https://in.linkedin.com/jobs/view/group-product-manager-at-deutsche-telekom-digital-labs-4455705873?position=1&pageNum=0&refId=O9YC2HFeW0iLE8VzNv3U%2BQ%3D%3D&trackingId=UzNWdTLl9wO64VQIc3hsZw%3D%3D,2026-08-19
"ivoclar|product marketing manager|gurugram, haryana, india",Ivoclar,Product Marketing Manager,"Gurugram, Haryana, India",https://in.linkedin.com/jobs/view/product-marketing-manager-at-ivoclar-4452559843?position=6&pageNum=2&refId=m2CAiPjCBtk6NShVHblypw%3D%3D&trackingId=ZyizCGbcjMQngcBC4IdneA%3D%3D,2026-08-19
global ss beauty brands|brand manager|mumbai metropolitan region,Global SS Beauty Brands,Brand Manager,Mumbai Metropolitan Region,https://in.linkedin.com/jobs/view/brand-manager-at-global-ss-beauty-brands-4452809326?position=7&pageNum=0&refId=5FLOY52xXvAz3%2F4dX0ftoA%3D%3D&trackingId=X%2BlU70ew%2BrzhUZJIFJZ42w%3D%3D,2026-08-19
"brown-forman|assistant brand manager - emerging brands|gurgaon, haryana, india",Brown-Forman,Assistant Brand Manager - Emerging Brands,"Gurgaon, Haryana, India",https://in.linkedin.com/jobs/view/assistant-brand-manager-emerging-brands-at-brown-forman-4454427641?position=1&pageNum=2&refId=0urD73Dw1SbV%2Bq%2F3G9OWIA%3D%3D&trackingId=q6IUKSFnjn%2F7rvSyo8d6dg%3D%3D,2026-08-19
"international research institute for manufacturing|manufacturing process consultant|mumbai, maharashtra, india",International Research Institute for Manufacturing,Manufacturing Process Consultant,"Mumbai, Maharashtra, India",https://in.linkedin.com/jobs/view/manufacturing-process-consultant-at-international-research-institute-for-manufacturing-4452227028?position=6&pageNum=0&refId=3Go0MA%2FRCBSJMkvmWO3Guw%3D%3D&trackingId=6kMgqlcg%2Fc0zF5T%2BcWbWqQ%3D%3D,2026-08-19
promaynov advisory services pvt. ltd|consultant - integration & separation|mumbai metropolitan region,Promaynov Advisory Services Pvt. Ltd,Consultant - Integration & Separation,Mumbai Metropolitan Region,https://in.linkedin.com/jobs/view/consultant-integration-separation-at-promaynov-advisory-services-pvt-ltd-4427663781?position=7&pageNum=5&refId=mzG%2FYsfwUTzr8KBfu3nJZw%3D%3D&trackingId=TIC50gpfgGnTZ8zcSLhRLQ%3D%3D,2026-08-19
pierag consulting|senior consultant|mumbai metropolitan region,Pierag Consulting,Senior Consultant,Mumbai Metropolitan Region,https://in.linkedin.com/jobs/view/senior-consultant-at-pierag-consulting-4371092808?position=3&pageNum=2&refId=pa4au0zPk6bCOW3sag0SBA%3D%3D&trackingId=%2BcPaVN%2B9nUbfxMGM%2F3DCvA%3D%3D,2026-08-19
"collegedunia|program manager-nit/iit/bits/nsit/dtu|gurugram, haryana, india",Collegedunia,Program Manager-NIT/IIT/BITS/NSIT/DTU,"Gurugram, Haryana, India",https://in.linkedin.com/jobs/view/program-manager-nit-iit-bits-nsit-dtu-at-collegedunia-4450134925?position=4&pageNum=5&refId=ZdiRp0wvEM7nniV8Vmiquw%3D%3D&trackingId=O1pE6F90LmDL0lwCq9XeEg%3D%3D,2026-08-19
rocket learning|program manager pmu maharashtra|mumbai metropolitan region,Rocket Learning,Program Manager PMU Maharashtra,Mumbai Metropolitan Region,https://in.linkedin.com/jobs/view/program-manager-pmu-maharashtra-at-rocket-learning-4451688139?position=4&pageNum=7&refId=gM3bhqVkX5LVkj%2BMRRXSDw%3D%3D&trackingId=uhlJqn%2FHM%2F%2BXpSNsGVZb5Q%3D%3D,2026-08-19
traya health|product manager|mumbai,Traya Health,Product Manager,Mumbai,https://www.instahyre.com/job-439273-product-manager-at-traya-health-mumbai/,2026-08-19
"converzai|ai product manager|bangalore,gurgaon,mumbai",ConverzAI,AI Product Manager,"Bangalore,Gurgaon,Mumbai",https://www.instahyre.com/job-439180-ai-product-manager-at-converzai-bangalore-gurgaon-mumbai/,2026-08-19
"stashfin|stashfin - senior product manager - upi systems|gurugram, haryana, india",Stashfin,Stashfin - Senior Product Manager - UPI Systems,"Gurugram, Haryana, India",https://in.linkedin.com/jobs/view/stashfin-senior-product-manager-upi-systems-at-stashfin-4444749976?position=6&pageNum=2&refId=cnCxC%2FjlILd6hDXdnev3xw%3D%3D&trackingId=7Adwn0bM5j%2B24%2B2coM6gfQ%3D%3D,2026-08-20
"one impression|senior product manager|gurugram, haryana, india",One Impression,Senior Product Manager,"Gurugram, Haryana, India",https://in.linkedin.com/jobs/view/senior-product-manager-at-one-impression-4136779605?position=3&pageNum=5&refId=tmQjbElqywlNyPYhv3qczA%3D%3D&trackingId=tGJGwYzQ0isDzzxqa2aqZg%3D%3D,2026-08-20
"paytm payment gateway|product management- senior product manager|noida, uttar pradesh, india",Paytm Payment Gateway,Product Management- Senior Product Manager,"Noida, Uttar Pradesh, India",https://in.linkedin.com/jobs/view/product-management-senior-product-manager-at-paytm-payment-gateway-4382561188?position=6&pageNum=5&refId=tmQjbElqywlNyPYhv3qczA%3D%3D&trackingId=9cPOg6tKos6evMCFtxj0KQ%3D%3D,2026-08-20
"uplers|product manager (ai layer)|delhi, india",Uplers,Product Manager (AI Layer),"Delhi, India",https://in.linkedin.com/jobs/view/product-manager-ai-layer-at-uplers-4455344884?position=3&pageNum=7&refId=o00Pw5%2F0ESmnOnWS2bULMg%3D%3D&trackingId=2%2B8XkoXB%2FcpQHb43MHyOWA%3D%3D,2026-08-20
"spinny|product manager|gurugram, haryana, india",Spinny,Product Manager,"Gurugram, Haryana, India",https://in.linkedin.com/jobs/view/product-manager-at-spinny-4454992539?position=4&pageNum=7&refId=o00Pw5%2F0ESmnOnWS2bULMg%3D%3D&trackingId=zet7f4OIrsPQxnXCcccuOw%3D%3D,2026-08-20
"prime video & amazon mgm studios|principal product manager - tech, prime video commerce & international product|mumbai metropolitan region",Prime Video & Amazon MGM Studios,"Principal Product Manager - Tech, Prime Video Commerce & International Product",Mumbai Metropolitan Region,https://in.linkedin.com/jobs/view/principal-product-manager-tech-prime-video-commerce-international-product-at-prime-video-amazon-mgm-studios-4455796338?position=6&pageNum=7&refId=o00Pw5%2F0ESmnOnWS2bULMg%3D%3D&trackingId=AlQ0I%2FW7Ld9MHjD30btE1w%3D%3D,2026-08-20
"blackrock|post trade product manager, aladdin product, associate|gurgaon, haryana, india",BlackRock,"Post Trade Product Manager, Aladdin Product, Associate","Gurgaon, Haryana, India",https://in.linkedin.com/jobs/view/post-trade-product-manager-aladdin-product-associate-at-blackrock-4432487362?position=5&pageNum=5&refId=N%2BiIAk7RQi6w4EYkIjb3Mw%3D%3D&trackingId=D1sBKeS6dJoGVaE4w680mA%3D%3D,2026-08-20
ferring pharmaceuticals|associate product manager|mumbai metropolitan region,Ferring Pharmaceuticals,Associate Product Manager,Mumbai Metropolitan Region,https://in.linkedin.com/jobs/view/associate-product-manager-at-ferring-pharmaceuticals-4452285224?position=4&pageNum=7&refId=rBPikfmj5K6r%2BnYY8ppMXQ%3D%3D&trackingId=vXKX8HHmchPtb5s02GXUbA%3D%3D,2026-08-20
"exl|associate consultant - presales solutioning-product development-product development|gurugram, haryana, india",EXL,Associate Consultant - Presales Solutioning-Product Development-Product Development,"Gurugram, Haryana, India",https://in.linkedin.com/jobs/view/associate-consultant-presales-solutioning-product-development-product-development-at-exl-4446732409?position=8&pageNum=7&refId=rBPikfmj5K6r%2BnYY8ppMXQ%3D%3D&trackingId=eYoGk0x8pgc9kjAPSVh%2FJw%3D%3D,2026-08-20
"squadstack.ai|principal product manager - voice ai platform|noida, uttar pradesh, india",SquadStack.ai,Principal Product Manager -  Voice AI Platform,"Noida, Uttar Pradesh, India",https://in.linkedin.com/jobs/view/principal-product-manager-voice-ai-platform-at-squadstack-ai-4451390863?position=6&pageNum=5&refId=P25Hq2Xzgn39SP%2B0NwiPjw%3D%3D&trackingId=36jozjyIrl0Bo7YbrEfXBg%3D%3D,2026-08-20
upstox|product manager ii-(growth)|mumbai metropolitan region,Upstox,Product Manager II-(Growth),Mumbai Metropolitan Region,https://in.linkedin.com/jobs/view/product-manager-ii-growth-at-upstox-4452228764?position=5&pageNum=0&refId=mONDyTWVfLaXO%2FroS2aCIw%3D%3D&trackingId=YIqrA5kTap74X9dvRPJv%2BA%3D%3D,2026-08-20
upstox|product manager ii|mumbai metropolitan region,Upstox,Product Manager II,Mumbai Metropolitan Region,https://in.linkedin.com/jobs/view/product-manager-ii-at-upstox-4452581696?position=9&pageNum=5&refId=pq%2BROZlfvul9OEzH34ze%2FQ%3D%3D&trackingId=c71qaUV%2FjIpvmzytJQAk5g%3D%3D,2026-08-20
flight centre travel group|product marketing manager|mumbai metropolitan region,Flight Centre Travel Group,Product Marketing Manager,Mumbai Metropolitan Region,https://in.linkedin.com/jobs/view/product-marketing-manager-at-flight-centre-travel-group-4455329150?position=1&pageNum=0&refId=flr3d%2BvLxWGCw77ndAVdfQ%3D%3D&trackingId=Yx%2FcMuGTnuHZ%2FsRBfJBinA%3D%3D,2026-08-20
fcm travel india|product marketing manager|mumbai metropolitan region,FCM Travel India,Product Marketing Manager,Mumbai Metropolitan Region,https://in.linkedin.com/jobs/view/product-marketing-manager-at-fcm-travel-india-4447537546?position=2&pageNum=0&refId=flr3d%2BvLxWGCw77ndAVdfQ%3D%3D&trackingId=GxL9LJDdaZy4n28rFuf%2FMA%3D%3D,2026-08-20
encompass|brand manager|mumbai metropolitan region,Encompass,Brand Manager,Mumbai Metropolitan Region,https://in.linkedin.com/jobs/view/brand-manager-at-encompass-4456465284?position=3&pageNum=0&refId=dj9X8ZF0hbbSxG9VQuouIA%3D%3D&trackingId=EY5JDqggkxDchlKJrh%2BfhQ%3D%3D,2026-08-20
impronics technologies|brand manager|mumbai metropolitan region,Impronics Technologies,Brand Manager,Mumbai Metropolitan Region,https://in.linkedin.com/jobs/view/brand-manager-at-impronics-technologies-3976034290?position=1&pageNum=2&refId=U7G2K%2B46W7nEkP0YAzn23w%3D%3D&trackingId=UFDUMlqFH7cHXaxwlp14OQ%3D%3D,2026-08-20
nomio foodtech pvt ltd|brand manager|greater delhi area,Nomio Foodtech Pvt Ltd,Brand Manager,Greater Delhi Area,https://in.linkedin.com/jobs/view/brand-manager-at-nomio-foodtech-pvt-ltd-4448592618?position=9&pageNum=2&refId=U7G2K%2B46W7nEkP0YAzn23w%3D%3D&trackingId=Lf1n7x6LzKLj%2BfxejwpFZg%3D%3D,2026-08-20
"angel one|mgr/ sr. mgr - brand manager|mumbai, maharashtra, india",Angel One,Mgr/ Sr. Mgr - Brand Manager,"Mumbai, Maharashtra, India",https://in.linkedin.com/jobs/view/mgr-sr-mgr-brand-manager-at-angel-one-4452561417?position=2&pageNum=0&refId=jRhz6rH%2FamKOBn6t%2ForLLw%3D%3D&trackingId=zgAGPTrnKwnIweTHvoyxWA%3D%3D,2026-08-20
"flexing it®|strategy consultant - power & energy sector|delhi, india",Flexing It®,Strategy Consultant - Power & Energy Sector,"Delhi, India",https://in.linkedin.com/jobs/view/strategy-consultant-power-energy-sector-at-flexing-it%C2%AE-4456158629?position=9&pageNum=5&refId=qaP5UjMhyNeBWhyeAU1ITQ%3D%3D&trackingId=jVWXqvb8hVG%2F08JusNuKSg%3D%3D,2026-08-20
"neuraflash|salesforce consultant, revenue cloud|delhi, delhi, india",NeuraFlash,"Salesforce Consultant, Revenue Cloud","Delhi, Delhi, India",https://in.linkedin.com/jobs/view/salesforce-consultant-revenue-cloud-at-neuraflash-4403142316?position=2&pageNum=2&refId=oHqaeolYpfpWhNuUq8WVfw%3D%3D&trackingId=knLFSRZwrkQyBtWMrouzmQ%3D%3D,2026-08-20
"ey|senior consultant - business consulting pi - ami - cns - bc - supply chain & operations - gurgaon|gurugram, haryana, india",EY,Senior Consultant - Business Consulting PI - AMI - CNS - BC - Supply Chain & Operations - Gurgaon,"Gurugram, Haryana, India",https://in.linkedin.com/jobs/view/senior-consultant-business-consulting-pi-ami-cns-bc-supply-chain-operations-gurgaon-at-ey-4451200356?position=3&pageNum=2&refId=oHqaeolYpfpWhNuUq8WVfw%3D%3D&trackingId=OB5hEHTU33L4PUY5tyEkZw%3D%3D,2026-08-20
"wsp in india|senior consultant - asset management (scada consultant)|mumbai, maharashtra, india",WSP in India,Senior Consultant - Asset Management (SCADA Consultant),"Mumbai, Maharashtra, India",https://in.linkedin.com/jobs/view/senior-consultant-asset-management-scada-consultant-at-wsp-in-india-4435539130?position=4&pageNum=2&refId=oHqaeolYpfpWhNuUq8WVfw%3D%3D&trackingId=EO2Trdd9OH5tXi%2BrClh13w%3D%3D,2026-08-20
"bristlecone|consultant - sap|mumbai, maharashtra, india",Bristlecone,Consultant - SAP,"Mumbai, Maharashtra, India",https://in.linkedin.com/jobs/view/consultant-sap-at-bristlecone-4089384285?position=8&pageNum=2&refId=oHqaeolYpfpWhNuUq8WVfw%3D%3D&trackingId=aLrMuwfn7FIaCR5%2BOOevCw%3D%3D,2026-08-20
"google|program manager, data center market development|mumbai, maharashtra, india",Google,"Program Manager, Data Center Market Development","Mumbai, Maharashtra, India",https://in.linkedin.com/jobs/view/program-manager-data-center-market-development-at-google-4455428273?position=3&pageNum=0&refId=9NSP3fRDPn7CA95y3euqYA%3D%3D&trackingId=qZuP%2FiVeB8KJiVlZlMHCxQ%3D%3D,2026-08-20
"stock bazaar|associate product manager (fintech/capital markets)|delhi, india",Stock Bazaar,Associate Product Manager (Fintech/Capital Markets),"Delhi, India",https://in.linkedin.com/jobs/view/associate-product-manager-fintech-capital-markets-at-stock-bazaar-4455404282?position=1&pageNum=2&refId=%2FAaAYYgslFZX5X5FWbCArQ%3D%3D&trackingId=Uc2K6MK2Pgxx%2BKsK%2FYx0cA%3D%3D,2026-08-21
"kissht|associate product manager - conversion|mumbai, maharashtra, india",Kissht,Associate Product Manager - Conversion,"Mumbai, Maharashtra, India",https://in.linkedin.com/jobs/view/associate-product-manager-conversion-at-kissht-4450707517?position=5&pageNum=2&refId=%2FAaAYYgslFZX5X5FWbCArQ%3D%3D&trackingId=T%2BriX3Sc3awcKN%2FWULmuYA%3D%3D,2026-08-21
"expedia group|senior product manager|gurgaon, haryana, india",Expedia Group,Senior Product Manager,"Gurgaon, Haryana, India",https://in.linkedin.com/jobs/view/senior-product-manager-at-expedia-group-4456021993?position=10&pageNum=7&refId=Y8gW%2BSJoN5fNpHIfKqrQkA%3D%3D&trackingId=JLOC8rdzg4ZZOHLnwYS9pw%3D%3D,2026-08-21
"pw (physicswallah)|senior product manager (e-commerce)|noida, uttar pradesh, india",PW (PhysicsWallah),Senior Product Manager (E-commerce),"Noida, Uttar Pradesh, India",https://in.linkedin.com/jobs/view/senior-product-manager-e-commerce-at-pw-physicswallah-4451069254?position=6&pageNum=5&refId=BeO2AHQ7uXQTFrGv6425uQ%3D%3D&trackingId=ghbCs2Yx2sucxtPCfmRtGQ%3D%3D,2026-08-21
"gobblecube|senior product manager|gurugram, haryana, india",GobbleCube,Senior Product Manager,"Gurugram, Haryana, India",https://in.linkedin.com/jobs/view/senior-product-manager-at-gobblecube-4455732269?position=10&pageNum=5&refId=BeO2AHQ7uXQTFrGv6425uQ%3D%3D&trackingId=hkhjyDY4niu8YQACZa7R6g%3D%3D,2026-08-21
"justo realfintech ltd|brand manager - marketing - mumbai|mumbai, maharashtra, india",Justo RealFintech Ltd,Brand Manager - Marketing - Mumbai,"Mumbai, Maharashtra, India",https://in.linkedin.com/jobs/view/brand-manager-marketing-mumbai-at-justo-realfintech-ltd-4438301108?position=9&pageNum=5&refId=wFSbQ43Y5a01Ifd5JfomBg%3D%3D&trackingId=ugtXjN2PP6LanzVQs6sPtw%3D%3D,2026-08-21
"gus global services india pvt. ltd.|brand manager – brand & creative|delhi, india",GUS Global Services India Pvt. Ltd.,Brand Manager – Brand & Creative,"Delhi, India",https://in.linkedin.com/jobs/view/brand-manager-%E2%80%93-brand-creative-at-gus-global-services-india-pvt-ltd-4450495305?position=4&pageNum=7&refId=oUzFd8nHe1SNTfCIv0UkMA%3D%3D&trackingId=bvt%2FqQefOHKzIKWBuD23Ug%3D%3D,2026-08-21
"united facets hospitality|restaurant brand manager|mumbai, maharashtra, india",United Facets Hospitality,Restaurant Brand Manager,"Mumbai, Maharashtra, India",https://in.linkedin.com/jobs/view/restaurant-brand-manager-4453879864?position=9&pageNum=7&refId=oUzFd8nHe1SNTfCIv0UkMA%3D%3D&trackingId=s%2BwXNqTzdpO8BCrI67GX%2Fg%3D%3D&trk=public_jobs_jserp-result_search-card,2026-08-21
"hire22.ai|brand manager|delhi, india",Hire22.ai,Brand Manager,"Delhi, India",https://in.linkedin.com/jobs/view/brand-manager-at-hire22-ai-4456456760?position=4&pageNum=5&refId=KfwSomiJINHMryTJr%2BABiw%3D%3D&trackingId=byyjeok68lUJoCQulL7KqQ%3D%3D,2026-08-21
"deloitte|senior consultant - tax transformation consulting (ttc)- sap fico | vertex | onesource | avalara | sovos - hyderabad/bengaluru/mumbai/pune/gurugram/chennai/kolkata|gurugram, haryana, india",Deloitte,Senior Consultant - Tax Transformation Consulting (TTC)- SAP FICO | Vertex | ONESOURCE | Avalara | Sovos - Hyderabad/Bengaluru/Mumbai/Pune/Gurugram/Chennai/Kolkata,"Gurugram, Haryana, India",https://in.linkedin.com/jobs/view/senior-consultant-tax-transformation-consulting-ttc-sap-fico-vertex-onesource-avalara-sovos-hyderabad-bengaluru-mumbai-pune-gurugram-chennai-kolkata-at-deloitte-4418265737?position=8&pageNum=7&refId=3t9kfrQS5S%2B9gy6FnyT9kg%3D%3D&trackingId=d8BYw34Wrg3uOyUcZy3pzA%3D%3D,2026-08-21
"accenture in india|gn-i&e-client value services - consultant|gurugram, haryana, india",Accenture in India,GN-I&E-Client Value Services - Consultant,"Gurugram, Haryana, India",https://in.linkedin.com/jobs/view/gn-i-e-client-value-services-consultant-at-accenture-in-india-4455373537?position=9&pageNum=7&refId=aMQvTmhM3EO6p6VBgp61og%3D%3D&trackingId=dFmyaKf%2FbjZYE5IdRibDsw%3D%3D,2026-08-21
etp group|etp group - business consultant/senior business consultant|mumbai metropolitan region,ETP Group,ETP Group - Business Consultant/Senior Business Consultant,Mumbai Metropolitan Region,https://in.linkedin.com/jobs/view/etp-group-business-consultant-senior-business-consultant-at-etp-group-4450681323?position=7&pageNum=7&refId=npb%2FBLdFHxdZcB5txYwL9Q%3D%3D&trackingId=%2BIPE5grcSdNR%2B2W3SGzyzw%3D%3D,2026-08-21
"expedia group|principal technical program manager|gurgaon, haryana, india",Expedia Group,Principal Technical Program Manager,"Gurgaon, Haryana, India",https://in.linkedin.com/jobs/view/principal-technical-program-manager-at-expedia-group-4453516507?position=8&pageNum=7&refId=59E%2BQ4RsoELUdNgALJVcIg%3D%3D&trackingId=OgKdKdv%2BHxHI56e0dXEVIQ%3D%3D,2026-08-21
pocketpills|senior product manager (customer experience)|gurgaon,PocketPills,Senior Product Manager (Customer Experience),Gurgaon,https://www.instahyre.com/job-439238-senior-product-manager-customer-experience-at-pocketpills-gurgaon/,2026-08-21
payu|senior product manager - upi|mumbai,PayU,Senior Product Manager - UPI,Mumbai,https://www.instahyre.com/job-429787-senior-product-manager-upi-at-payu-mumbai/,2026-08-21
procter & gamble|digital product manager|mumbai metropolitan region,Procter & Gamble,Digital Product Manager,Mumbai Metropolitan Region,https://in.linkedin.com/jobs/view/digital-product-manager-at-procter-gamble-4434858504?position=6&pageNum=7&refId=UV0rECeJQsipWudvmOTYMA%3D%3D&trackingId=zxkltDLm7jWjhkC2ODXp2Q%3D%3D,2026-08-22
"dbs bank|senior associate, product manager – savings accounts, consumer banking group|mumbai metropolitan region",DBS Bank,"Senior Associate, Product Manager – Savings Accounts, Consumer Banking Group",Mumbai Metropolitan Region,https://in.linkedin.com/jobs/view/senior-associate-product-manager-%E2%80%93-savings-accounts-consumer-banking-group-at-dbs-bank-4443372252?position=7&pageNum=7&refId=UV0rECeJQsipWudvmOTYMA%3D%3D&trackingId=JLwRTXh6FlRIUmAq4shVkA%3D%3D,2026-08-22
"customer capital|sr. product manager|delhi, india",Customer Capital,Sr. Product Manager,"Delhi, India",https://in.linkedin.com/jobs/view/sr-product-manager-at-customer-capital-4454188627?position=10&pageNum=5&refId=%2FoK%2BIy%2FWcu%2FOiI57Ze6QQg%3D%3D&trackingId=6tMk3%2BCV%2BYW8JAlYkY0HYw%3D%3D,2026-08-22
"dbs bank|associate, digital product manager, consumer banking group|mumbai metropolitan region",DBS Bank,"Associate, Digital Product Manager, Consumer Banking Group",Mumbai Metropolitan Region,https://in.linkedin.com/jobs/view/associate-digital-product-manager-consumer-banking-group-at-dbs-bank-4454047667?position=8&pageNum=7&refId=R8GbGHMViMz23jxL6CMW5w%3D%3D&trackingId=6WCDAxPeip4GD%2FBv2b5mUQ%3D%3D,2026-08-22
"upes|brand manager|new delhi, delhi, india",UPES,Brand Manager,"New Delhi, Delhi, India",https://in.linkedin.com/jobs/view/brand-manager-at-upes-4454641108?position=6&pageNum=5&refId=NIu2Y9F%2F8T1bjzOBpgTBrA%3D%3D&trackingId=Pyp9AW0KuFn%2FS7Ymt4%2FBjA%3D%3D,2026-08-22
"marico limited|brand manager|mumbai, maharashtra, india",Marico Limited,Brand Manager,"Mumbai, Maharashtra, India",https://in.linkedin.com/jobs/view/brand-manager-at-marico-limited-4454641106?position=9&pageNum=0&refId=%2BciKr4eb5euVwKXY0ILSzg%3D%3D&trackingId=2vhYFD7JeZU5CzQW9GAemw%3D%3D,2026-08-22
"cartel bros private limited|brand manager|mumbai, maharashtra, india",Cartel Bros Private Limited,Brand Manager,"Mumbai, Maharashtra, India",https://in.linkedin.com/jobs/view/brand-manager-at-cartel-bros-private-limited-4457095070?position=1&pageNum=2&refId=%2Fjw4iDl2%2FxO3PNSdIv8GRg%3D%3D&trackingId=Z%2FjZ%2ByMABNJEZW%2BCUWR1Ew%3D%3D,2026-08-22
"laromani|assistant brand manager marketing|new delhi, delhi, india",Laromani,Assistant Brand Manager Marketing,"New Delhi, Delhi, India",https://in.linkedin.com/jobs/view/assistant-brand-manager-marketing-at-laromani-4455630458?position=2&pageNum=0&refId=BshoIKThlYTr7qcrW%2BHDSQ%3D%3D&trackingId=8gOlnr1yrQTj4pDuBbJ27w%3D%3D,2026-08-22
sun pharma|asst product manager|mumbai metropolitan region,SUN PHARMA,Asst Product Manager,Mumbai Metropolitan Region,https://in.linkedin.com/jobs/view/asst-product-manager-at-sun-pharma-4454129246?position=6&pageNum=2&refId=A34XsDXa0%2BaExN%2Ftx8ecjg%3D%3D&trackingId=BEuMbEOHb7YH7bhmScCurQ%3D%3D,2026-08-22
"accenture in india|gn-i&e- corporate strategy & growth- consultant|gurugram, haryana, india",Accenture in India,GN-I&E- Corporate Strategy & Growth- Consultant,"Gurugram, Haryana, India",https://in.linkedin.com/jobs/view/gn-i-e-corporate-strategy-growth-consultant-at-accenture-in-india-4455365654?position=3&pageNum=0&refId=%2BlsG8r%2BgZHedvzIxIiIAZQ%3D%3D&trackingId=SgZDQxW0gSp2XqcQKkvAyg%3D%3D,2026-08-22
"accenture in india|#acn s&c-gn-strategy-transaction advisory - consultant|gurugram, haryana, india",Accenture in India,#ACN S&C-GN-Strategy-Transaction Advisory - Consultant,"Gurugram, Haryana, India",https://in.linkedin.com/jobs/view/%23acn-s-c-gn-strategy-transaction-advisory-consultant-at-accenture-in-india-4448340124?position=3&pageNum=5&refId=WlD0cxnrLkTc9vCCnNsHHA%3D%3D&trackingId=1be3SJfhMJ5%2Fh0RD4zo8hQ%3D%3D,2026-08-22
"accenture in india|#acn s&c-gn-strategy- cvs - consultant|gurugram, haryana, india",Accenture in India,#ACN S&C-GN-Strategy- CVS - Consultant,"Gurugram, Haryana, India",https://in.linkedin.com/jobs/view/%23acn-s-c-gn-strategy-cvs-consultant-at-accenture-in-india-4455303674?position=2&pageNum=7&refId=u2s5WiQ2nMXH4pcl%2B6GGpw%3D%3D&trackingId=thuLlugtVYEpF2ExIgfmgQ%3D%3D,2026-08-22
"milliman|healthcare consultant|gurgaon, haryana, india",Milliman,Healthcare Consultant,"Gurgaon, Haryana, India",https://in.linkedin.com/jobs/view/healthcare-consultant-at-milliman-4429053139?position=7&pageNum=2&refId=%2BDkOTE3JDc9YiDitKrZFUA%3D%3D&trackingId=76LmqoDILlMMRC5d2M40aA%3D%3D,2026-08-22
"anaqua|business consultant (japanese speaking)|gurugram, haryana, india",Anaqua,Business Consultant (Japanese Speaking),"Gurugram, Haryana, India",https://in.linkedin.com/jobs/view/business-consultant-japanese-speaking-at-anaqua-4374550124?position=8&pageNum=2&refId=%2BDkOTE3JDc9YiDitKrZFUA%3D%3D&trackingId=bDy1ukoBCLKlidtuQSU9eQ%3D%3D,2026-08-22
"boat lifestyle|technical program manager|mumbai, maharashtra, india",boAt Lifestyle,Technical Program Manager,"Mumbai, Maharashtra, India",https://in.linkedin.com/jobs/view/technical-program-manager-at-boat-lifestyle-4446755080?position=5&pageNum=5&refId=I6Y107evoj86R7naKmIOMQ%3D%3D&trackingId=qjB%2F32rIcNzmz4I1eBXT7w%3D%3D,2026-08-22
auctionit|product manager|noida,AuctionIt,Product Manager,Noida,https://www.instahyre.com/job-439724-product-manager-at-auctionit-noida/,2026-08-22
engineo solutions|oracle netsuite implementation consultant|gurgaon,EngiNeo Solutions,Oracle NetSuite Implementation Consultant,Gurgaon,https://www.instahyre.com/job-439854-oracle-netsuite-implementation-consultant-at-engineo-solutions-gurgaon/,2026-08-22
